BEGIN;

INSERT INTO `visitor` (`id`, `first_name`, `last_name`, `age`, `email`, `phone`) VALUES
(1, 'Erin', 'Cooper', 59, 'robertruiz@example.org', '5602897395'),
(2, 'Richard', 'Stark', 63, 'gaguilar@example.org', '1868395300'),
(3, 'Kelly', 'Davis', 28, 'taylor55@example.org', '2535544065'),
(4, 'Thomas', 'Lutz', 21, 'xbaldwin@example.org', '1101342201'),
(5, 'Melinda', 'Reed', 58, 'jack86@example.org', '2648906450'),
(6, 'Colleen', 'Banks', 65, 'jonesjohn@example.org', '8952786196'),
(7, 'Megan', 'Hawkins', 37, 'davisrachel@example.com', '0344228746'),
(8, 'James', 'Rogers', 28, 'eadams@example.org', '5582969049'),
(9, 'Lauren', 'Allen', 25, 'raymond01@example.org', '6492849488'),
(10, 'Bryan', 'Cannon', 55, 'michaelramirez@example.com', '6806282182'),
(11, 'Douglas', 'Gonzalez', 54, 'steindanielle@example.org', '2446935227'),
(12, 'Michelle', 'Tucker', 46, 'vargasashley@example.com', '9254524137'),
(13, 'Tina', 'Ryan', 45, 'markwebb@example.com', '7689957181'),
(14, 'Stephanie', 'Sandoval', 69, 'lisa83@example.com', '6996280087'),
(15, 'Teresa', 'Anderson', 27, 'cschmidt@example.com', '3156309835'),
(16, 'Peter', 'Smith', 61, 'hramirez@example.org', '6357546003'),
(17, 'Kevin', 'Jimenez', 39, 'crystalnelson@example.com', '5566278155'),
(18, 'Allen', 'Harrell', 56, 'allison89@example.com', '2298376784'),
(19, 'Mary', 'Moreno', 24, 'stephenlopez@example.org', '9947187655'),
(20, 'Eddie', 'Robinson', 19, 'pfritz@example.net', '2853642019'),
(21, 'Elizabeth', 'Hernandez', 39, 'montoyasabrina@example.net', '9279950191'),
(22, 'Pamela', 'Richmond', 65, 'christopherhughes@example.org', '1388843171'),
(23, 'Lauren', 'Burgess', 45, 'whitejoel@example.org', '0391709933'),
(24, 'Natasha', 'Berg', 61, 'mclark@example.net', '8926946700'),
(25, 'Susan', 'Payne', 24, 'tnelson@example.org', '1587264055'),
(26, 'Carolyn', 'Perry', 42, 'curtisdoyle@example.com', '8989224143'),
(27, 'Robin', 'Murphy', 66, 'melissarandolph@example.com', '6095553039'),
(28, 'James', 'Hernandez', 21, 'tmurphy@example.net', '8035741906'),
(29, 'Jeremy', 'Campos', 21, 'vbruce@example.org', '3321676704'),
(30, 'Jennifer', 'Hale', 64, 'samuel74@example.com', '3243475748'),
(31, 'Edward', 'Hines', 46, 'cindy34@example.net', '8020333163'),
(32, 'Melissa', 'Martinez', 31, 'suarezhenry@example.org', '8147835215'),
(33, 'Wendy', 'Rogers', 22, 'fischermichael@example.com', '1889214447'),
(34, 'Derrick', 'Murray', 51, 'boydglenn@example.com', '3531331587'),
(35, 'Casey', 'Smith', 36, 'waltersmichael@example.com', '6937395854'),
(36, 'Kimberly', 'Gill', 44, 'pwilliams@example.com', '5693896121'),
(37, 'Marcus', 'Hall', 35, 'mcdonaldann@example.com', '4845941762'),
(38, 'Samantha', 'Gonzalez', 36, 'ugreen@example.net', '4774380168'),
(39, 'James', 'Schwartz', 62, 'rcastillo@example.net', '2807296949'),
(40, 'Tyler', 'Davis', 66, 'erobinson@example.com', '3318034588'),
(41, 'Jennifer', 'Guzman', 26, 'paulparker@example.net', '7432522573'),
(42, 'Raymond', 'Park', 68, 'blakeshort@example.org', '9593730339'),
(43, 'Shawn', 'Griffith', 23, 'yperry@example.net', '4637236767'),
(44, 'Lisa', 'Hendricks', 64, 'tammy76@example.org', '0496738683'),
(45, 'Timothy', 'Reyes', 19, 'umaynard@example.net', '4483452616'),
(46, 'Michael', 'Taylor', 69, 'josephhumphrey@example.com', '0991184700'),
(47, 'Willie', 'Potts', 61, 'douglasrichard@example.com', '9029794675'),
(48, 'Kelly', 'Powell', 39, 'joshuaarnold@example.net', '1834846199'),
(49, 'Steven', 'Smith', 70, 'spencerdonald@example.net', '8670047355'),
(50, 'Patty', 'Johnson', 27, 'vbriggs@example.com', '2081150348'),
(51, 'Kathleen', 'Shields', 33, 'afoster@example.org', '0462259286'),
(52, 'Taylor', 'Adams', 24, 'georgeromero@example.org', '0075341736'),
(53, 'Jeremy', 'Lopez', 25, 'mikeperkins@example.net', '2967527789'),
(54, 'Danny', 'Smith', 27, 'laura88@example.net', '0670908609'),
(55, 'Dawn', 'Ewing', 20, 'fernandomason@example.com', '4854980756'),
(56, 'Brandon', 'Walsh', 25, 'jessicahood@example.org', '2317382884'),
(57, 'Alex', 'Smith', 69, 'harrismolly@example.com', '3593829747'),
(58, 'Matthew', 'Davis', 69, 'sandovalkurt@example.net', '6406730438'),
(59, 'Jon', 'Collier', 31, 'kelleybrittany@example.net', '9732980334'),
(60, 'Brooke', 'Robinson', 62, 'christopherthomas@example.net', '7799717594'),
(61, 'Michelle', 'Trevino', 48, 'eschultz@example.com', '0778464078'),
(62, 'Bethany', 'Anderson', 50, 'jamesjones@example.com', '6790089370'),
(63, 'Peter', 'Jackson', 27, 'bennettemily@example.org', '1086669420'),
(64, 'Rodney', 'Burnett', 48, 'pjimenez@example.com', '0982944768'),
(65, 'Michael', 'Raymond', 31, 'levigilbert@example.com', '6998550225'),
(66, 'Kevin', 'Snyder', 26, 'prattshane@example.com', '2468724807'),
(67, 'Samuel', 'Thomas', 47, 'jocelyn48@example.com', '3576580766'),
(68, 'Timothy', 'Hall', 61, 'charles44@example.com', '1619326949'),
(69, 'Aaron', 'White', 66, 'alyssamccall@example.net', '4861687911'),
(70, 'Erik', 'Terry', 33, 'cardenaswendy@example.net', '1162767549'),
(71, 'Jeremy', 'Williams', 36, 'tonimoore@example.org', '9121992320'),
(72, 'Douglas', 'Taylor', 44, 'vazquezjulie@example.net', '6284295978'),
(73, 'Dorothy', 'Solis', 31, 'steven56@example.org', '0392549820'),
(74, 'Melissa', 'Jones', 49, 'moranlisa@example.com', '3978788572'),
(75, 'Paul', 'Evans', 69, 'amy75@example.com', '7932066385'),
(76, 'Angela', 'Hammond', 33, 'zmaddox@example.net', '2032829386'),
(77, 'Karen', 'Jones', 23, 'jeffreyrivera@example.net', '5517910554'),
(78, 'James', 'Peterson', 30, 'uwalker@example.net', '0658623307'),
(79, 'Anthony', 'Chan', 20, 'kara09@example.com', '2509337516'),
(80, 'Carol', 'Hunter', 49, 'vcox@example.net', '6760181114'),
(81, 'Katrina', 'Bryant', 37, 'erin23@example.net', '0136650731'),
(82, 'Jill', 'Vazquez', 70, 'trodriguez@example.com', '6948430591'),
(83, 'Stacy', 'Key', 35, 'andreawashington@example.net', '5169052780'),
(84, 'Michael', 'Rollins', 67, 'awillis@example.com', '5050649103'),
(85, 'Jeremy', 'Bowman', 39, 'antoniosmith@example.net', '8627805050'),
(86, 'Austin', 'Cook', 53, 'tracihardy@example.net', '2471982138'),
(87, 'Frank', 'Clark', 23, 'marycoleman@example.org', '0195471508'),
(88, 'Lucas', 'Daniel', 68, 'sandrawilson@example.net', '3491413980'),
(89, 'James', 'Davis', 29, 'anoble@example.com', '6382324749'),
(90, 'Crystal', 'Baird', 64, 'tvilla@example.com', '9077906531'),
(91, 'Anthony', 'Howe', 65, 'rhonda12@example.com', '5263002493'),
(92, 'Logan', 'Chen', 50, 'awarner@example.com', '2738304362'),
(93, 'Walter', 'West', 56, 'erica96@example.com', '9027405317'),
(94, 'Brandon', 'Lopez', 21, 'julia97@example.com', '3660024328'),
(95, 'Carolyn', 'Johnson', 68, 'renee24@example.net', '7568574410'),
(96, 'Susan', 'Clay', 58, 'susan56@example.org', '8781459185'),
(97, 'Renee', 'Griffin', 28, 'utodd@example.com', '2938893367'),
(98, 'Alison', 'Carpenter', 37, 'utorres@example.net', '5309394113'),
(99, 'Nicole', 'Li', 42, 'catherine02@example.org', '0680358376'),
(100, 'Stephanie', 'Johnson', 32, 'michael55@example.net', '4099113000'),
(101, 'Emily', 'Miller', 40, 'iwiggins@example.com', '9167954020'),
(102, 'Christian', 'Nguyen', 38, 'kinggloria@example.com', '0720007416'),
(103, 'Charles', 'Campbell', 19, 'vincentfisher@example.com', '5329257282'),
(104, 'Tyler', 'Cruz', 67, 'callen@example.com', '9094122854'),
(105, 'Joseph', 'Gibson', 59, 'matthew47@example.com', '0973279172'),
(106, 'George', 'Bailey', 50, 'fwood@example.org', '0166814399'),
(107, 'Joshua', 'Lee', 47, 'susanmitchell@example.net', '7211287166'),
(108, 'Thomas', 'Nicholson', 67, 'torresjustin@example.net', '0096707691'),
(109, 'Margaret', 'Kirk', 34, 'amymiller@example.net', '4102558152'),
(110, 'Maurice', 'Allen', 66, 'amyreese@example.org', '2098214730'),
(111, 'Jennifer', 'Lee', 48, 'xhicks@example.org', '7192451330'),
(112, 'Scott', 'Garrett', 55, 'justinroberts@example.org', '2452763429'),
(113, 'Timothy', 'Jacobson', 44, 'misty33@example.org', '4897982647'),
(114, 'Anthony', 'Williams', 45, 'dpowell@example.com', '3666388239'),
(115, 'Andrew', 'Carter', 67, 'laceygarza@example.net', '2549263311'),
(116, 'David', 'Davis', 36, 'johnsonalexander@example.net', '1852112889'),
(117, 'Amy', 'Long', 32, 'shafferbrett@example.net', '2403490096'),
(118, 'Evelyn', 'Pearson', 43, 'vstephenson@example.org', '2532149258'),
(119, 'Preston', 'Peterson', 34, 'vvega@example.com', '5619091544'),
(120, 'Mary', 'Smith', 49, 'orrregina@example.org', '7128982653'),
(121, 'Erika', 'Powell', 60, 'bernardchristopher@example.org', '1815716009'),
(122, 'Amy', 'Moore', 32, 'martinezjeremiah@example.org', '5849170272'),
(123, 'Haley', 'Baker', 68, 'zperry@example.com', '2303517045'),
(124, 'Angela', 'Roberts', 18, 'stephaniemccoy@example.net', '0770976851'),
(125, 'Jerry', 'Jackson', 65, 'john61@example.com', '5287624197'),
(126, 'William', 'Reed', 68, 'xjones@example.com', '1880769818'),
(127, 'Carl', 'Bell', 41, 'joseph32@example.net', '0455690822'),
(128, 'Joseph', 'Terry', 70, 'smithchase@example.org', '1948048048'),
(129, 'Dylan', 'Lopez', 21, 'yfleming@example.net', '0581020534'),
(130, 'Jessica', 'Young', 53, 'cobbrichard@example.net', '6581615418'),
(131, 'Dana', 'Arnold', 48, 'gregorywebster@example.com', '4065371691'),
(132, 'Brittany', 'Lopez', 55, 'hillbrandon@example.com', '2501651319'),
(133, 'Marcus', 'Collins', 65, 'stephenrichardson@example.com', '9155566691'),
(134, 'Karen', 'Oconnor', 45, 'duncanwhitney@example.net', '6981923849'),
(135, 'Jason', 'Duncan', 32, 'davisjanice@example.net', '4498563904'),
(136, 'Sierra', 'Hughes', 58, 'amy04@example.org', '5580082889'),
(137, 'Amber', 'Nolan', 37, 'brittany97@example.org', '6380186175'),
(138, 'Margaret', 'Dunn', 54, 'mathisheidi@example.org', '6595715355'),
(139, 'Christopher', 'James', 37, 'greenrobert@example.com', '2904730445'),
(140, 'Pamela', 'Roberts', 39, 'triciathomas@example.net', '9244609163'),
(141, 'Kathryn', 'Green', 43, 'jgates@example.net', '7120754929'),
(142, 'Allison', 'Hall', 35, 'emilylevy@example.net', '9940876937'),
(143, 'Amanda', 'Parks', 61, 'ecampos@example.org', '4359349019'),
(144, 'Brandon', 'Bass', 63, 'taylordiana@example.net', '8126067091'),
(145, 'Tabitha', 'Anderson', 57, 'dianalarson@example.com', '9041784578'),
(146, 'Tyler', 'Scott', 55, 'gonzalezcrystal@example.org', '9215071091'),
(147, 'Jennifer', 'Wallace', 19, 'landryandre@example.org', '1400238957'),
(148, 'Jamie', 'Clark', 51, 'adam42@example.net', '8652820332'),
(149, 'Anthony', 'Robertson', 25, 'umartin@example.com', '8043895302'),
(150, 'Jeanette', 'Brown', 35, 'qbell@example.net', '4492858015'),
(151, 'Jessica', 'Hill', 33, 'nathanhill@example.org', '7036026795'),
(152, 'Kristen', 'Long', 44, 'patriciasmith@example.net', '2432568766'),
(153, 'Natalie', 'Martinez', 21, 'davidmoody@example.com', '3672455200'),
(154, 'Michael', 'Koch', 69, 'andrew58@example.org', '3213604792'),
(155, 'Eric', 'Powell', 65, 'terri28@example.com', '5379889850'),
(156, 'Jason', 'Walker', 38, 'figueroajennifer@example.org', '7275375783'),
(157, 'Anne', 'Ingram', 68, 'louis37@example.com', '3100411773'),
(158, 'Tony', 'Lewis', 19, 'haley58@example.org', '2059720316'),
(159, 'Jeff', 'Villanueva', 54, 'sjordan@example.com', '1049770909'),
(160, 'Joshua', 'Johnson', 35, 'spalmer@example.net', '6960292211'),
(161, 'Taylor', 'Mckee', 26, 'brosales@example.org', '2452706757'),
(162, 'Joseph', 'Fernandez', 29, 'cruzrichard@example.com', '9006635242'),
(163, 'Adam', 'Parrish', 28, 'webbtheodore@example.net', '5076698550'),
(164, 'Kenneth', 'Archer', 23, 'hudsontracy@example.org', '1044259542'),
(165, 'Emily', 'Taylor', 66, 'charlesjones@example.org', '9649900678'),
(166, 'Andrew', 'Ramirez', 55, 'ybeard@example.com', '1623111282'),
(167, 'Tony', 'Jones', 26, 'ihernandez@example.com', '3806602747'),
(168, 'Karina', 'Blankenship', 41, 'nhall@example.com', '4240391795'),
(169, 'Melissa', 'Shaw', 55, 'crawfordchristopher@example.com', '6018830234'),
(170, 'Edwin', 'Pierce', 39, 'lynchlinda@example.com', '3123551286'),
(171, 'Donald', 'Meyer', 36, 'gomezadam@example.net', '7796597588'),
(172, 'Jeffrey', 'Frey', 65, 'sydney46@example.net', '7801365810'),
(173, 'Kimberly', 'Lee', 51, 'martinwendy@example.com', '5054360409'),
(174, 'Mary', 'Stuart', 21, 'milleralex@example.com', '7321854675'),
(175, 'Oscar', 'Mccarthy', 24, 'hburns@example.net', '2029586395'),
(176, 'Yolanda', 'Watson', 31, 'erica29@example.com', '8972468809'),
(177, 'Loretta', 'Guzman', 63, 'rmartin@example.com', '9819074995'),
(178, 'Tammy', 'Andrews', 69, 'mwilliams@example.com', '6588941360'),
(179, 'Julia', 'Forbes', 47, 'harrismelanie@example.com', '0096641263'),
(180, 'Michelle', 'Cox', 70, 'crystalalvarez@example.com', '1189976431'),
(181, 'Katherine', 'Mason', 31, 'mperkins@example.org', '6105106540'),
(182, 'Bobby', 'Cooper', 51, 'hwhite@example.org', '9608306277'),
(183, 'Danielle', 'Vang', 46, 'joanne81@example.org', '3765778969'),
(184, 'Amy', 'Ramsey', 24, 'qpadilla@example.org', '5245823480'),
(185, 'Nicole', 'Mcgee', 22, 'ucastro@example.org', '5090364948'),
(186, 'Marissa', 'Murphy', 59, 'ucox@example.net', '1584730674'),
(187, 'Michael', 'Rogers', 50, 'anthonydavidson@example.net', '0777150604'),
(188, 'Adam', 'Campbell', 46, 'christopher11@example.com', '5551200156'),
(189, 'Jade', 'Matthews', 70, 'rogerswilliam@example.com', '4466453224'),
(190, 'Amanda', 'Osborne', 52, 'geraldhughes@example.net', '0371572829'),
(191, 'Joe', 'Silva', 35, 'ashleyshea@example.org', '9301259338'),
(192, 'Clayton', 'Brown', 41, 'kramerdawn@example.com', '6927286082'),
(193, 'Laura', 'Cherry', 28, 'hardingsusan@example.com', '5616675812'),
(194, 'Adam', 'Cochran', 25, 'royjames@example.net', '1807112300'),
(195, 'David', 'Brown', 58, 'april57@example.net', '9507584371'),
(196, 'Maureen', 'Ho', 69, 'idavis@example.org', '0619671059'),
(197, 'Lisa', 'Watson', 25, 'michael83@example.org', '6192024740'),
(198, 'Juan', 'Ball', 66, 'robintapia@example.org', '9904436137'),
(199, 'Michael', 'Paul', 49, 'lauramay@example.net', '5594503890'),
(200, 'Gary', 'Alvarado', 47, 'tracy93@example.com', '1563419612'),
(201, 'Veronica', 'Hill', 55, 'debbie63@example.org', '0759972492'),
(202, 'Brittney', 'Benitez', 24, 'clarkdaniel@example.net', '0157593356'),
(203, 'Thomas', 'Medina', 20, 'anelson@example.org', '1512095049'),
(204, 'Becky', 'Stewart', 46, 'boltonmichael@example.org', '2505600352'),
(205, 'Ann', 'Melendez', 56, 'wanda05@example.net', '0478154670'),
(206, 'Michael', 'Brown', 58, 'simmonskatherine@example.com', '1353409450'),
(207, 'Kevin', 'Smith', 28, 'lewismichael@example.com', '3800791111'),
(208, 'Laura', 'Martin', 39, 'oortiz@example.org', '4237269364'),
(209, 'Tracy', 'Wang', 27, 'comptondebra@example.org', '1155568719'),
(210, 'Wanda', 'Wells', 65, 'smithsheila@example.net', '2967888313'),
(211, 'Carolyn', 'Ruiz', 38, 'jwright@example.com', '9864183563'),
(212, 'Christopher', 'Morrison', 59, 'ericsimon@example.com', '0534198416'),
(213, 'Nicholas', 'Monroe', 38, 'kellerlisa@example.net', '7101200174'),
(214, 'Andrea', 'Wallace', 22, 'ricardo82@example.org', '6028367650'),
(215, 'Nancy', 'Gill', 39, 'wayne07@example.org', '6544767905'),
(216, 'Laura', 'Carpenter', 63, 'pkrueger@example.net', '7730975618'),
(217, 'Shane', 'Pittman', 63, 'william49@example.com', '5875923700'),
(218, 'Michael', 'Griffith', 55, 'rebeccastanley@example.org', '6348667628'),
(219, 'Andrew', 'Perez', 68, 'wolfchristopher@example.net', '2565608611'),
(220, 'William', 'Mahoney', 56, 'aaron07@example.net', '2510501637'),
(221, 'Heather', 'Clarke', 24, 'marclucas@example.net', '0792688509'),
(222, 'Selena', 'Spencer', 55, 'fking@example.org', '3639971999'),
(223, 'Isaiah', 'Smith', 21, 'matthew39@example.com', '2332203929'),
(224, 'Mary', 'Wright', 36, 'larsoncody@example.net', '3527929662'),
(225, 'Kathleen', 'Fernandez', 62, 'wilsondesiree@example.org', '4011673019'),
(226, 'Mitchell', 'Todd', 18, 'cheyenne13@example.org', '6866750009'),
(227, 'Kristen', 'Moss', 54, 'robert85@example.org', '7991498993'),
(228, 'Chad', 'Romero', 60, 'hleonard@example.com', '9514884770'),
(229, 'Allen', 'Graham', 51, 'tiffany57@example.org', '5022408354'),
(230, 'Danielle', 'Keith', 63, 'ovelasquez@example.com', '3608821568'),
(231, 'Jimmy', 'Griffin', 32, 'ksosa@example.net', '2521598381'),
(232, 'David', 'Allison', 64, 'pcastaneda@example.net', '0205518960'),
(233, 'Cheryl', 'Sanders', 34, 'daniel80@example.org', '6702604811'),
(234, 'Katelyn', 'Love', 44, 'adamsmith@example.com', '8413634803'),
(235, 'Ricky', 'Gentry', 26, 'bakerapril@example.com', '6106606121'),
(236, 'Jeffrey', 'Mcclure', 67, 'timothyjohnson@example.com', '5322296374'),
(237, 'Christine', 'West', 20, 'stephenallen@example.net', '0982691607'),
(238, 'Christine', 'Fisher', 38, 'jadams@example.org', '2137637918'),
(239, 'Robert', 'Solis', 33, 'mbenson@example.net', '8186935583'),
(240, 'Marcus', 'Reid', 56, 'amanda70@example.com', '2911719061'),
(241, 'Melissa', 'Carr', 61, 'nicholasreese@example.org', '1637897154'),
(242, 'William', 'Herman', 32, 'anthonymccall@example.net', '5875915464'),
(243, 'Leslie', 'Russo', 29, 'vstewart@example.com', '1625168339'),
(244, 'Gerald', 'Mccarty', 34, 'kirbysummer@example.org', '7454745387'),
(245, 'Derrick', 'Becker', 65, 'tammyrobinson@example.com', '7405485016'),
(246, 'Erin', 'Rogers', 61, 'carriedavis@example.net', '9845037860'),
(247, 'Alexandra', 'Smith', 51, 'kevin92@example.net', '9533734206'),
(248, 'Jane', 'Hampton', 43, 'mary01@example.org', '8925375117'),
(249, 'James', 'Webb', 58, 'mary59@example.net', '3703135972'),
(250, 'Melinda', 'Oliver', 47, 'heathergarcia@example.com', '8264561872'),
(251, 'James', 'Brown', 45, 'joannaburgess@example.org', '2081542669'),
(252, 'Beth', 'Bowers', 62, 'shirleyhowell@example.com', '6556503717'),
(253, 'Jacob', 'Taylor', 40, 'wendycarroll@example.net', '1671113765'),
(254, 'Ernest', 'Williams', 67, 'youngbrandon@example.org', '3373492782'),
(255, 'Richard', 'Jackson', 66, 'veronicaadams@example.net', '7093520795'),
(256, 'Tonya', 'Hart', 55, 'jason81@example.com', '3133333111'),
(257, 'Amy', 'Finley', 42, 'maynardjared@example.net', '5631940022'),
(258, 'Jessica', 'Gutierrez', 22, 'katelynwalker@example.net', '4319995046'),
(259, 'Monica', 'Maxwell', 20, 'johnsonmichael@example.net', '4970617869'),
(260, 'Ray', 'Bailey', 59, 'williamjohnson@example.net', '5533681804'),
(261, 'Patty', 'Rivera', 51, 'hubbardrebecca@example.org', '6477436072'),
(262, 'Paula', 'Perez', 40, 'fernandezmark@example.org', '0854246756'),
(263, 'Rodney', 'Hoffman', 20, 'katiecarlson@example.net', '5159078082'),
(264, 'Eric', 'Jimenez', 33, 'hansonkerri@example.com', '3043557698'),
(265, 'Wesley', 'Wilson', 48, 'seanbriggs@example.net', '3182979294'),
(266, 'John', 'Gonzalez', 62, 'eperry@example.org', '5830167777'),
(267, 'Cody', 'Kennedy', 25, 'christopher26@example.org', '8518180625'),
(268, 'Matthew', 'Bush', 27, 'grossbenjamin@example.org', '7754141325'),
(269, 'Antonio', 'Lopez', 25, 'boothsamuel@example.net', '1786686326'),
(270, 'Mark', 'Potter', 19, 'melaniedavies@example.org', '2444806711'),
(271, 'Jessica', 'Turner', 20, 'carolineross@example.com', '3304665657'),
(272, 'Abigail', 'Mcgee', 26, 'fgarrett@example.com', '0358365556'),
(273, 'Susan', 'Baker', 45, 'bairdvincent@example.org', '9645544508'),
(274, 'Richard', 'Cummings', 60, 'andrewguerra@example.net', '7980258759'),
(275, 'Kathryn', 'Walsh', 44, 'rosestephanie@example.org', '5747590599'),
(276, 'Samuel', 'Young', 34, 'jonathan06@example.net', '5252943365'),
(277, 'Suzanne', 'Tyler', 34, 'marcia62@example.net', '3662900032'),
(278, 'Cindy', 'Washington', 43, 'yupaul@example.com', '0153158647'),
(279, 'Timothy', 'Hernandez', 31, 'mnelson@example.com', '3915247262'),
(280, 'Adam', 'Fowler', 25, 'janetanderson@example.com', '1377501470'),
(281, 'Derrick', 'Thompson', 32, 'morgandavid@example.com', '1272151469'),
(282, 'Thomas', 'Lopez', 41, 'torresgabrielle@example.net', '2324345163'),
(283, 'Holly', 'Murphy', 20, 'wmadden@example.org', '2832949327'),
(284, 'Bradley', 'Carter', 55, 'jasonscott@example.org', '2012692520'),
(285, 'John', 'Welch', 18, 'gford@example.com', '2089394016'),
(286, 'Brandy', 'Lang', 34, 'carla46@example.com', '4959285620'),
(287, 'Steve', 'Green', 46, 'jeremymiller@example.org', '5930569484'),
(288, 'Douglas', 'James', 24, 'ortizcaitlin@example.net', '8368529690'),
(289, 'Michelle', 'Morrison', 54, 'channichole@example.com', '0381088324'),
(290, 'Kaitlyn', 'Hill', 45, 'igilbert@example.org', '3330898544'),
(291, 'Kimberly', 'Hicks', 36, 'paulcastillo@example.net', '7987374895'),
(292, 'Hannah', 'Massey', 24, 'laurareid@example.net', '0533653752'),
(293, 'Devin', 'Esparza', 42, 'jward@example.net', '2968475949'),
(294, 'Jared', 'Owen', 69, 'gary70@example.org', '5103743194'),
(295, 'Benjamin', 'Williams', 65, 'jeffwilliams@example.net', '8641308914'),
(296, 'John', 'Holland', 59, 'alexander39@example.com', '9254894113'),
(297, 'Emily', 'Miller', 50, 'mvalencia@example.com', '3824135227'),
(298, 'Amy', 'Morton', 34, 'bscott@example.org', '6389353591'),
(299, 'Jessica', 'Hill', 51, 'michelle47@example.org', '8832858462'),
(300, 'Wesley', 'Kim', 18, 'qrobbins@example.org', '1991403650'),
(301, 'Katie', 'Morton', 60, 'melissa09@example.net', '7696532061'),
(302, 'Jesse', 'Johnson', 55, 'markcarr@example.com', '9496641027'),
(303, 'Angela', 'Chapman', 18, 'anthonysmith@example.com', '1387262720'),
(304, 'Robert', 'Callahan', 64, 'michael10@example.net', '6141686673'),
(305, 'Jeremy', 'Boyer', 58, 'jeremiah96@example.com', '6485592533'),
(306, 'Douglas', 'Burke', 68, 'mary01@example.com', '5889606626'),
(307, 'Nicole', 'Moore', 55, 'kendra45@example.org', '6303453479'),
(308, 'Sean', 'James', 28, 'powellrebecca@example.com', '5129476253'),
(309, 'Peter', 'Mejia', 47, 'wilkinsonjames@example.com', '9084404601'),
(310, 'Julie', 'Osborn', 58, 'mlopez@example.com', '7915535795'),
(311, 'Frank', 'Johnson', 29, 'slee@example.net', '3776046584'),
(312, 'Kayla', 'Wilson', 36, 'kleinfranklin@example.org', '6450251398'),
(313, 'Laura', 'Mccoy', 40, 'rodriguezmartin@example.com', '0670239913'),
(314, 'Elizabeth', 'Wilson', 43, 'evansdavid@example.net', '6062963394'),
(315, 'Christina', 'Williams', 25, 'flogan@example.net', '8451902373'),
(316, 'Nichole', 'Spence', 24, 'emily21@example.com', '9124699223'),
(317, 'Roger', 'Johnson', 45, 'llarson@example.com', '5599371288'),
(318, 'Lori', 'Barber', 47, 'sfoster@example.com', '0157250631'),
(319, 'Ryan', 'Prince', 49, 'jacquelineperkins@example.org', '8197943078'),
(320, 'Andre', 'Shaw', 24, 'normanwilliam@example.com', '6577289210'),
(321, 'Virginia', 'Gross', 37, 'kevin53@example.net', '1968683137'),
(322, 'Andrew', 'White', 40, 'brownjulie@example.org', '3418501650'),
(323, 'Erika', 'Smith', 62, 'jordanlarson@example.net', '9403178207'),
(324, 'David', 'Jones', 45, 'sdeleon@example.net', '1976963822'),
(325, 'Nancy', 'Gillespie', 50, 'grose@example.com', '2922825261'),
(326, 'Louis', 'Dunn', 28, 'dwilson@example.net', '5085098557'),
(327, 'Maria', 'Richardson', 39, 'xwalsh@example.org', '1004814731'),
(328, 'Luis', 'Hill', 60, 'johnwilson@example.org', '9858081905'),
(329, 'Craig', 'Hill', 34, 'smithdana@example.com', '3511314716'),
(330, 'Manuel', 'Molina', 29, 'jamiemolina@example.net', '2146975507'),
(331, 'Jason', 'Lyons', 32, 'rachel71@example.net', '3377751941'),
(332, 'Erik', 'Smith', 37, 'kelly09@example.org', '6321526167'),
(333, 'Tyler', 'Sullivan', 32, 'nelsonjames@example.org', '9423389804'),
(334, 'Jeffery', 'Miller', 18, 'dianesmith@example.com', '2286689043'),
(335, 'James', 'Duran', 27, 'uking@example.net', '5355199940'),
(336, 'Randall', 'Ross', 32, 'marcus96@example.net', '5841582278'),
(337, 'William', 'Mills', 45, 'gailpowell@example.com', '5932371678'),
(338, 'Richard', 'Schultz', 23, 'imiller@example.com', '5977466970'),
(339, 'Jennifer', 'Miller', 70, 'johnmcintosh@example.net', '4220478342'),
(340, 'Tammy', 'Brown', 68, 'stevemitchell@example.com', '7127694879'),
(341, 'Tina', 'Glover', 25, 'walkerjamie@example.org', '4538488180'),
(342, 'Elizabeth', 'Watts', 35, 'dmitchell@example.net', '0540246337'),
(343, 'Jeffrey', 'Blair', 28, 'holmesmargaret@example.net', '0770303707'),
(344, 'Jason', 'Ingram', 59, 'vanessamclaughlin@example.com', '8889069571'),
(345, 'Angela', 'Lopez', 33, 'nicholas08@example.net', '3562550913'),
(346, 'Erika', 'Welch', 69, 'harriskaren@example.net', '3268041549'),
(347, 'Derek', 'Anderson', 61, 'ethompson@example.net', '5552791810'),
(348, 'Martin', 'Lloyd', 18, 'lwilliams@example.org', '4758210301'),
(349, 'Kenneth', 'George', 36, 'hgarcia@example.com', '4127874910'),
(350, 'Andrew', 'Smith', 35, 'youngtiffany@example.org', '0617670556'),
(351, 'Edgar', 'Wilson', 70, 'abecker@example.net', '6733695323'),
(352, 'Christopher', 'Horton', 54, 'halejay@example.com', '5359476868'),
(353, 'Elijah', 'Donaldson', 48, 'tday@example.net', '8896878712'),
(354, 'Larry', 'Butler', 65, 'obaxter@example.org', '2756526849'),
(355, 'Kristie', 'Bernard', 33, 'robertmelendez@example.org', '8584154345'),
(356, 'James', 'Rose', 68, 'jason39@example.com', '9582714864'),
(357, 'Bryan', 'Christensen', 29, 'brian07@example.net', '8240133638'),
(358, 'Jerry', 'Cox', 30, 'welliott@example.com', '2444270487'),
(359, 'Jillian', 'Hanson', 27, 'wilsonclarence@example.com', '4100600220'),
(360, 'Mary', 'Espinoza', 65, 'brookeramos@example.org', '3355910935'),
(361, 'Trevor', 'Marquez', 69, 'wvega@example.net', '4344077991'),
(362, 'Julia', 'Smith', 24, 'tamara51@example.net', '7012736860'),
(363, 'Brian', 'Ward', 42, 'sgonzalez@example.net', '6065984110'),
(364, 'Rebecca', 'Petty', 63, 'john09@example.net', '3179703583'),
(365, 'Chris', 'Olson', 35, 'yangdennis@example.org', '7611745690'),
(366, 'Michael', 'Bennett', 70, 'katrina48@example.org', '8530184324'),
(367, 'Emily', 'Sanders', 25, 'darlenewiley@example.com', '6889721266'),
(368, 'Gwendolyn', 'Garcia', 55, 'deborahphelps@example.org', '7013558906'),
(369, 'Jennifer', 'Cook', 69, 'susan91@example.com', '9304902839'),
(370, 'Steven', 'Joyce', 37, 'mary55@example.net', '1364486170'),
(371, 'Janice', 'Peters', 18, 'devin86@example.net', '5092388320'),
(372, 'Joshua', 'Abbott', 60, 'kevinmartinez@example.org', '3058273585'),
(373, 'John', 'Pollard', 40, 'welchharry@example.org', '9816431005'),
(374, 'Christopher', 'Smith', 50, 'michael08@example.com', '8752808453'),
(375, 'Brandi', 'Smith', 51, 'williamboyer@example.org', '7469398653'),
(376, 'Antonio', 'Nunez', 31, 'joseph13@example.net', '3747885172'),
(377, 'Jesse', 'Garcia', 49, 'sarah06@example.net', '6525295850'),
(378, 'Lisa', 'Graves', 51, 'kennedymegan@example.net', '1098591177'),
(379, 'Susan', 'Perkins', 35, 'martinjoshua@example.net', '2541325247'),
(380, 'Joanna', 'Roberts', 26, 'deniseryan@example.net', '4693284852'),
(381, 'Mark', 'Juarez', 27, 'karenmcguire@example.com', '1218522123'),
(382, 'Laurie', 'Johnston', 42, 'uhansen@example.org', '7970245267'),
(383, 'Heather', 'Griffith', 36, 'schurch@example.org', '2821412688'),
(384, 'Scott', 'Smith', 45, 'jcarter@example.org', '7940608424'),
(385, 'Carl', 'Medina', 68, 'palmerjason@example.net', '1501671101'),
(386, 'Kerri', 'Rich', 40, 'robert52@example.org', '7341379577'),
(387, 'Bradley', 'Dudley', 37, 'martinkevin@example.net', '9124298495'),
(388, 'Elizabeth', 'Brown', 38, 'crystal42@example.org', '9885020305'),
(389, 'Robert', 'Ingram', 53, 'isabella43@example.net', '4947161510'),
(390, 'Kyle', 'Roberts', 48, 'deborahpatton@example.org', '5073485049'),
(391, 'Alexandra', 'Coleman', 47, 'vanessagriffith@example.net', '9391848811'),
(392, 'Eric', 'Terrell', 30, 'shannon98@example.net', '6016094888'),
(393, 'David', 'Short', 49, 'vayers@example.net', '5083554404'),
(394, 'Melissa', 'Beck', 39, 'elopez@example.org', '5937434754'),
(395, 'Michelle', 'Bradley', 21, 'timothyfrench@example.net', '3343965400'),
(396, 'Angela', 'Lawrence', 65, 'thomasmichelle@example.com', '3816600810'),
(397, 'William', 'Nguyen', 58, 'smithchristopher@example.com', '5371372432'),
(398, 'Susan', 'Morse', 63, 'wilsoncatherine@example.org', '7116130207'),
(399, 'Andre', 'Wheeler', 59, 'faulknerelizabeth@example.net', '0162619651'),
(400, 'Jason', 'Watkins', 61, 'kingcarla@example.com', '8134731209'),
(401, 'Paul', 'Zhang', 59, 'branchkimberly@example.net', '1256665761'),
(402, 'James', 'Beck', 25, 'ssmith@example.net', '6023141525'),
(403, 'Melissa', 'Reed', 44, 'hannahacosta@example.org', '4939124849'),
(404, 'Jessica', 'Garcia', 20, 'wdorsey@example.com', '9196139330'),
(405, 'Anna', 'Hernandez', 27, 'lopeztiffany@example.com', '2645125532'),
(406, 'Linda', 'Glover', 64, 'haleymichaela@example.com', '2509837681'),
(407, 'David', 'Serrano', 35, 'charles94@example.com', '6013549325'),
(408, 'Tanner', 'Johnson', 64, 'gravesalejandro@example.com', '7918542306'),
(409, 'Mary', 'Wilson', 34, 'shannon95@example.net', '9614399880'),
(410, 'Patrick', 'Blevins', 52, 'qlee@example.com', '3749778011'),
(411, 'Aaron', 'Good', 44, 'reyesamanda@example.org', '0539540458'),
(412, 'Joyce', 'Houston', 44, 'justinyoung@example.org', '7670000721'),
(413, 'Jessica', 'Brady', 31, 'melindamontgomery@example.net', '9385078374'),
(414, 'Mary', 'Mathews', 58, 'ejohnson@example.net', '4292982962'),
(415, 'Kimberly', 'Perez', 18, 'richardcallahan@example.net', '8767180777'),
(416, 'April', 'Martin', 39, 'mgonzales@example.com', '3468717950'),
(417, 'Amy', 'Farmer', 50, 'steven94@example.net', '6312650276'),
(418, 'Katie', 'Brady', 56, 'anthonymyers@example.net', '2553277716'),
(419, 'Chelsea', 'Baker', 36, 'amberrodriguez@example.org', '3711894306'),
(420, 'Stanley', 'Estrada', 57, 'lawrenceadams@example.org', '8638817525'),
(421, 'Angel', 'Osborne', 34, 'shane34@example.net', '9703347053'),
(422, 'Robert', 'Brown', 37, 'iblair@example.com', '0937019209'),
(423, 'Pamela', 'Sanchez', 64, 'bfisher@example.com', '4080906372'),
(424, 'Ebony', 'Schaefer', 57, 'timothy01@example.com', '0590138278'),
(425, 'Charles', 'Oliver', 55, 'brittanypittman@example.net', '4291986089'),
(426, 'Linda', 'Sanchez', 30, 'robert72@example.org', '6870243603'),
(427, 'David', 'Reyes', 25, 'jasonstevens@example.com', '6943675263'),
(428, 'Rodney', 'Morris', 31, 'jacksonlouis@example.org', '7470171278'),
(429, 'John', 'Clark', 40, 'faulknerconnor@example.org', '1276110481'),
(430, 'Kayla', 'Carpenter', 46, 'millermichael@example.net', '2474989573'),
(431, 'Kathryn', 'Fisher', 30, 'mccanndenise@example.com', '1283280270'),
(432, 'Christopher', 'Davidson', 60, 'jmendoza@example.net', '1843838136'),
(433, 'Sharon', 'Frank', 25, 'hfuentes@example.net', '5377410469'),
(434, 'Devin', 'Bell', 47, 'tstephens@example.org', '6270551447'),
(435, 'Christopher', 'Walters', 59, 'michealcastillo@example.com', '1415726391'),
(436, 'Leslie', 'Henry', 32, 'wcarter@example.org', '6799507969'),
(437, 'Charlene', 'Gallagher', 55, 'cassandra32@example.org', '9893520875'),
(438, 'Brent', 'Briggs', 27, 'larsonpatrick@example.com', '5404659894'),
(439, 'David', 'Baker', 36, 'lwatson@example.net', '0786815383'),
(440, 'Anne', 'Collins', 52, 'smithbenjamin@example.net', '8950374910'),
(441, 'Michelle', 'Smith', 20, 'levinejack@example.net', '7737091769'),
(442, 'Eric', 'Thomas', 21, 'roberto71@example.com', '4116354102'),
(443, 'Christopher', 'Martinez', 50, 'svillarreal@example.org', '7641559005'),
(444, 'Brian', 'Smith', 36, 'ywebster@example.org', '7467315621'),
(445, 'John', 'Hunter', 69, 'owilson@example.com', '0225519439'),
(446, 'Gary', 'Lamb', 68, 'william60@example.net', '3702711214'),
(447, 'Dana', 'Hines', 20, 'kathy47@example.com', '5023243831'),
(448, 'Eddie', 'Jackson', 52, 'randy83@example.org', '4768630648'),
(449, 'Dan', 'Terry', 36, 'jennifersims@example.org', '9189916048'),
(450, 'Denise', 'Wade', 67, 'charleshogan@example.com', '4841524643'),
(451, 'Ariana', 'Tran', 36, 'nclark@example.net', '6235760032'),
(452, 'Bonnie', 'Rodriguez', 41, 'tmitchell@example.org', '6534557460'),
(453, 'Amber', 'Powell', 65, 'mrodriguez@example.org', '1085678286'),
(454, 'Christopher', 'Powers', 21, 'lauren16@example.org', '1583762195'),
(455, 'Jesse', 'Hernandez', 50, 'smithcalvin@example.com', '5555071481'),
(456, 'Tyler', 'White', 69, 'darrell60@example.com', '7277548828'),
(457, 'Katherine', 'Ortega', 21, 'rachelgriffin@example.org', '1872366909'),
(458, 'Brittany', 'Morgan', 47, 'icross@example.org', '9918244737'),
(459, 'Earl', 'Williams', 20, 'bradley73@example.com', '7522767862'),
(460, 'Justin', 'Cook', 64, 'angeljones@example.com', '8372239455'),
(461, 'Wendy', 'Simmons', 52, 'rsummers@example.com', '2216069860'),
(462, 'Diana', 'Conner', 18, 'peter29@example.com', '1609636065'),
(463, 'Cynthia', 'Tapia', 40, 'paul97@example.org', '1987467278'),
(464, 'John', 'Holloway', 54, 'christinarose@example.com', '0806693726'),
(465, 'Matthew', 'Bush', 68, 'hinesisaac@example.org', '6323121530'),
(466, 'Andrew', 'Hanson', 37, 'smurphy@example.org', '2034190992'),
(467, 'Jaime', 'Martinez', 55, 'gainesjennifer@example.com', '5977240529'),
(468, 'John', 'Mendez', 66, 'mhubbard@example.org', '0655590383'),
(469, 'John', 'Romero', 42, 'walterseth@example.net', '3484867785'),
(470, 'Jamie', 'Meza', 69, 'angelaanderson@example.net', '4959329770'),
(471, 'Jack', 'Clark', 42, 'claudia88@example.net', '6621476546'),
(472, 'Kelsey', 'Adams', 37, 'samanthacook@example.com', '9034944260'),
(473, 'Sabrina', 'Williams', 53, 'emccoy@example.org', '2161450599'),
(474, 'Bethany', 'Cooper', 54, 'wilsonstephen@example.net', '3868333641'),
(475, 'John', 'Mclean', 31, 'jwilliams@example.net', '1866078558'),
(476, 'Lisa', 'Gutierrez', 54, 'ramoswilliam@example.net', '9501137604'),
(477, 'Danielle', 'Nguyen', 58, 'ericbarnes@example.org', '1834522660'),
(478, 'David', 'Schroeder', 19, 'cynthia76@example.org', '6673971788'),
(479, 'Derek', 'Fisher', 21, 'myates@example.com', '1032871112'),
(480, 'Sarah', 'Patterson', 66, 'fmurphy@example.org', '6652410079'),
(481, 'Mark', 'Wilkinson', 59, 'amandapayne@example.net', '4724555115'),
(482, 'Debra', 'Smith', 50, 'felicia56@example.net', '1958648780'),
(483, 'Jeffrey', 'Cortez', 61, 'erojas@example.com', '9754237704'),
(484, 'Scott', 'Barnett', 36, 'vwagner@example.net', '2821650295'),
(485, 'Spencer', 'Henry', 57, 'lhamilton@example.org', '4771260253'),
(486, 'Sarah', 'Reed', 24, 'dknight@example.net', '6554126095'),
(487, 'Karen', 'Moore', 19, 'mitchellfoster@example.net', '7583389513'),
(488, 'Michael', 'Rodriguez', 58, 'watsontimothy@example.org', '6385502349'),
(489, 'Virginia', 'Jennings', 38, 'steven61@example.net', '0307080132'),
(490, 'Brittany', 'Ramos', 30, 'brian45@example.com', '3905714265'),
(491, 'Samuel', 'Barron', 28, 'tewing@example.net', '9141677995'),
(492, 'Jessica', 'Marsh', 26, 'kaufmanphilip@example.com', '6237977701'),
(493, 'Gregory', 'Turner', 43, 'davidellis@example.com', '0360911809'),
(494, 'John', 'Mcdonald', 35, 'paulholly@example.org', '7850666700'),
(495, 'Crystal', 'Miller', 63, 'hector29@example.com', '4875468960'),
(496, 'Brittany', 'Bennett', 24, 'pamelaalvarez@example.com', '6827081700'),
(497, 'Kevin', 'Travis', 62, 'clarkrichard@example.net', '7933103775'),
(498, 'Kevin', 'Wilson', 61, 'ubarnett@example.com', '6510322599'),
(499, 'Christopher', 'Clark', 65, 'ronaldporter@example.net', '0818283680'),
(500, 'Mary', 'Palmer', 31, 'hhester@example.com', '2707145472'),
(501, 'Nicole', 'Wright', 68, 'todd14@example.com', '5748782596'),
(502, 'Sarah', 'Harrison', 34, 'johnsonscott@example.net', '1367107069'),
(503, 'Michael', 'Friedman', 68, 'dawnnguyen@example.com', '8433835614'),
(504, 'Kimberly', 'Medina', 65, 'ejames@example.com', '4603614735'),
(505, 'Todd', 'Day', 18, 'dkelly@example.net', '4417107278'),
(506, 'Vincent', 'Smith', 55, 'yyork@example.com', '2058187021'),
(507, 'Brian', 'Humphrey', 67, 'xhawkins@example.net', '5062223069'),
(508, 'Ashley', 'Avila', 57, 'jeffreyfoley@example.org', '3063764900'),
(509, 'Theresa', 'Lewis', 42, 'bwalsh@example.com', '5155205670'),
(510, 'Mark', 'Watson', 26, 'rogersmatthew@example.net', '7226130872'),
(511, 'Yvette', 'Anderson', 49, 'susan95@example.com', '9579324294'),
(512, 'Jonathan', 'Hall', 47, 'zhardy@example.net', '3095653066'),
(513, 'Madison', 'Lopez', 69, 'lopezcharles@example.com', '5619398331'),
(514, 'Marco', 'Jordan', 44, 'nbailey@example.com', '2766631476'),
(515, 'Ruth', 'Woods', 33, 'ericafox@example.net', '5496215733'),
(516, 'Dustin', 'Simmons', 70, 'susangill@example.com', '2787867508'),
(517, 'Michelle', 'Rodriguez', 46, 'courtneyanderson@example.com', '7589967087'),
(518, 'Stacey', 'Hogan', 35, 'fwilliams@example.com', '4953822858'),
(519, 'Hailey', 'Edwards', 43, 'kellybridget@example.com', '6154387695'),
(520, 'Brian', 'Wolfe', 50, 'tammy86@example.net', '8817547016'),
(521, 'Joshua', 'Houston', 28, 'elizabeth50@example.com', '8191676099'),
(522, 'Sara', 'Gutierrez', 40, 'nancyvance@example.net', '6734659650'),
(523, 'Ashley', 'Howe', 33, 'swoods@example.net', '5796782262'),
(524, 'Jill', 'Cooper', 52, 'wfigueroa@example.com', '0709489633'),
(525, 'Alexander', 'Pollard', 60, 'dthomas@example.org', '3890960675'),
(526, 'Amy', 'Cox', 28, 'brittneysmith@example.com', '6903187696'),
(527, 'Matthew', 'Galvan', 38, 'nathanwatts@example.com', '7360116381'),
(528, 'Teresa', 'Burgess', 56, 'troywalsh@example.org', '2111557116'),
(529, 'Victor', 'Parker', 20, 'james76@example.net', '6914014793'),
(530, 'Mark', 'Hernandez', 68, 'yward@example.net', '8466648350'),
(531, 'Rebecca', 'Andrews', 34, 'hrose@example.org', '4825429940'),
(532, 'Adam', 'Gonzalez', 42, 'carmendaniel@example.com', '8391642398'),
(533, 'Christopher', 'Martinez', 48, 'erin18@example.com', '0111558897'),
(534, 'Steve', 'Stewart', 47, 'collinsyvette@example.net', '0491203383'),
(535, 'Jamie', 'Butler', 70, 'tylerbell@example.com', '6096124845'),
(536, 'Kristen', 'Roberts', 36, 'elizabethhodges@example.org', '7850168650'),
(537, 'Jason', 'Webster', 32, 'jessica06@example.org', '4922483438'),
(538, 'Kayla', 'Camacho', 47, 'samueldiaz@example.com', '3071119720'),
(539, 'Kevin', 'Welch', 68, 'randy31@example.org', '6896480428'),
(540, 'Alejandro', 'Adkins', 21, 'michael79@example.net', '3110629962'),
(541, 'Melissa', 'Hubbard', 66, 'kwebb@example.com', '6495128453'),
(542, 'Tricia', 'Rodriguez', 41, 'hortonscott@example.com', '1633378130'),
(543, 'Ashley', 'Navarro', 60, 'oconnellnathan@example.net', '6460853621'),
(544, 'Joy', 'Blake', 54, 'shermanmichael@example.org', '0846758689'),
(545, 'Joan', 'Rodriguez', 37, 'jhorn@example.org', '1225983862'),
(546, 'David', 'Wilkerson', 62, 'lbrown@example.net', '5562972159'),
(547, 'Anthony', 'Ross', 53, 'cmartin@example.com', '7350884312'),
(548, 'Charles', 'Miller', 66, 'stephanie94@example.net', '3564878128'),
(549, 'Mary', 'Rodgers', 32, 'kelsey04@example.com', '3946199087'),
(550, 'Wendy', 'Mccoy', 34, 'chrismills@example.com', '1505934525'),
(551, 'Kim', 'Lynch', 37, 'dianataylor@example.net', '3984394044'),
(552, 'Natalie', 'Frederick', 23, 'julia96@example.net', '9011729328'),
(553, 'Monica', 'Snow', 61, 'kaitlin10@example.com', '1697716643'),
(554, 'Victoria', 'Perry', 52, 'michaelmassey@example.net', '5253418393'),
(555, 'Joshua', 'Sheppard', 21, 'hthomas@example.com', '8788120048'),
(556, 'Troy', 'Nicholson', 69, 'natalie77@example.org', '4193518432'),
(557, 'Dawn', 'Barron', 53, 'nbrennan@example.org', '5473824043'),
(558, 'Angela', 'Brown', 67, 'bcabrera@example.org', '5931333343'),
(559, 'Gregory', 'Wilson', 68, 'john87@example.com', '2546570980'),
(560, 'Nicole', 'Robinson', 68, 'jessica23@example.com', '0669001817'),
(561, 'Anthony', 'Lowe', 19, 'derrick23@example.org', '9786595018'),
(562, 'Joseph', 'Brown', 45, 'clewis@example.net', '5928903178'),
(563, 'Valerie', 'Travis', 43, 'kcastro@example.net', '2497300286'),
(564, 'Ashley', 'Martinez', 65, 'mitchellmegan@example.net', '1484766514'),
(565, 'Heather', 'Hoffman', 41, 'lisapayne@example.org', '7464326242'),
(566, 'Brittany', 'Brown', 39, 'poolejulian@example.com', '4345780433'),
(567, 'Daniel', 'Gonzalez', 49, 'nwest@example.org', '0154442125'),
(568, 'Jonathan', 'Rush', 29, 'blairjasmine@example.com', '2695887882'),
(569, 'Natalie', 'Flores', 63, 'tateterri@example.org', '3488145370'),
(570, 'Juan', 'Edwards', 25, 'wangtammie@example.com', '2774025639'),
(571, 'James', 'Jones', 47, 'cford@example.net', '2107147485'),
(572, 'Jeremy', 'Stevens', 62, 'robertmacias@example.com', '6574687850'),
(573, 'Mary', 'Allen', 41, 'jennifer76@example.net', '6415399941'),
(574, 'Danielle', 'Collins', 52, 'phamgreg@example.com', '3958990832'),
(575, 'Desiree', 'Rodriguez', 19, 'chris34@example.com', '1389383016'),
(576, 'Nancy', 'James', 47, 'rosssarah@example.net', '5155659412'),
(577, 'Jennifer', 'Ellis', 58, 'iromero@example.com', '4861527419'),
(578, 'Anna', 'Perez', 49, 'vargassara@example.com', '0732344877'),
(579, 'Adam', 'Burch', 65, 'tina53@example.net', '3072676614'),
(580, 'Kimberly', 'Brown', 54, 'henry17@example.org', '2420962550'),
(581, 'Mia', 'Adams', 27, 'marybaker@example.org', '3461510579'),
(582, 'Daniel', 'Russell', 57, 'sheila29@example.com', '0073368508'),
(583, 'James', 'Larson', 45, 'castrothomas@example.com', '2396010524'),
(584, 'Mackenzie', 'Yang', 69, 'sethherrera@example.org', '2885801256'),
(585, 'Ricky', 'Mcbride', 33, 'sara47@example.org', '9909226059'),
(586, 'Steven', 'Murphy', 41, 'collinspatricia@example.com', '2606578171'),
(587, 'Ashley', 'Galvan', 59, 'reynoldspaula@example.net', '0039438282'),
(588, 'Brian', 'Michael', 57, 'murraygregory@example.com', '0419955839'),
(589, 'Kimberly', 'Le', 45, 'dennisjessica@example.org', '1567072678'),
(590, 'Cameron', 'Carr', 63, 'kyleharris@example.com', '6198257474'),
(591, 'Mary', 'Sparks', 39, 'samantha14@example.com', '5539305714'),
(592, 'Susan', 'Kelly', 23, 'lisa59@example.net', '2358676529'),
(593, 'Dawn', 'Williams', 42, 'cookstacey@example.org', '1897731783'),
(594, 'Jose', 'Perez', 36, 'yjackson@example.com', '1525033028'),
(595, 'Lindsay', 'Bailey', 43, 'kenneth74@example.com', '7656218781'),
(596, 'Linda', 'Gill', 61, 'gescobar@example.com', '5548758505'),
(597, 'Robin', 'Sanchez', 41, 'ugrimes@example.org', '2877940215'),
(598, 'Jillian', 'Baker', 33, 'ejackson@example.org', '3392203514'),
(599, 'Paul', 'Ayala', 54, 'popeaaron@example.com', '7711373608'),
(600, 'Michael', 'Villarreal', 45, 'alice71@example.net', '9097011634');

INSERT INTO `images` (`image_id`, `description`, `image_file`) VALUES
(1, 'Ullam excepturi voluptate exercitationem odio asperiores molestiae distinctio, perspiciatis similique natus fuga, nisi minima iusto laudantium debitis incidunt nostrum provident enim, quidem quibusdam iure incidunt officiis, commodi perferendis fugiat tempore quae ad.', 'https://picsum.photos/679/336/'),
(2, 'Nesciunt minus eius, nostrum consectetur non a adipisci porro quaerat modi vitae dolorem, enim quos similique sapiente at tenetur explicabo autem, dolorum ab quas rerum pariatur totam sed.', 'https://dummyimage.com/771x616/'),
(3, 'Temporibus aut minus, iure quam repellendus quod recusandae impedit, voluptatum nam praesentium sint tenetur perspiciatis nisi, vel eos incidunt ea?', 'https://placekitten.com/506/159/'),
(4, 'Aspernatur quo tempore incidunt ratione facilis nostrum blanditiis, nihil sunt architecto sint quas eos necessitatibus?', 'https://picsum.photos/136/354/'),
(5, 'Aut ab ex id ullam, minus nobis incidunt perspiciatis possimus eveniet aliquam illum nostrum totam, distinctio fugiat nesciunt laborum quod repudiandae.', 'https://placekitten.com/918/20/'),
(6, 'Aperiam necessitatibus deleniti culpa itaque reprehenderit accusantium impedit, alias corrupti tempore doloribus mollitia dignissimos ab architecto, dolor soluta autem quia nesciunt est accusantium facere sint ipsam illo laboriosam.', 'https://placekitten.com/519/15/'),
(7, 'Nulla porro praesentium tenetur illum quia iusto, architecto exercitationem ut quas consequuntur natus, ducimus eos obcaecati non est assumenda, voluptatibus beatae tempore atque reiciendis et sed pariatur quo, dolorum commodi id.', 'https://picsum.photos/7/793/'),
(8, 'Ipsam sed sit rerum necessitatibus similique quos commodi dignissimos hic deserunt, esse possimus accusantium nemo cum inventore assumenda animi suscipit illo.', 'https://placekitten.com/503/875/'),
(9, 'Culpa id sapiente quisquam enim saepe sequi ipsam sint repellendus libero omnis, inventore culpa fuga ex fugit eligendi, quos nesciunt eos assumenda nihil perferendis suscipit voluptas, sit fugiat nobis laudantium ea sunt laboriosam totam quos accusamus error, culpa sunt possimus earum ipsa velit?', 'https://dummyimage.com/206x933/'),
(10, 'Distinctio quos obcaecati labore, odio alias quae, quo at minus reprehenderit suscipit eligendi quisquam ab, sunt corrupti placeat eos facere a pariatur, ad nulla eius placeat dicta.', 'https://placekitten.com/423/900/'),
(11, 'Modi natus unde quisquam earum ex asperiores ab error hic, dicta accusantium nesciunt debitis dolore quos.', 'https://picsum.photos/24/197/'),
(12, 'Eius quidem explicabo et, architecto aliquid repudiandae obcaecati deleniti maiores fuga odio ipsam illum ab?', 'https://dummyimage.com/422x94/'),
(13, 'Aliquid voluptatibus debitis facere doloremque deleniti dolorum minima, aliquam voluptas error voluptatum est.', 'https://dummyimage.com/690x1014/'),
(14, 'Iusto ipsa placeat qui accusamus velit voluptate delectus, corrupti esse molestiae, omnis fugiat consequuntur similique quae ex neque quo earum aliquam.', 'https://placekitten.com/879/269/'),
(15, 'Error eaque praesentium quaerat aperiam porro, consectetur exercitationem mollitia totam fugit magnam odio corporis quas.', 'https://picsum.photos/255/666/'),
(16, 'Praesentium accusamus et laboriosam dicta consequatur deserunt incidunt, ea sequi cumque tempora eos voluptas odio nihil aspernatur, enim hic perferendis officia voluptas facilis consectetur iure saepe, exercitationem incidunt ipsam enim obcaecati modi, harum facere nihil perferendis exercitationem ab iusto corporis qui laboriosam ex repellat.', 'https://picsum.photos/316/149/'),
(17, 'Cum atque culpa enim similique nobis, rerum molestiae maxime facere quasi pariatur perferendis obcaecati, ratione nobis fuga?', 'https://picsum.photos/969/286/'),
(18, 'Ipsam amet quaerat illum doloribus voluptatum, dolorum doloremque numquam animi nesciunt obcaecati officia voluptatum, sapiente veniam fugit sed autem maxime excepturi numquam dolorum, ipsam fuga expedita vitae vel tempore, deleniti aspernatur quisquam in non sequi tenetur tempora inventore architecto magni dignissimos.', 'https://picsum.photos/46/428/'),
(19, 'Sint sit voluptatem, alias illum rerum similique repellendus saepe consequatur cupiditate architecto sed aspernatur sit, vitae sit vero, architecto sequi quibusdam fuga dolorum.', 'https://placekitten.com/626/659/'),
(20, 'Ipsam repellat deleniti, commodi numquam repudiandae atque dolore cumque rerum enim facere mollitia quo, vel ipsam vitae impedit, accusamus inventore delectus repellat expedita deleniti quis sapiente.', 'https://dummyimage.com/18x724/'),
(21, 'Asperiores voluptas consequatur totam dolores, repudiandae laudantium voluptate nobis soluta cumque odit quia perspiciatis sapiente sunt, consectetur id harum amet eveniet modi, accusamus doloribus molestiae laborum placeat reiciendis quaerat minima recusandae nostrum blanditiis adipisci, quae adipisci repellat sint necessitatibus debitis.', 'https://placekitten.com/598/327/'),
(22, 'Dolore eligendi tempore impedit architecto nostrum minima eveniet facere autem voluptatibus, accusamus quos esse maxime hic beatae nihil quis aspernatur fugiat reprehenderit.', 'https://placekitten.com/836/675/'),
(23, 'Vel quaerat odit ab maiores numquam dolores consequuntur, mollitia fugiat dolor, expedita iusto vitae laborum ipsa sit at et consequuntur ullam dolore, dolores ab aliquam pariatur enim dicta eum maiores quidem iure, vel architecto molestiae non tempore molestias ab nemo magnam sapiente qui ex?', 'https://placekitten.com/36/950/'),
(24, 'A temporibus quas asperiores ex facilis sed voluptatem deleniti facere, esse ipsam dolores eveniet, mollitia minima accusamus tempore repellat sint voluptate velit vero, velit nisi reprehenderit facilis quo necessitatibus error iusto unde porro molestiae exercitationem?', 'https://dummyimage.com/457x170/'),
(25, 'Fugiat aliquam odit, debitis placeat sed beatae nisi tenetur vel perspiciatis, libero sunt nemo iste saepe velit, iusto earum facere perferendis cum suscipit?', 'https://picsum.photos/605/941/'),
(26, 'Nostrum earum debitis, alias et maiores quibusdam harum sapiente tempora ipsa, magni assumenda quis asperiores nihil eaque necessitatibus optio voluptatibus ut reiciendis ab, quisquam facere omnis repellat odit minima numquam quas assumenda.', 'https://dummyimage.com/995x572/'),
(27, 'Molestiae nihil laborum architecto a illo, voluptatum natus amet dignissimos eveniet ab reprehenderit mollitia ex, dolore cupiditate harum quam vel quibusdam quisquam?', 'https://dummyimage.com/786x559/'),
(28, 'Officiis possimus laudantium omnis dignissimos natus sit ratione quos, neque velit nihil nobis ex et earum magnam sit.', 'https://placekitten.com/35/453/'),
(29, 'Laborum labore corrupti illum mollitia a impedit cupiditate veritatis, rem corporis explicabo delectus blanditiis.', 'https://placekitten.com/808/103/'),
(30, 'Minus alias molestias omnis quisquam ipsum soluta, perspiciatis hic nemo neque nobis sit sequi rerum.', 'https://placekitten.com/225/122/'),
(31, 'Distinctio iure fugiat vero amet totam quod sed architecto, error assumenda veritatis repellendus harum doloribus, nobis eius repellendus consectetur fugiat, ea ipsam corrupti at mollitia minima quam aliquam in suscipit.', 'https://placekitten.com/72/0/'),
(32, 'Quidem laborum quae nulla iste omnis odio quod culpa delectus, sed ratione consequatur odit reiciendis vitae architecto excepturi.', 'https://picsum.photos/431/861/'),
(33, 'Fugiat assumenda necessitatibus, magnam saepe dolorum sit nesciunt atque, modi distinctio esse dolor laudantium repellendus nihil non officiis, animi eveniet nam ullam, sunt facere excepturi sit natus minima quas distinctio.', 'https://placekitten.com/977/60/'),
(34, 'Odit assumenda exercitationem a perferendis necessitatibus omnis pariatur eligendi, illum error ut illo mollitia unde quam asperiores aut debitis?', 'https://picsum.photos/505/169/'),
(35, 'Veritatis cupiditate deserunt pariatur quas sit sunt provident commodi voluptate, perferendis quis quibusdam fugiat beatae porro iste in eaque aperiam dolor eos?', 'https://dummyimage.com/455x976/'),
(36, 'Ullam possimus enim reprehenderit, beatae sed doloremque harum eos facere similique, fugit repudiandae reiciendis est libero.', 'https://dummyimage.com/454x87/'),
(37, 'Quos odit dolorem necessitatibus perspiciatis nulla debitis consequatur est quae, perferendis aliquam itaque accusamus adipisci aliquid vitae esse ipsa rerum qui iure, molestiae expedita iusto nulla explicabo architecto dolorum repudiandae provident, optio quod qui et expedita nihil, doloremque porro ratione aperiam sint hic odio ex?', 'https://picsum.photos/859/556/'),
(38, 'Et optio sed labore voluptatibus aut saepe error, minus harum fuga unde architecto quam magnam est maiores itaque blanditiis, excepturi perspiciatis similique, quo voluptatem iste.', 'https://picsum.photos/969/38/'),
(39, 'Explicabo distinctio dolorem iure nam tempore commodi tempora odio, veniam nobis culpa ipsa temporibus labore ullam eveniet eligendi, architecto provident aliquam libero earum nulla harum.', 'https://dummyimage.com/69x880/'),
(40, 'Minima nulla nemo sequi vel accusantium quam libero quae officia praesentium, voluptatem impedit sunt alias maiores nihil, pariatur nostrum aut hic maiores fuga itaque vero.', 'https://picsum.photos/568/811/'),
(41, 'Inventore fugiat blanditiis commodi quaerat ducimus error tempora fugit consequatur animi, sapiente beatae nisi recusandae molestiae quo rem consectetur, labore delectus sint aliquid, delectus fugiat dolore voluptatum corrupti debitis voluptate reiciendis nisi voluptates.', 'https://dummyimage.com/590x373/'),
(42, 'Incidunt eius illo odio dolores beatae veritatis obcaecati officiis ullam, earum rem facilis itaque animi eos, ex similique pariatur?', 'https://picsum.photos/897/835/'),
(43, 'Placeat non ea, alias adipisci fugiat optio illum minima veniam tenetur incidunt, labore deserunt nemo in, nisi suscipit delectus vel perferendis est, repudiandae quo et beatae soluta sed.', 'https://dummyimage.com/208x508/'),
(44, 'Beatae dicta tempora natus officia sed, maxime at quos porro voluptatibus enim quia nesciunt magni, recusandae omnis illo obcaecati eius quasi enim quibusdam tempore sint veniam, rerum non at illo eum reiciendis soluta odio dignissimos in, suscipit ea perferendis asperiores.', 'https://picsum.photos/115/143/'),
(45, 'Non soluta iusto eum accusantium facere quod distinctio, at quae sit neque explicabo officia praesentium dignissimos corrupti a, cumque cupiditate aliquid quasi libero?', 'https://picsum.photos/441/976/'),
(46, 'Doloremque voluptate ad ab perferendis consequuntur saepe, minima vero aperiam assumenda quos itaque cumque omnis, magni quasi dolorem fuga eius rem dolor debitis impedit sit, rerum odit sapiente facere iusto possimus quae fugit perspiciatis accusamus temporibus.', 'https://placekitten.com/35/18/'),
(47, 'Illo obcaecati laudantium quidem rem reprehenderit inventore, ipsum eius porro, sint provident perferendis labore quod vero pariatur.', 'https://placekitten.com/1008/409/'),
(48, 'Earum officiis eos ex beatae vitae modi tempore unde perferendis, eaque beatae totam asperiores laboriosam doloremque, accusantium sint consectetur quasi doloremque placeat asperiores suscipit sit laborum ratione.', 'https://dummyimage.com/17x164/'),
(49, 'Possimus facere alias aliquam suscipit ipsa repellat blanditiis, natus facere quibusdam laudantium commodi incidunt vero rerum quae, itaque quae magni earum ipsa neque voluptatem voluptas non officiis, reprehenderit illo molestiae assumenda quis laudantium.', 'https://dummyimage.com/884x884/'),
(50, 'Asperiores quidem officiis, sed tempora eos molestias perspiciatis laborum culpa ullam voluptas explicabo eius?', 'https://picsum.photos/363/931/'),
(51, 'Placeat voluptatum facilis voluptates, aspernatur odit quaerat possimus eveniet laborum delectus, necessitatibus temporibus velit odio vel impedit, commodi amet quos quis, necessitatibus eos labore aspernatur quia a autem id quo.', 'https://placekitten.com/692/485/'),
(52, 'Veritatis est aperiam delectus ab autem ex, perspiciatis adipisci ad odit sapiente, voluptatum laborum quo deleniti totam obcaecati illum omnis sequi repellendus, numquam unde laudantium voluptatum odio fugiat alias similique ut?', 'https://placekitten.com/85/812/'),
(53, 'A necessitatibus possimus minima nobis non, sit ipsam ipsum velit, aliquid totam distinctio architecto officia reprehenderit repellat quae, harum quasi fugiat ut eos consequuntur optio, aliquam asperiores maiores optio enim dolore laudantium commodi exercitationem veritatis consectetur hic.', 'https://placekitten.com/470/969/'),
(54, 'Amet perferendis esse dolore veniam saepe magnam blanditiis, voluptate alias et nam qui nulla, eos consectetur reiciendis ab itaque laboriosam voluptate expedita nam dicta, quibusdam consequuntur minima accusamus aspernatur quia magnam amet qui voluptas dolorem commodi.', 'https://picsum.photos/667/427/'),
(55, 'Similique fugit possimus et accusantium, explicabo itaque neque voluptates dicta, eum ipsa neque fuga voluptatem placeat inventore optio, alias eaque nostrum ex perferendis nemo quasi velit et, atque deleniti eveniet inventore pariatur recusandae quidem totam?', 'https://picsum.photos/214/140/'),
(56, 'Placeat magni quos hic eum asperiores pariatur eos architecto neque praesentium, fuga sapiente voluptas consequuntur nobis quos exercitationem deserunt in hic?', 'https://picsum.photos/152/8/'),
(57, 'Fugiat odit dolores mollitia laborum provident ad, maxime aliquam veritatis atque illo, adipisci ipsa consequatur commodi corporis facere molestiae eaque magni dolorem voluptates, nulla ipsum dignissimos quis tempore quaerat accusamus neque harum laboriosam.', 'https://picsum.photos/943/753/'),
(58, 'Laboriosam nemo iusto aut nulla voluptas itaque, odit odio sequi repellat maxime magni tenetur est?', 'https://picsum.photos/820/922/'),
(59, 'Quo quisquam unde eius distinctio, molestiae eligendi cum labore quod provident eveniet sequi sint fugiat fuga, id sunt quod necessitatibus praesentium exercitationem placeat nam tenetur debitis?', 'https://dummyimage.com/115x163/'),
(60, 'Beatae veritatis illo, unde et rerum vel odio quis, ratione reprehenderit nisi atque porro aut eaque iusto voluptas, fugit sed voluptatem sapiente neque odit sint nesciunt quidem reiciendis modi aliquam, debitis necessitatibus qui eum reiciendis nobis natus?', 'https://picsum.photos/490/29/'),
(61, 'Dolore asperiores pariatur totam, iure nihil ipsum accusamus nesciunt voluptatibus, ab adipisci inventore dolores dolorem unde nobis nisi, quos aliquid illum at corrupti?', 'https://placekitten.com/993/79/'),
(62, 'Laborum earum dolore soluta sequi non provident ad quaerat voluptatum a, impedit quaerat porro earum temporibus alias magni sunt dicta, vero dolor nihil numquam expedita nobis ducimus eligendi, commodi voluptates iste dicta quae minus, error aspernatur sapiente perferendis quis enim.', 'https://placekitten.com/543/202/'),
(63, 'Libero impedit sit sint laboriosam ipsum officiis eos in, modi autem quaerat est vel amet veniam.', 'https://picsum.photos/957/439/'),
(64, 'Excepturi voluptatibus doloribus mollitia recusandae natus dignissimos ipsam, asperiores quas praesentium ducimus ab alias ex suscipit, iusto eum laboriosam cum quis laudantium provident alias consequatur sed pariatur?', 'https://picsum.photos/388/127/'),
(65, 'Sit atque exercitationem inventore quaerat ut aperiam quam, placeat ullam illo atque error iste?', 'https://dummyimage.com/967x38/'),
(66, 'At delectus quasi laborum a illum sunt ipsam possimus aliquam ipsum libero, nihil non sequi, accusamus veritatis perferendis doloremque eaque omnis animi voluptatem explicabo sunt possimus, et harum soluta voluptate.', 'https://picsum.photos/552/24/'),
(67, 'Doloribus odit maiores distinctio commodi excepturi dolorum adipisci doloremque nihil temporibus magni, error quidem praesentium nemo earum fugiat exercitationem, eligendi sequi iusto ad iure, soluta ipsum est?', 'https://placekitten.com/969/346/'),
(68, 'Veritatis nihil praesentium iure ipsam, voluptate amet sequi excepturi iste explicabo optio vel beatae maiores inventore et, officia eos corrupti hic eius, quos aliquid velit repudiandae corporis veniam a libero cumque ad nemo, minus neque nesciunt?', 'https://placekitten.com/446/282/'),
(69, 'Reiciendis dolores dolore magnam ipsum iure tempore alias, veniam enim accusantium asperiores, unde autem placeat recusandae?', 'https://picsum.photos/643/438/'),
(70, 'Perferendis doloribus ad asperiores explicabo deserunt minima in provident saepe id, sapiente pariatur accusantium ducimus quos voluptatem culpa odio, quaerat rem qui dolorum earum sapiente, saepe et labore beatae obcaecati veritatis, molestiae excepturi aut architecto laudantium quaerat placeat voluptate cum id in provident?', 'https://placekitten.com/740/335/'),
(71, 'At possimus facilis quos eius voluptates voluptatum dolorum suscipit, reiciendis voluptatibus repellendus cupiditate in maxime, est voluptate veniam?', 'https://dummyimage.com/685x610/'),
(72, 'Atque beatae voluptas ipsam animi eaque odit ipsum adipisci nulla, sint reiciendis vero architecto pariatur ducimus omnis a adipisci tempore molestias, atque blanditiis magni aperiam harum mollitia sunt earum et, illo iste rerum, debitis rerum doloribus totam quae?', 'https://dummyimage.com/923x482/'),
(73, 'Excepturi id harum repellat, officia neque pariatur quia, quaerat a eius dolorum totam accusantium consequuntur id sit, dolore aliquam ea optio saepe.', 'https://picsum.photos/685/880/'),
(74, 'Tenetur exercitationem facere asperiores doloribus reprehenderit dignissimos dolorum repellendus quibusdam, deleniti id dolorum aperiam, natus maiores praesentium minima, sed assumenda eligendi distinctio nihil?', 'https://placekitten.com/151/133/'),
(75, 'Sed aliquam adipisci non, voluptatem animi ipsum, delectus repellat molestiae amet, odit numquam nesciunt.', 'https://placekitten.com/996/823/'),
(76, 'Inventore excepturi optio itaque tempore aliquid rerum numquam a, distinctio officiis ducimus voluptatibus harum quam earum eaque, nam amet veniam reprehenderit ullam aspernatur natus.', 'https://dummyimage.com/573x366/'),
(77, 'Consequuntur aliquid ipsum dignissimos quam rerum libero inventore animi dolorum, nostrum ratione minus repellat nisi beatae pariatur minima laboriosam alias explicabo, nobis blanditiis asperiores delectus repellat illo ipsum aliquam voluptatem amet nemo corporis, quos enim quisquam vitae ut sed hic consequuntur architecto natus non nam?', 'https://dummyimage.com/834x128/'),
(78, 'Aut totam repudiandae est fugit, veniam vitae reiciendis natus enim ut, harum minima natus hic quos odit error sapiente quam nostrum, doloremque a natus minus repellendus.', 'https://picsum.photos/644/903/'),
(79, 'Fugit repellendus est ea possimus tempora autem iusto repudiandae molestiae atque ratione, maxime provident hic tempore sequi tenetur dolores mollitia quas cum, alias laboriosam dolorem voluptatum facilis doloribus ipsa ut sint culpa aut quidem, deserunt itaque non omnis.', 'https://placekitten.com/837/618/'),
(80, 'Laudantium consequatur maiores cumque eligendi obcaecati modi veritatis, eius optio nemo maxime officia tenetur obcaecati laborum, eius voluptatibus eaque tempore voluptas officia error quam sapiente.', 'https://picsum.photos/390/121/'),
(81, 'Consectetur quod nam deserunt, ducimus consectetur dicta consequuntur odio nobis fugit libero repudiandae sequi.', 'https://picsum.photos/56/656/'),
(82, 'Commodi minima aspernatur repellendus aliquid, similique consequatur laborum dolor vel nobis earum voluptatem labore quas, velit tenetur odit sunt, vel ipsa voluptas earum ullam id.', 'https://dummyimage.com/859x371/'),
(83, 'Numquam earum quia a, rerum dolorem maxime non consectetur vel vero officia blanditiis?', 'https://picsum.photos/54/345/'),
(84, 'Laudantium est distinctio veniam eligendi tenetur, accusantium rem dignissimos obcaecati reiciendis ab quo quae adipisci sunt ea distinctio, consectetur cumque numquam ducimus laudantium quae rerum expedita perferendis harum aut voluptatem, totam dicta dignissimos, exercitationem aut explicabo quis fugiat rem autem nisi praesentium dicta.', 'https://picsum.photos/481/804/'),
(85, 'Quis exercitationem dicta praesentium, assumenda voluptas cumque, ad modi quo sequi est nulla?', 'https://dummyimage.com/75x346/'),
(86, 'Libero magni quo repudiandae soluta tempore, repellat aspernatur vel dolorem vitae ratione cum incidunt ex enim tempore minima?', 'https://dummyimage.com/17x214/'),
(87, 'Vitae debitis minus natus esse delectus doloribus, excepturi cupiditate iusto unde repellat, impedit nulla in, modi nisi harum dolores odit dolore cupiditate.', 'https://picsum.photos/513/646/'),
(88, 'Modi culpa error asperiores expedita ipsam atque, atque enim iste mollitia tenetur temporibus at dolor.', 'https://picsum.photos/12/95/'),
(89, 'Quos facilis suscipit qui deserunt alias dicta amet, rem consequuntur in dolorem libero nostrum maxime adipisci a quam, pariatur reprehenderit laboriosam cumque accusantium ratione quis velit architecto ipsum, laboriosam accusamus exercitationem.', 'https://placekitten.com/396/95/'),
(90, 'Tempora pariatur dicta eligendi laudantium ducimus fugit, hic temporibus ea recusandae voluptatibus excepturi, maiores eveniet est nisi consequuntur laudantium illum dicta deserunt?', 'https://placekitten.com/888/703/'),
(91, 'Doloremque dignissimos deserunt repellendus, maiores minima alias et non, quam fugiat perferendis magnam deleniti voluptates eveniet rerum dolor delectus temporibus, error ea voluptatibus autem excepturi quaerat ex, quidem libero labore.', 'https://picsum.photos/704/804/'),
(92, 'Impedit cupiditate fuga numquam quis nulla mollitia ex labore saepe, sequi sint voluptate.', 'https://picsum.photos/477/482/'),
(93, 'Et doloremque quod delectus perspiciatis, quasi libero esse repudiandae voluptas quibusdam nesciunt placeat, tempora aperiam facilis velit delectus.', 'https://picsum.photos/956/681/'),
(94, 'Veritatis quam nostrum labore sit autem earum possimus sed quasi exercitationem, repudiandae molestias aspernatur facilis eum iusto debitis eveniet dolores quibusdam quasi, modi eligendi maiores neque impedit minima?', 'https://picsum.photos/522/311/'),
(95, 'Quaerat ea labore dolores amet, temporibus a odio, nihil alias incidunt, porro vel mollitia hic distinctio debitis.', 'https://placekitten.com/519/128/'),
(96, 'Commodi quas corporis vitae ex sequi minima exercitationem, nam officia sit enim explicabo sunt doloribus magni harum assumenda illo ipsam.', 'https://dummyimage.com/41x189/'),
(97, 'Eos quaerat repellat alias, corrupti fuga nisi natus facere eius explicabo unde.', 'https://picsum.photos/481/242/'),
(98, 'Voluptatum magni accusamus harum quisquam veniam ipsam ut repellat tempora id vitae, velit repudiandae laboriosam, dolores quisquam asperiores illum deleniti earum recusandae officia perspiciatis, odit libero unde cumque?', 'https://dummyimage.com/814x130/'),
(99, 'Et quia natus tenetur nemo, tenetur ea cum aliquam dolorum placeat molestias, aut adipisci nulla quisquam autem alias quod rem?', 'https://placekitten.com/749/1007/'),
(100, 'Iste incidunt aliquam repellat perspiciatis consectetur, a corporis voluptas dignissimos?', 'https://picsum.photos/865/535/');

INSERT INTO `location` (`id`, `address`, `geo_coordinates`, `city`, `country`, `continent`) VALUES
(1, "557 Garza Mission, Sharonmouth, PA 05144", "-85.117883,-155.681770", "Loriside", "Christmas Island", "Antarctica"),
(2, "621 Karen Stream, Smithfort, MN 06386", "47.618749,-162.755073", "East Julia", "Tonga", "Asia"),
(3, "731 Jones Stream Apt. 855, Lake Matthew, MO 45998", "29.887589,40.438290", "Simmonsfort", "French Southern Territories", "Antarctica"),
(4, "145 Patrick Expressway, North Vanessaberg, LA 14079", "14.083502,-120.599251", "Port Michelle", "Qatar", "South America"),
(5, "6064 Diane Park Apt. 449, Susanfort, UT 74891", "77.484408,117.269975", "North Nathan", "Seychelles", "North America"),
(6, "58279 Walters Passage, Port Robert, TX 56709", "49.944994,69.123579", "Ryanhaven", "Monaco", "Europe"),
(7, "452 Davidson Lights Apt. 191, East Adamport, ID 52269", "88.463498,-110.214911", "Port Briana", "Iceland", "South America"),
(8, "1400 Ellis Green Suite 181, South Jennifer, PR 49611", "61.449942,-97.765159", "Williamside", "Turkmenistan", "Africa"),
(9, "Unit 4839 Box 2632, DPO AE 41839", "-7.032568,73.481541", "Longland", "Namibia", "Asia"),
(10, "2775 Heather Stravenue Suite 999, East Jameshaven, CA 23184", "75.165310,-96.621689", "Port Benjamin", "Cambodia", "North America"),
(11, "Unit 2788 Box 4915, DPO AE 62226", "11.386074,-2.226377", "Port Gregory", "Mayotte", "North America"),
(12, "798 Brian Falls, North Annhaven, OR 34685", "24.018372,-59.897368", "South Miguelhaven", "Iraq", "Europe"),
(13, "1466 Lee Lane, East Josephview, OK 48990", "-27.648971,40.175366", "Lake Maria", "Armenia", "Europe"),
(14, "9556 Clark Crescent, South Stephanie, AS 77598", "87.948992,-155.086529", "Martinezmouth", "Serbia", "Asia"),
(15, "02886 Anna Forks Suite 599, Matthewbury, FM 63158", "-5.592614,-73.774039", "Tonyahaven", "United States Virgin Islands", "Europe"),
(16, "9382 Hall Hills Apt. 186, North Chris, VT 75009", "-19.367604,-120.111634", "North Kurtville", "Thailand", "South America"),
(17, "33794 Martin Creek Apt. 059, Lake Cassandraberg, OK 06492", "-52.457856,-166.831290", "Tammyhaven", "Ukraine", "Oceania"),
(18, "462 Joseph Locks, Rosalesfurt, NH 87151", "66.896059,78.884268", "Maldonadoborough", "Puerto Rico", "Antarctica"),
(19, "934 Silva Fork Apt. 375, South Regina, AS 66857", "72.315249,135.130471", "Anachester", "Svalbard & Jan Mayen Islands", "Europe"),
(20, "599 Jeremy Plain, South Ronald, IN 14475", "64.252388,87.776580", "Courtneymouth", "Romania", "South America"),
(21, "6865 Roy Roads Apt. 649, South Nicholaschester, AZ 51677", "0.973162,36.521307", "New Stacyberg", "Saint Martin", "Europe"),
(22, "479 Davis Pines Suite 042, New Tiffany, NV 87145", "-86.007868,152.909664", "Peterborough", "Switzerland", "Africa"),
(23, "16888 Christopher Burgs, Edwardsshire, WA 95719", "-67.120080,-50.256137", "Pattonside", "Nigeria", "Europe"),
(24, "7514 Murphy Spurs, Michelletown, VA 95550", "-87.957924,-94.166051", "Lynnfort", "Reunion", "North America"),
(25, "PSC 3749, Box 4179, APO AE 08228", "-27.461639,97.407120", "Sextonville", "Monaco", "South America");

INSERT INTO `locationPhotos` (`location_id`, `photo`) VALUES
(1,37),
(2,24),
(3,25),
(4,33),
(5,29),
(6,21),
(7,40),
(8,31),
(9,36),
(10,38),
(11,30),
(12,26),
(13,27),
(14,34),
(15,39),
(16,22),
(17,23),
(18,28),
(19,35),
(20,32),
(21,NULL),
(22,NULL),
(23,NULL),
(24,NULL),
(25,NULL);

INSERT INTO `artistband` (`id`, `type`, `name`, `alias`, `birthdate_formation_date`, `website`, `instagram`,`image`) VALUES
(1, 'Artist', 'Victor Becker', 'ahawkins1', '2008-11-17', 'http://lucas-nguyen.com/', 'https://www.instagram.com/htngrtpnvtknyuhtdnvpjhpelsrumwiasffwnpjebjyvsmqhb.com/',2 ),
(2, 'Artist', 'Kathy Smith', 'kelleypamela2', '2012-02-18', 'https://ramirez.net/', 'https://www.instagram.com/egifyncjcbudlvwwmvnfismhaygqlvcaytjwqewmeshvnu.com/',6 ),
(3, 'Artist', 'Sharon Brooks', 'seanbrown3', '1979-11-02', 'http://www.johnson-yang.com/', 'https://www.instagram.com/jidysxxueejwfsovjottegqofxmgsqpywacudmgj.org/',10 ),
(4, 'Artist', 'Jacqueline Miller', 'emily124', '1985-01-15', 'https://www.sanchez.com/', 'https://www.instagram.com/rtmeeeuyalhiyjawdlwjpaarqenvidwlgctrrfmuejlrlyrfj.net/',7 ),
(5, 'Artist', 'Elijah Davis', 'dominguezmakayla5', '2019-09-30', 'http://baker-evans.com/', 'https://www.instagram.com/afwixutupkrfgbxqikronijaoffcysidkykrfgbxqikronijaoffc.info/',5 ),
(6, 'Artist', 'Candice Meyer', 'reeveschristopher6', '1990-10-19', 'http://ray-knapp.biz/', 'https://www.instagram.com/rl.com/',8 ),
(7, 'Artist', 'Keith Wiley', 'hmartin7', '2006-11-11', 'https://boyle.com/', 'https://www.instagram.com/lriunjmrhupqplsxpvajnmjmftxgu.biz/',4 ),
(8, 'Band', 'Gonzalez, Allen and Holland', 'christopher278', '2002-05-03', 'https://www.perez.org/', 'https://www.instagram.com/inbnx.com/',1 ),
(9, 'Artist', 'Fernando Robertson', 'mooreandrew9', '1982-02-14', 'http://aguilar.org/', 'https://www.instagram.com/mesjjkhbxiysldhegspay.biz/',9 ),
(10, 'Artist', 'Bryan Tapia', 'danielhuber10', '2003-09-13', 'http://www.williamson-allen.com/', 'https://www.instagram.com/boilbuorxfiacyoluknratkampklvjrmf.com/',3 ),
(11, 'Artist', 'Adam Freeman', 'mario4711', '1978-10-29', 'http://bell.info/', 'https://www.instagram.com/gbtuqrvfmmgcjswfcgxe.com/',NULL ),
(12, 'Artist', 'Autumn Watkins', 'whitneypatricia12', '2007-11-15', 'https://miller.org/', 'https://www.instagram.com/gpevyerogmdeqoxgolp.info/',NULL ),
(13, 'Artist', 'Stephanie Lam', 'woodmichael13', '1988-09-11', 'https://www.bailey.com/', 'https://www.instagram.com/wphpmbpoekulwtjkqjsmrrgnefca.com/',NULL ),
(14, 'Artist', 'Samuel Ellison', 'copelandjack14', '1978-11-09', 'http://williams.info/', 'https://www.instagram.com/lrtutuemhbcetvwdnnwrgggpnhvbcmykacgmopomajncislbtebhghemx.net/',NULL ),
(15, 'Artist', 'Nathan Monroe', 'paulahernandez15', '2019-06-21', 'http://hart.com/', 'https://www.instagram.com/fjnwysb.info/',NULL ),
(16, 'Artist', 'Kimberly Higgins', 'rebeccayoung16', '2014-03-07', 'http://cain.biz/', 'https://www.instagram.com/buptltpqwgwcscvckkdwfmsxbjvfdpebwmvehamftlwmuptm.com/',NULL ),
(17, 'Artist', 'Jeffrey Jefferson', 'zacharyallen17', '1996-03-06', 'https://johnston.com/', 'https://www.instagram.com/eypufuvyqx.info/',NULL ),
(18, 'Artist', 'Adam Brady', 'andrew2818', '2015-04-24', 'http://black.info/', 'https://www.instagram.com/qusyqxaoxgsgagfkekbgvugulsxjmxamdxlicnbowstgjlv.net/',NULL ),
(19, 'Artist', 'Jessica Murphy', 'henry9419', '2002-01-27', 'https://peterson.com/', 'https://www.instagram.com/tgkgmtdnbnhxb.org/',NULL ),
(20, 'Artist', 'Mitchell Peters', 'bfoster20', '1988-06-04', 'https://best.com/', 'https://www.instagram.com/hilxagetrpinymsbwwso.com/',NULL ),
(21, 'Artist', 'John Mejia', 'arthurwoodward21', '2018-02-01', 'https://www.cooper-bush.com/', 'https://www.instagram.com/ycepvcsnmmuvmpngemvypdvjdrpxpffyivakihnnryhvhken.com/',NULL ),
(22, 'Band', 'Green Inc', 'dillon4122', '1974-10-20', 'https://www.sanchez-schmidt.com/', 'https://www.instagram.com/gupycwagqlayrhfatm.com/',NULL ),
(23, 'Band', 'Baker Ltd', 'adamsdevin23', '2013-06-16', 'https://www.williams.com/', 'https://www.instagram.com/mboluitnarobqww.net/',NULL ),
(24, 'Artist', 'Nathan Ramirez', 'littlecynthia24', '2005-01-02', 'https://paul.net/', 'https://www.instagram.com/chhonprlftjujgqlqykvaxlmjskxmjxjehqwmaqyfvkxrgjjsdqfx.com/',NULL ),
(25, 'Artist', 'Timothy Rivera', 'jenkinstiffany25', '1990-10-01', 'http://gonzalez.com/', 'https://www.instagram.com/qxevybdcopwlaj.biz/',NULL ),
(26, 'Artist', 'Ann Richardson', 'sarahyoung26', '2005-12-13', 'http://www.gutierrez.info/', 'https://www.instagram.com/ytcnuexrsnajgqwxeiwuuhtrmicqjd.com/',NULL ),
(27, 'Band', 'Mejia-Jordan', 'lucerojennifer27', '2020-01-20', 'https://pena-webb.com/', 'https://www.instagram.com/fxbrmneefclcefktdfftbnwodxhpxrkhksyjxl.biz/',NULL ),
(28, 'Artist', 'Alison Li', 'figueroakaitlin28', '1971-05-02', 'http://www.pearson-perry.com/', 'https://www.instagram.com/rbvooopdlvhmwanrhdfck.com/',NULL ),
(29, 'Artist', 'Victor Hall', 'owhite29', '1971-11-12', 'https://www.dorsey.com/', 'https://www.instagram.com/wxntmfyseqsdmtkjvduxcshsuoclihs.com/',NULL ),
(30, 'Artist', 'Mathew Dawson', 'jonathanharrison30', '1979-04-08', 'http://richardson-hoover.info/', 'https://www.instagram.com/sqjmalbds.net/',NULL ),
(31, 'Artist', 'Amber Garcia', 'cgonzales31', '1983-03-19', 'http://www.rodgers.net/', 'https://www.instagram.com/rcjumgxvhihvyjpoudnvqcuiystpmaxealwfvwhdqwyxieacspsuaxsgmhbb.net/',NULL ),
(32, 'Artist', 'Barbara Ramos', 'wilcoxjoseph32', '1975-01-26', 'https://www.brooks.com/', 'https://www.instagram.com/cehsmtaeluthdnljgxgccfneghbdpbotkiiwdblrqej.info/',NULL ),
(33, 'Artist', 'Lisa Harper', 'darinjenkins33', '1980-08-24', 'https://mathews.info/', 'https://www.instagram.com/bcgmrylwnkopgalrcbbbmufhphaorvmdbffydidkyqmjjwbipwnljvff.com/',NULL ),
(34, 'Artist', 'Theresa Armstrong', 'kruegermatthew34', '1970-05-03', 'https://www.johnston.biz/', 'https://www.instagram.com/iipoowwqmyrmp.net/',NULL ),
(35, 'Band', 'Davis Ltd', 'boothjessica35', '1990-06-13', 'http://hill.info/', 'https://www.instagram.com/juknykoyhlfkegwurmnfkoguknovkywvoytjywhfsxmint.biz/',NULL ),
(36, 'Artist', 'Taylor Rodriguez', 'zlawrence36', '1988-04-14', 'http://ford.com/', 'https://www.instagram.com/unqkdjhhjldctq.com/',NULL ),
(37, 'Artist', 'Kristine Thornton', 'meagan1637', '1989-01-16', 'http://www.munoz-farmer.com/', 'https://www.instagram.com/rxdfwwkuocnqrgpccycohijyybcxxpjjcgmthbvttjymwmjidxroi.info/',NULL ),
(38, 'Artist', 'Stephanie Rodriguez', 'kristinejensen38', '1989-01-16', 'https://www.velez.com/', 'https://www.instagram.com/dsrwoowuiicjplthxpdqssuubgolkpxeonwdsla.info/',NULL ),
(39, 'Band', 'Collins and Sons', 'brenda1539', '1984-04-21', 'http://adams-scott.com/', 'https://www.instagram.com/lwfgeyrnvcnomaiswwpmypddbiwxmvvijmnexlojqfgptffdyoxmxosibdwla.info/',NULL ),
(40, 'Band', 'Cline PLC', 'tflores40', '1992-04-30', 'https://www.edwards-sampson.com/', 'https://www.instagram.com/rupepafpfpcyinkfyxixxkwdgntgclxrefrphguprqhnbnprkxctlgb.biz/',NULL ),
(41, 'Artist', 'Nicole Rogers', 'vbrown41', '1995-06-01', 'https://www.holder.com/', 'https://www.instagram.com/rfebwxpyqpubaexqoxakndral.com/',NULL ),
(42, 'Artist', 'Katrina Davis', 'odixon42', '2010-10-08', 'https://www.simmons.info/', 'https://www.instagram.com/rmxxbgmrmmtqaqpcgmeveanagccebpedyewahugtbnyocabdexsoojwncdeear.info/',NULL ),
(43, 'Artist', 'Jason Carter', 'jay4743', '1973-08-26', 'http://johnson-savage.org/', 'https://www.instagram.com/bwyhotuoylbxrbuoa.com/',NULL ),
(44, 'Artist', 'Louis Daniel', 'hollyprice44', '1972-08-25', 'https://www.allen-warren.com/', 'https://www.instagram.com/mlhmxnj.com/',NULL ),
(45, 'Artist', 'Brandi Giles', 'emartinez45', '1971-09-28', 'https://www.lewis.info/', 'https://www.instagram.com/pbrpehrxxqorwkpdlsqyfdiukpfsrtwmuekpoqafkrey.org/',NULL ),
(46, 'Artist', 'Mary Mitchell', 'vthompson46', '2004-02-02', 'https://www.smith.com/', 'https://www.instagram.com/anunorydaeeikseqlwxtemjtxapithqmdiwllpwyhsji.com/',NULL ),
(47, 'Artist', 'Anita Campos', 'owentara47', '1998-01-04', 'https://www.williams-johnson.org/', 'https://www.instagram.com/xmpvqufmuxaqagpxmssawakwgaogjxwoiykhtfdywkfijatuytybvvpdax.com/',NULL ),
(48, 'Artist', 'Tyler Evans', 'katelyn6248', '1984-08-27', 'https://gray.com/', 'https://www.instagram.com/asddfxwqmyrmpppphpdlsagle.com/',NULL ),
(49, 'Artist', 'Cynthia Munoz', 'warnerwilliam49', '2009-01-15', 'http://horn.com/', 'https://www.instagram.com/vphteaoeyjkjbdwtumqucttde.com/',NULL ),
(50, 'Artist', 'Jose Haley', 'mdaniels50', '2020-08-27', 'https://www.harrison.net/', 'https://www.instagram.com/diivdexnkbvalgcchvlmcthumngpjkvlnbadd.net/',NULL ),
(51, 'Artist', 'Randy Smith DDS', 'smithcraig51', '1997-04-02', 'https://perez-abbott.net/', 'https://www.instagram.com/ddobhumdiolvsfrmtbrvfddfuvkiqpbanvnqvnjvdbbvcvnsxlf.com/',NULL ),
(52, 'Band', 'Smith-Norton', 'monicaromero52', '1995-04-07', 'http://www.rios.net/', 'https://www.instagram.com/gfhwkallfdfysfocognfkaaakkftqirkdbnlgcusbvgrlpkpscdfeyasjmrelq.info/',NULL ),
(53, 'Artist', 'Richard Coleman', 'garzaamanda53', '1991-08-27', 'https://www.watson.info/', 'https://www.instagram.com/txcpvjannrsokknoekefedoujrmyfrvgurxc.org/',NULL ),
(54, 'Artist', 'Janet Hutchinson', 'craigalvarez54', '1982-07-22', 'http://www.hale.com/', 'https://www.instagram.com/lpjhgiagbv.net/',NULL ),
(55, 'Artist', 'Dustin Oconnor', 'lbruce55', '2009-08-21', 'http://harris-cline.com/', 'https://www.instagram.com/nunnimfrhwrmfekfac.com/',NULL ),
(56, 'Artist', 'Phillip Bridges', 'paulhernandez56', '2005-03-15', 'https://walker.biz/', 'https://www.instagram.com/emlceunsqsonkuhfaqxmeqdpx.com/',NULL ),
(57, 'Band', 'Jackson-Sanchez', 'fcampbell57', '1997-01-06', 'https://www.sawyer-robinson.com/', 'https://www.instagram.com/hbpycshgudtsqfcpoivqlktmvjgcphvmtbbdapmovcuuyosoqehghmgca.info/',NULL ),
(58, 'Artist', 'Jacob Smith', 'bcampbell58', '2007-03-20', 'http://schroeder-nelson.com/', 'https://www.instagram.com/rdcfhbuvjbxntcaxvamsbtmeiqfccipsdtvcgmfsfkaubllppicows.com/',NULL ),
(59, 'Artist', 'Jose Tyler', 'lorettawells59', '1995-08-20', 'https://www.may.com/', 'https://www.instagram.com/ekwjncaahdvtikxvdhbvvxwglqbgnklhvppkyjbkcqfgecrrvsmmli.com/',NULL ),
(60, 'Artist', 'Erin Jackson', 'edwardmiller60', '2019-02-13', 'http://www.lamb.com/', 'https://www.instagram.com/vatjkqqnvmtvjkne.com/',NULL );

INSERT INTO `genre` (`id`, `genre_name`, `parent_genre`) VALUES
(1, 'Rock', NULL),
(2, 'Hard Rock', 'Rock'),
(3, 'Progressive Rock', 'Rock'),
(4, 'Punk Rock', 'Rock'),
(5, 'Jazz', NULL),
(6, 'Smooth Jazz', 'Jazz'),
(7, 'Bebop', 'Jazz'),
(8, 'Electronic', NULL),
(9, 'House', 'Electronic'),
(10, 'Techno', 'Electronic'),
(11, 'Pop', NULL),
(12, 'K-Pop', 'Pop'),
(13, 'Electropop', 'Pop'),
(14, 'Metal', NULL),
(15, 'Heavy Metal', 'Metal'),
(16, 'Black Metal', 'Metal'),
(17, 'Classical', NULL),
(18, 'Baroque', 'Classical'),
(19, 'Romantic', 'Classical');

INSERT INTO `artist_band_genre` (`artist_band_id`, `genre_id`) VALUES
(1, 9),
(1, 6),
(1, 16),
(2, 7),
(2, 2),
(2, 1),
(3, 11),
(3, 2),
(3, 8),
(4, 11),
(4, 15),
(4, 5),
(5, 8),
(5, 16),
(5, 7),
(6, 14),
(6, 15),
(7, 7),
(7, 18),
(8, 5),
(8, 3),
(8, 14),
(9, 2),
(9, 12),
(9, 6),
(10, 16),
(11, 17),
(11, 19),
(12, 9),
(12, 8),
(13, 3),
(14, 9),
(14, 2),
(14, 8),
(15, 16),
(15, 4),
(16, 6),
(17, 12),
(17, 18),
(18, 16),
(18, 2),
(19, 16),
(19, 17),
(19, 2),
(20, 11),
(21, 5),
(22, 19),
(23, 9),
(24, 11),
(24, 18),
(24, 12),
(25, 19),
(26, 3),
(26, 16),
(26, 8),
(27, 3),
(27, 1),
(28, 2),
(28, 4),
(29, 6),
(29, 12),
(30, 14),
(30, 1),
(31, 16),
(31, 10),
(32, 5),
(32, 3),
(32, 13),
(33, 2),
(33, 9),
(33, 14),
(34, 2),
(34, 13),
(34, 12),
(35, 19),
(36, 15),
(36, 6),
(37, 8),
(37, 1),
(37, 19),
(38, 18),
(38, 4),
(39, 15),
(40, 8),
(40, 1),
(40, 7),
(41, 1),
(41, 14),
(42, 13),
(43, 4),
(43, 5),
(44, 7),
(44, 18),
(45, 15),
(46, 12),
(47, 5),
(47, 14),
(48, 11),
(48, 3),
(48, 14),
(49, 2),
(49, 18),
(50, 8),
(51, 9),
(52, 7),
(53, 6),
(53, 15),
(54, 10),
(54, 12),
(55, 12),
(55, 6),
(56, 7),
(56, 1),
(56, 18),
(57, 14),
(57, 12),
(58, 12),
(58, 2),
(58, 15),
(59, 6),
(59, 13),
(59, 9),
(60, 19),
(60, 15);

INSERT INTO `memberof` (`artist_id`, `band_id`, `join_date`, `leave_date`,`role`) VALUES
(6, 8, '2003-02-13', '2003-08-21', 'Guitarist'),
(7, 8, '2018-05-01', '2018-05-30', 'Drummer'),
(9, 8, '2020-12-06', NULL, 'Guitarist'),
(11, 8, '2003-04-20', '2020-07-15', 'Vocalist'),
(25, 8, '2020-03-03', '2020-12-15', 'Guitarist'),
(41, 8, '2008-01-03', NULL, 'Bass'),
(3, 22, '2010-06-17', NULL, 'Bass'),
(19, 22, '2003-06-24', '2015-03-14', 'Vocalist'),
(37, 22, '1987-09-03', NULL, 'Drummer'),
(44, 22, '1980-01-11', NULL, 'Guitarist'),
(2, 23, '2020-09-23', NULL, 'Bass'),
(45, 23, '2016-10-15', '2018-04-26', 'Drummer'),
(48, 23, '2019-04-21', '2025-05-12', 'Guitarist'),
(21, 27, '2020-04-19', NULL, 'Piano'),
(34, 27, '2020-02-17', '2024-09-15', 'Guitarist'),
(42, 27, '2020-10-04', NULL, 'Violin'),
(47, 27, '2020-08-07', '2024-10-14', 'Vocalist'),
(49, 27, '2020-07-10', NULL, 'Drummer'),
(4, 35, '1993-10-02', '1994-01-09', 'Piano'),
(24, 35, '1994-05-23', NULL, 'Piano'),
(33, 35, '2006-03-25', NULL, 'Violin'),
(37, 35, '1996-07-29', NULL, 'Guitarist'),
(41, 35, '2016-06-01', NULL, 'Drummer'),
(51, 35, '2014-03-03', '2014-08-23', 'Vocalist'),
(53, 35, '1991-10-12', NULL, 'Bass'),
(56, 35, '1996-03-15', NULL, 'Guitarist'),
(58, 35, '2012-07-16', NULL, 'Violin'),
(60, 35, '1994-02-12', NULL, 'Vocalist'),
(2, 39, '1990-07-06', '1991-06-12', 'Guitarist'),
(7, 39, '2020-01-29', '2020-06-01', 'Guitarist'),
(9, 39, '2007-12-07', NULL, 'Guitarist'),
(10, 39, '2012-01-13', NULL, 'Violin'),
(18, 39, '2001-02-26', NULL, 'Vocalist'),
(26, 39, '1989-10-22', NULL, 'Violin'),
(53, 39, '2004-12-25', NULL, 'Bass'),
(60, 39, '2015-01-31', NULL, 'Piano'),
(7, 40, '2011-04-10', '2011-05-07', 'Bass'),
(14, 40, '1998-11-22', '2001-02-22', 'Piano'),
(19, 40, '2003-08-12', NULL, 'Vocalist'),
(29, 40, '2011-10-05', '2016-05-31', 'Guitarist'),
(43, 52, '2010-06-08', '2010-06-10', 'Drummer'),
(44, 52, '2007-12-13', NULL, 'Guitarist'),
(2, 57, '2010-05-20', NULL, 'Vocalist'),
(41, 57, '2019-12-19', NULL, 'Vocalist'),
(53, 57, '1999-06-18', NULL, 'Violin');

INSERT INTO `festival` (`year`, `start_date`, `end_date`, `location_id`, `poster`) VALUES
(2015, '2015-10-16','2015-10-19', 18, 15),
(2016, '2016-12-17','2016-12-19', 8, 17),
(2017, '2017-10-07','2017-10-11', 16, 19),
(2018, '2018-04-04','2018-04-10', 17, 18),
(2019, '2019-02-23','2019-03-02', 21, 20),
(2020, '2020-11-22','2020-11-29', 13, 14),
(2021, '2021-06-08','2021-06-10', 11, 11),
(2022, '2022-09-21','2022-09-22', 1, 12),
(2023, '2023-09-27','2023-10-04', 20, 13),
(2024, '2024-10-08','2024-10-13', 7, 16);

INSERT INTO `event` (`id`, `festival_year`, `name`, `event_date`, `start_time`, `end_time`, `poster`) VALUES
(1, '2015', 'weberbenjamin', '2015-10-16', '2015-10-16 13:57:14', '2015-10-16 22:57:14', 70),
(2, '2015', 'ambernicholson', '2015-10-16', '2015-10-16 09:58:34', '2015-10-16 12:58:34', 69),
(3, '2015', 'monicawatson', '2015-10-16', '2015-10-16 06:37:26', '2015-10-16 12:37:26', 68),
(4, '2015', 'david72', '2015-10-16', '2015-10-16 10:14:23', '2015-10-16 19:14:23', 67),
(5, '2016', 'alvarezbobby', '2016-12-17', '2016-12-17 16:56:20', '2016-12-17 22:56:20', 61),
(6, '2016', 'brett44', '2016-12-17', '2016-12-17 22:28:53', '2016-12-18 01:28:53', 62),
(7, '2016', 'katiestafford', '2016-12-17', '2016-12-17 02:00:37', '2016-12-17 05:00:37', 65),
(8, '2016', 'david19', '2016-12-17', '2016-12-17 00:57:11', '2016-12-17 12:57:11', 63),
(9, '2017', 'tuckerrichard', '2017-10-07', '2017-10-07 23:13:36', '2017-10-08 05:13:36', 66),
(10, '2017', 'umitchell', '2017-10-07', '2017-10-07 22:04:00', '2017-10-08 01:04:00', 64),
(11, '2017', 'william18', '2017-10-07', '2017-10-07 09:32:06', '2017-10-07 18:32:06', NULL),
(12, '2017', 'hooverkara', '2017-10-07', '2017-10-07 06:07:02', '2017-10-07 12:07:02', NULL),
(13, '2018', 'hintonjonathan', '2018-04-04', '2018-04-04 00:51:32', '2018-04-04 09:51:32', NULL),
(14, '2018', 'adamslacey', '2018-04-04', '2018-04-04 23:22:56', '2018-04-05 05:22:56', NULL),
(15, '2018', 'smithmelanie', '2018-04-04', '2018-04-04 11:03:57', '2018-04-04 14:03:57', NULL),
(16, '2018', 'courtneyalvarez', '2018-04-04', '2018-04-04 23:42:15', '2018-04-05 11:42:15', NULL),
(17, '2019', 'williamschristina', '2019-02-23', '2019-02-23 15:10:14', '2019-02-23 21:10:14', NULL),
(18, '2019', 'john27', '2019-02-23', '2019-02-23 13:32:54', '2019-02-23 19:32:54', NULL),
(19, '2019', 'brianjones', '2019-02-23', '2019-02-23 20:19:32', '2019-02-23 23:19:32', NULL),
(20, '2019', 'jamesdenise', '2019-02-23', '2019-02-23 13:32:40', '2019-02-23 22:32:40', NULL),
(21, '2020', 'dparks', '2020-11-22', '2020-11-22 05:15:02', '2020-11-22 11:15:02', NULL),
(22, '2020', 'pamelajuarez', '2020-11-22', '2020-11-22 17:57:57', '2020-11-23 02:57:57', NULL),
(23, '2020', 'pthomas', '2020-11-22', '2020-11-22 11:24:37', '2020-11-22 20:24:37', NULL),
(24, '2020', 'hardyricky', '2020-11-22', '2020-11-22 22:29:36', '2020-11-23 10:29:36', NULL),
(25, '2021', 'vanessaaustin', '2021-06-08', '2021-06-08 06:04:11', '2021-06-08 18:04:11', NULL),
(26, '2021', 'keiththomas', '2021-06-08', '2021-06-08 01:40:51', '2021-06-08 07:40:51', NULL),
(27, '2021', 'stephaniejohnson', '2021-06-08', '2021-06-08 14:46:40', '2021-06-08 17:46:40', NULL),
(28, '2021', 'matthew08', '2021-06-08', '2021-06-08 08:20:15', '2021-06-08 17:20:15', NULL),
(29, '2022', 'patrick60', '2022-09-21', '2022-09-21 15:21:04', '2022-09-22 03:21:04', NULL),
(30, '2022', 'riveraelizabeth', '2022-09-21', '2022-09-21 07:10:38', '2022-09-21 19:10:38', NULL);

INSERT INTO `venue` (`id`, `name`, `description`, `max_capacity`, `technical_requirements`, `photo`) VALUES
(1, 'Elizabeth Estates','Illo nihil et aliquam eos, voluptates voluptas in quas id magni debitis et natus architecto, quo vero blanditiis omnis rerum enim dolores soluta voluptatum quaerat quisquam, amet error eum velit dolore maxime nesciunt?', 144, 'Microphones,Microphones,Microphones,Microphones,Speakers', 54),
(2, 'Melanie Dam','Tempore doloremque facilis nisi, magnam ipsa suscipit illum quisquam laudantium alias, necessitatibus quo dolorum culpa officia, dignissimos tenetur incidunt a inventore odit accusamus modi repudiandae accusantium.', 153, 'Sound Systems,Special Effects', 52),
(3, 'Melissa Ridges','Nam adipisci facere officia facilis nemo eveniet molestias reprehenderit nostrum nulla, quisquam alias eveniet architecto commodi aperiam itaque quas sint perspiciatis, asperiores ipsa explicabo est quos architecto, sint commodi natus ipsa dicta cum qui culpa vitae placeat vel possimus.', 151, 'Speakers,Sound Systems,Microphones,Speakers', 50),
(4, 'Sonya Point','Dicta aperiam nesciunt illum eos harum cumque rerum, saepe sapiente deserunt quo sequi magnam sed necessitatibus architecto dolor fuga, aut quasi unde expedita fugiat odit assumenda.', 271, 'Microphones,Microphones,Speakers,Stage Lights', 60),
(5, 'Lisa Curve','Ipsam tempora ratione animi voluptates totam sint eius iusto odio velit, obcaecati ipsa et ex architecto suscipit aliquam maxime perferendis eius quos, vero dolorum beatae magni, incidunt consequuntur sed mollitia sunt, sapiente autem animi tenetur soluta numquam praesentium?', 204, 'Microphones,Microphones', 46),
(6, 'Lynn Manors','Quidem alias maxime accusamus magnam neque mollitia officia minima ad deserunt, cum qui laudantium quam magnam assumenda itaque animi nam hic illo, excepturi temporibus quia libero alias accusantium quis omnis sit inventore doloremque, at architecto omnis fugiat nesciunt nemo velit repellat harum, eum saepe autem maiores?', 239, 'Stage Lights,Speakers,Speakers,Sound Systems,Microphones', 41),
(7, 'Figueroa Groves','Est distinctio veniam optio rem corporis deserunt nulla perferendis, minus ipsum rerum, cupiditate vel non iusto voluptates accusamus vero, inventore explicabo perspiciatis ipsum ratione, perferendis dolore laboriosam.', 220, 'Sound Systems', 49),
(8, 'Cynthia Manor','Vel voluptatum labore eum, magnam repellat sed vero amet ullam, tempora dolore vero maiores porro totam, voluptatibus qui commodi pariatur optio tempora ea?', 322, 'Special Effects', 55),
(9, 'Martin Heights','Fugiat nulla vitae itaque harum unde quisquam in neque, praesentium eos quasi quod repellendus voluptas sit, consectetur officia doloribus eum tempora quidem non consequatur eius itaque modi velit?', 105, 'Sound Systems,Microphones,Microphones', 44),
(10, 'Davis Unions','Modi error adipisci dolor in praesentium fugiat dolorem nostrum, error a recusandae reprehenderit maiores cupiditate fugiat reiciendis voluptas tempora?', 172, 'Sound Systems,Sound Systems', 45),
(11, 'Andrea Heights','Est saepe qui explicabo, soluta nisi ullam voluptate velit recusandae incidunt magni, architecto unde odio ipsum consequuntur, ipsam eveniet modi vel accusantium vero fugit aperiam sapiente.', 112, 'Special Effects,Speakers', 43),
(12, 'Hernandez Cliffs','Alias dignissimos aliquid provident earum accusantium reprehenderit eum, iure expedita fuga ipsam sed sapiente possimus dignissimos labore, facilis voluptas minima voluptate aspernatur possimus?', 133, 'Speakers,Sound Systems', 51),
(13, 'Joseph Lake','Vitae numquam molestias porro vero voluptatem quibusdam fugit corporis et voluptas quos, rem at obcaecati dolor.', 258, 'Sound Systems,Speakers,Speakers', 58),
(14, 'Barnes Expressway','Ab fugiat exercitationem pariatur, veniam voluptate vero incidunt nisi natus nulla.', 116, 'Microphones,Special Effects,Stage Lights,Sound Systems,Speakers', 48),
(15, 'Elizabeth Island','Magni id assumenda nesciunt voluptatum delectus quia inventore commodi, fugit quod sunt cum voluptatem dicta reprehenderit rem ducimus temporibus sed, totam aspernatur ea cupiditate id nemo quasi consequatur architecto deserunt maiores?', 100, 'Stage Lights,Microphones', 42),
(16, 'Desiree Unions','Ratione est in enim eos nemo aperiam, id voluptatum temporibus esse iste praesentium nemo doloribus quas rerum, repellat obcaecati consequuntur sed non eum illo?', 255, 'Speakers,Sound Systems,Sound Systems,Microphones,Stage Lights', 53),
(17, 'Morgan Ville','Tempore hic nemo harum cumque, amet cupiditate nisi ea facilis, quasi nihil ut?', 140, 'Speakers,Stage Lights,Microphones', 56),
(18, 'Ward Village','Molestiae itaque illum quae, repudiandae eligendi assumenda laborum?', 183, 'Speakers,Speakers,Speakers,Microphones,Microphones', 47),
(19, 'Thomas Light','Animi fuga tempore necessitatibus, pariatur porro reiciendis?', 258, 'Stage Lights', 59),
(20, 'Roy Junction','Sequi perferendis sapiente dolor, facilis distinctio modi unde, repellendus aliquid eum iure officia rem natus, fugiat accusantium nesciunt totam temporibus repudiandae voluptas?', 278, 'Microphones,Speakers', 57),
(21, 'Alexandra Hollow','Impedit aspernatur incidunt modi dolore laborum, commodi sunt architecto soluta voluptate possimus debitis asperiores cum nihil eos consequatur, repellendus ea doloribus accusantium sunt vero dolor id eaque sint autem illum, dolor cumque quos ex ut atque sunt beatae quaerat voluptas.', 235, 'Special Effects,Sound Systems,Special Effects,Speakers,Stage Lights', NULL),
(22, 'David Plains','Tenetur nesciunt quibusdam porro, libero aliquid pariatur repudiandae debitis esse omnis dolorem voluptates explicabo, delectus quibusdam consectetur, beatae suscipit possimus officiis nisi aperiam rem?', 165, 'Speakers,Speakers', NULL),
(23, 'Brown Turnpike','Labore voluptate reprehenderit assumenda magni, velit quo dolores, tempora perferendis animi dolor necessitatibus fuga temporibus eligendi rerum eum corrupti.', 218, 'Microphones,Speakers,Special Effects,Sound Systems', NULL),
(24, 'Collin Field','Porro fuga illum obcaecati enim possimus explicabo quo, ex fugiat fuga dignissimos vitae ipsum a alias repellat provident, consectetur dolorem quisquam iste vitae ipsa.', 294, 'Microphones,Speakers,Microphones', NULL),
(25, 'Foley Island','Tempore modi veritatis debitis molestiae, a ex eum distinctio similique consequatur fugiat fuga totam, officia ducimus accusantium provident ad, beatae autem ullam consequuntur magnam aliquam enim, minus deleniti tenetur nam fugiat ex quaerat.', 333, 'Sound Systems,Special Effects,Special Effects', NULL),
(26, 'Casey Trafficway','Aut suscipit vel recusandae numquam accusamus nemo molestiae delectus, eius eos labore quaerat corporis laudantium id explicabo?', 215, 'Sound Systems', NULL),
(27, 'Jessica Tunnel','Animi aperiam obcaecati ad culpa facere, blanditiis ex labore perspiciatis mollitia est vero minus molestiae repellat sit numquam, quia placeat repellat minus.', 217, 'Microphones,Microphones', NULL),
(28, 'Cole Crest','Odio itaque quia temporibus ipsa nostrum necessitatibus rem ipsum saepe nihil, accusantium aliquid perferendis earum ab ratione culpa sapiente blanditiis dicta, magnam ipsa aperiam enim?', 116, 'Speakers,Microphones,Microphones', NULL),
(29, 'Miguel Meadow','Soluta cupiditate aperiam doloribus quidem quas fugiat quasi ipsum ut, minima illum ab assumenda autem, fuga veritatis delectus?', 155, 'Speakers,Speakers', NULL),
(30, 'Michael Spur','Totam minima eaque vel quibusdam laborum illum nulla nostrum enim dolores, dolorum ipsa illum eligendi voluptatibus neque accusantium nam in?', 167, 'Special Effects,Microphones', NULL);

INSERT INTO `event_venue` (`event_id`, `venue_id`) VALUES
(1, 13),
(2, 13),
(3, 5),
(4, 8),
(5, 23),
(6, 20),
(7, 18),
(8, 9),
(9, 6),
(10, 27),
(11, 6),
(12, 6),
(13, 1),
(14, 30),
(15, 10),
(16, 4),
(17, 26),
(18, 26),
(19, 24),
(20, 2),
(21, 17),
(22, 1),
(23, 3),
(24, 15),
(25, 1),
(26, 26),
(27, 28),
(28, 1),
(29, 12),
(30, 2);

INSERT INTO `performance` (`id`, `event_id`, `venue_id`, `performance_type`, `start_time`, `duration`, `sequence_number`, `break_duration`) VALUES
(1, 1, 13, 'warm up', '2015-10-16 13:57:14', '1:08:50', '1', '0:29:00'),
(2, 1, 13, 'headline', '2015-10-16 15:35:04', '1:08:50', '2', '0:13:00'),
(3, 1, 13, 'headline', '2015-10-16 16:56:54', '1:08:50', '3', '0:29:00'),
(4, 1, 13, 'Special guest', '2015-10-16 18:34:44', '1:08:50', '4', '0:12:00'),
(5, 1, 13, 'headline', '2015-10-16 19:55:34', '1:08:50', '5', '0:27:00'),
(6, 1, 13, 'headline', '2015-10-16 21:31:24', '1:08:50', '6', '0:17:00'),
(7, 2, 13, 'warm up', '2015-10-16 09:58:34', '0:16:00', '1', '0:15:00'),
(8, 2, 13, 'other', '2015-10-16 10:29:34', '0:16:00', '2', '0:18:00'),
(9, 2, 13, 'Special guest', '2015-10-16 11:03:34', '0:16:00', '3', '0:15:00'),
(10, 2, 13, 'Special guest', '2015-10-16 11:34:34', '0:16:00', '4', '0:24:00'),
(11, 2, 13, 'other', '2015-10-16 12:14:34', '0:16:00', '5', '0:28:00'),
(12, 3, 5, 'warm up', '2015-10-16 06:37:26', '0:43:40', '1', '0:09:00'),
(13, 3, 5, 'headline', '2015-10-16 07:30:06', '0:43:40', '2', '0:14:00'),
(14, 3, 5, 'headline', '2015-10-16 08:27:46', '0:43:40', '3', '0:23:00'),
(15, 3, 5, 'headline', '2015-10-16 09:34:26', '0:43:40', '4', '0:07:00'),
(16, 3, 5, 'other', '2015-10-16 10:25:06', '0:43:40', '5', '0:27:00'),
(17, 3, 5, 'headline', '2015-10-16 11:35:46', '0:43:40', '6', '0:18:00'),
(18, 4, 8, 'warm up', '2015-10-16 10:14:23', '1:10:50', '1', '0:08:00'),
(19, 4, 8, 'Special guest', '2015-10-16 11:33:13', '1:10:50', '2', '0:11:00'),
(20, 4, 8, 'headline', '2015-10-16 12:55:03', '1:10:50', '3', '0:27:00'),
(21, 4, 8, 'other', '2015-10-16 14:32:53', '1:10:50', '4', '0:24:00'),
(22, 4, 8, 'other', '2015-10-16 16:07:43', '1:10:50', '5', '0:30:00'),
(23, 4, 8, 'headline', '2015-10-16 17:48:33', '1:10:50', '6', '0:15:00'),
(24, 5, 23, 'warm up', '2016-12-17 16:56:20', '0:37:08.571429', '1', '0:05:00'),
(25, 5, 23, 'other', '2016-12-17 17:38:28.571429', '0:37:08.571429', '2', '0:05:00'),
(26, 5, 23, 'other', '2016-12-17 18:20:37.142858', '0:37:08.571429', '3', '0:18:00'),
(27, 5, 23, 'headline', '2016-12-17 19:15:45.714287', '0:37:08.571429', '4', '0:15:00'),
(28, 5, 23, 'Special guest', '2016-12-17 20:07:54.285716', '0:37:08.571429', '5', '0:17:00'),
(29, 5, 23, 'other', '2016-12-17 21:02:02.857145', '0:37:08.571429', '6', '0:23:00'),
(30, 5, 23, 'Special guest', '2016-12-17 22:02:11.428574', '0:37:08.571429', '7', '0:17:00'),
(31, 6, 20, 'warm up', '2016-12-17 22:28:53', '0:20:24', '1', '0:24:00'),
(32, 6, 20, 'other', '2016-12-17 23:13:17', '0:20:24', '2', '0:05:00'),
(33, 6, 20, 'headline', '2016-12-17 23:38:41', '0:20:24', '3', '0:06:00'),
(34, 6, 20, 'headline', '2016-12-18 00:05:05', '0:20:24', '4', '0:25:00'),
(35, 6, 20, 'headline', '2016-12-18 00:50:29', '0:20:24', '5', '0:18:00'),
(36, 7, 18, 'warm up', '2016-12-17 02:00:37', '0:22:48', '1', '0:14:00'),
(37, 7, 18, 'Special guest', '2016-12-17 02:37:25', '0:22:48', '2', '0:25:00'),
(38, 7, 18, 'headline', '2016-12-17 03:25:13', '0:22:48', '3', '0:14:00'),
(39, 7, 18, 'other', '2016-12-17 04:02:01', '0:22:48', '4', '0:05:00'),
(40, 7, 18, 'other', '2016-12-17 04:29:49', '0:22:48', '5', '0:08:00'),
(41, 8, 9, 'warm up', '2016-12-17 00:57:11', '1:42:50', '1', '0:24:00'),
(42, 8, 9, 'headline', '2016-12-17 03:04:01', '1:42:50', '2', '0:18:00'),
(43, 8, 9, 'other', '2016-12-17 05:04:51', '1:42:50', '3', '0:06:00'),
(44, 8, 9, 'other', '2016-12-17 06:53:41', '1:42:50', '4', '0:17:00'),
(45, 8, 9, 'other', '2016-12-17 08:53:31', '1:42:50', '5', '0:25:00'),
(46, 8, 9, 'Special guest', '2016-12-17 11:01:21', '1:42:50', '6', '0:13:00'),
(47, 9, 6, 'warm up', '2017-10-07 23:13:36', '0:38:50', '1', '0:25:00'),
(48, 9, 6, 'Special guest', '2017-10-08 00:17:26', '0:38:50', '2', '0:14:00'),
(49, 9, 6, 'other', '2017-10-08 01:10:16', '0:38:50', '3', '0:25:00'),
(50, 9, 6, 'other', '2017-10-08 02:14:06', '0:38:50', '4', '0:30:00'),
(51, 9, 6, 'other', '2017-10-08 03:22:56', '0:38:50', '5', '0:16:00'),
(52, 9, 6, 'Special guest', '2017-10-08 04:17:46', '0:38:50', '6', '0:17:00'),
(53, 10, 27, 'warm up', '2017-10-07 22:04:00', '0:06:08.571429', '1', '0:22:00'),
(54, 10, 27, 'other', '2017-10-07 22:32:08.571429', '0:06:08.571429', '2', '0:28:00'),
(55, 10, 27, 'headline', '2017-10-07 23:06:17.142858', '0:06:08.571429', '3', '0:08:00'),
(56, 10, 27, 'other', '2017-10-07 23:20:25.714287', '0:06:08.571429', '4', '0:24:00'),
(57, 10, 27, 'Special guest', '2017-10-07 23:50:34.285716', '0:06:08.571429', '5', '0:29:00'),
(58, 10, 27, 'headline', '2017-10-08 00:25:42.857145', '0:06:08.571429', '6', '0:19:00'),
(59, 10, 27, 'Special guest', '2017-10-08 00:50:51.428574', '0:06:08.571429', '7', '0:07:00'),
(60, 11, 6, 'warm up', '2017-10-07 09:32:06', '1:15:00', '1', '0:30:00'),
(61, 11, 6, 'Special guest', '2017-10-07 11:17:06', '1:15:00', '2', '0:10:00'),
(62, 11, 6, 'other', '2017-10-07 12:42:06', '1:15:00', '3', '0:12:00'),
(63, 11, 6, 'other', '2017-10-07 14:09:06', '1:15:00', '4', '0:09:00'),
(64, 11, 6, 'Special guest', '2017-10-07 15:33:06', '1:15:00', '5', '0:10:00'),
(65, 11, 6, 'headline', '2017-10-07 16:58:06', '1:15:00', '6', '0:19:00'),
(66, 12, 6, 'warm up', '2017-10-07 06:07:02', '0:43:20', '1', '0:10:00'),
(67, 12, 6, 'Special guest', '2017-10-07 07:00:22', '0:43:20', '2', '0:27:00'),
(68, 12, 6, 'other', '2017-10-07 08:10:42', '0:43:20', '3', '0:10:00'),
(69, 12, 6, 'other', '2017-10-07 09:04:02', '0:43:20', '4', '0:10:00'),
(70, 12, 6, 'headline', '2017-10-07 09:57:22', '0:43:20', '5', '0:27:00'),
(71, 12, 6, 'Special guest', '2017-10-07 11:07:42', '0:43:20', '6', '0:16:00'),
(72, 13, 1, 'warm up', '2018-04-04 00:51:32', '1:28:12', '1', '0:20:00'),
(73, 13, 1, 'other', '2018-04-04 02:39:44', '1:28:12', '2', '0:25:00'),
(74, 13, 1, 'other', '2018-04-04 04:32:56', '1:28:12', '3', '0:16:00'),
(75, 13, 1, 'Special guest', '2018-04-04 06:17:08', '1:28:12', '4', '0:26:00'),
(76, 13, 1, 'headline', '2018-04-04 08:11:20', '1:28:12', '5', '0:12:00'),
(77, 14, 30, 'warm up', '2018-04-04 23:22:56', '0:54:24', '1', '0:23:00'),
(78, 14, 30, 'other', '2018-04-05 00:40:20', '0:54:24', '2', '0:29:00'),
(79, 14, 30, 'other', '2018-04-05 02:03:44', '0:54:24', '3', '0:06:00'),
(80, 14, 30, 'other', '2018-04-05 03:04:08', '0:54:24', '4', '0:18:00'),
(81, 14, 30, 'headline', '2018-04-05 04:16:32', '0:54:24', '5', '0:12:00'),
(82, 15, 10, 'warm up', '2018-04-04 11:03:57', '0:09:00', '1', '0:09:00'),
(83, 15, 10, 'other', '2018-04-04 11:21:57', '0:09:00', '2', '0:28:00'),
(84, 15, 10, 'Special guest', '2018-04-04 11:58:57', '0:09:00', '3', '0:16:00'),
(85, 15, 10, 'Special guest', '2018-04-04 12:23:57', '0:09:00', '4', '0:30:00'),
(86, 15, 10, 'headline', '2018-04-04 13:02:57', '0:09:00', '5', '0:13:00'),
(87, 15, 10, 'headline', '2018-04-04 13:24:57', '0:09:00', '6', '0:30:00'),
(88, 16, 4, 'warm up', '2018-04-04 23:42:15', '2:09:48', '1', '0:15:00'),
(89, 16, 4, 'Special guest', '2018-04-05 02:07:03', '2:09:48', '2', '0:09:00'),
(90, 16, 4, 'other', '2018-04-05 04:25:51', '2:09:48', '3', '0:17:00'),
(91, 16, 4, 'Special guest', '2018-04-05 06:52:39', '2:09:48', '4', '0:16:00'),
(92, 16, 4, 'headline', '2018-04-05 09:18:27', '2:09:48', '5', '0:14:00'),
(93, 17, 26, 'warm up', '2019-02-23 15:10:14', '0:34:08.571429', '1', '0:28:00'),
(94, 17, 26, 'headline', '2019-02-23 16:12:22.571429', '0:34:08.571429', '2', '0:16:00'),
(95, 17, 26, 'Special guest', '2019-02-23 17:02:31.142858', '0:34:08.571429', '3', '0:12:00'),
(96, 17, 26, 'headline', '2019-02-23 17:48:39.714287', '0:34:08.571429', '4', '0:07:00'),
(97, 17, 26, 'Special guest', '2019-02-23 18:29:48.285716', '0:34:08.571429', '5', '0:29:00'),
(98, 17, 26, 'headline', '2019-02-23 19:32:56.857145', '0:34:08.571429', '6', '0:21:00'),
(99, 17, 26, 'other', '2019-02-23 20:28:05.428574', '0:34:08.571429', '7', '0:08:00'),
(100, 18, 26, 'warm up', '2019-02-23 13:32:54', '0:56:00', '1', '0:21:00'),
(101, 18, 26, 'other', '2019-02-23 14:49:54', '0:56:00', '2', '0:13:00'),
(102, 18, 26, 'other', '2019-02-23 15:58:54', '0:56:00', '3', '0:23:00'),
(103, 18, 26, 'headline', '2019-02-23 17:17:54', '0:56:00', '4', '0:12:00'),
(104, 18, 26, 'headline', '2019-02-23 18:25:54', '0:56:00', '5', '0:11:00'),
(105, 19, 24, 'warm up', '2019-02-23 20:19:32', '0:09:17.142857', '1', '0:16:00'),
(106, 19, 24, 'other', '2019-02-23 20:44:49.142857', '0:09:17.142857', '2', '0:05:00'),
(107, 19, 24, 'other', '2019-02-23 20:59:06.285714', '0:09:17.142857', '3', '0:06:00'),
(108, 19, 24, 'Special guest', '2019-02-23 21:14:23.428571', '0:09:17.142857', '4', '0:17:00'),
(109, 19, 24, 'other', '2019-02-23 21:40:40.571428', '0:09:17.142857', '5', '0:19:00'),
(110, 19, 24, 'other', '2019-02-23 22:08:57.714285', '0:09:17.142857', '6', '0:29:00'),
(111, 19, 24, 'headline', '2019-02-23 22:47:14.857142', '0:09:17.142857', '7', '0:23:00'),
(112, 20, 2, 'warm up', '2019-02-23 13:32:40', '1:28:00', '1', '0:20:00'),
(113, 20, 2, 'headline', '2019-02-23 15:20:40', '1:28:00', '2', '0:26:00'),
(114, 20, 2, 'Special guest', '2019-02-23 17:14:40', '1:28:00', '3', '0:10:00'),
(115, 20, 2, 'Special guest', '2019-02-23 18:52:40', '1:28:00', '4', '0:19:00'),
(116, 20, 2, 'other', '2019-02-23 20:39:40', '1:28:00', '5', '0:25:00'),
(117, 21, 17, 'warm up', '2020-11-22 05:15:02', '0:35:08.571429', '1', '0:06:00'),
(118, 21, 17, 'other', '2020-11-22 05:56:10.571429', '0:35:08.571429', '2', '0:09:00'),
(119, 21, 17, 'other', '2020-11-22 06:40:19.142858', '0:35:08.571429', '3', '0:12:00'),
(120, 21, 17, 'other', '2020-11-22 07:27:27.714287', '0:35:08.571429', '4', '0:18:00'),
(121, 21, 17, 'headline', '2020-11-22 08:20:36.285716', '0:35:08.571429', '5', '0:29:00'),
(122, 21, 17, 'Special guest', '2020-11-22 09:24:44.857145', '0:35:08.571429', '6', '0:10:00'),
(123, 21, 17, 'headline', '2020-11-22 10:09:53.428574', '0:35:08.571429', '7', '0:30:00'),
(124, 22, 1, 'warm up', '2020-11-22 17:57:57', '1:15:30', '1', '0:07:00'),
(125, 22, 1, 'Special guest', '2020-11-22 19:20:27', '1:15:30', '2', '0:11:00'),
(126, 22, 1, 'Special guest', '2020-11-22 20:46:57', '1:15:30', '3', '0:14:00'),
(127, 22, 1, 'Special guest', '2020-11-22 22:16:27', '1:15:30', '4', '0:14:00'),
(128, 22, 1, 'Special guest', '2020-11-22 23:45:57', '1:15:30', '5', '0:20:00'),
(129, 22, 1, 'other', '2020-11-23 01:21:27', '1:15:30', '6', '0:21:00'),
(130, 23, 3, 'warm up', '2020-11-22 11:24:37', '1:12:30', '1', '0:06:00'),
(131, 23, 3, 'other', '2020-11-22 12:43:07', '1:12:30', '2', '0:28:00'),
(132, 23, 3, 'Special guest', '2020-11-22 14:23:37', '1:12:30', '3', '0:19:00'),
(133, 23, 3, 'Special guest', '2020-11-22 15:55:07', '1:12:30', '4', '0:21:00'),
(134, 23, 3, 'Special guest', '2020-11-22 17:28:37', '1:12:30', '5', '0:09:00'),
(135, 23, 3, 'other', '2020-11-22 18:50:07', '1:12:30', '6', '0:22:00'),
(136, 24, 15, 'warm up', '2020-11-22 22:29:36', '1:25:08.571429', '1', '0:12:00'),
(137, 24, 15, 'Special guest', '2020-11-23 00:06:44.571429', '1:25:08.571429', '2', '0:15:00'),
(138, 24, 15, 'other', '2020-11-23 01:46:53.142858', '1:25:08.571429', '3', '0:26:00'),
(139, 24, 15, 'headline', '2020-11-23 03:38:01.714287', '1:25:08.571429', '4', '0:16:00'),
(140, 24, 15, 'other', '2020-11-23 05:19:10.285716', '1:25:08.571429', '5', '0:25:00'),
(141, 24, 15, 'Special guest', '2020-11-23 07:09:18.857145', '1:25:08.571429', '6', '0:21:00'),
(142, 24, 15, 'other', '2020-11-23 08:55:27.428574', '1:25:08.571429', '7', '0:09:00'),
(143, 25, 1, 'warm up', '2021-06-08 06:04:11', '2:10:24', '1', '0:21:00'),
(144, 25, 1, 'Special guest', '2021-06-08 08:35:35', '2:10:24', '2', '0:25:00'),
(145, 25, 1, 'headline', '2021-06-08 11:10:59', '2:10:24', '3', '0:11:00'),
(146, 25, 1, 'Special guest', '2021-06-08 13:32:23', '2:10:24', '4', '0:05:00'),
(147, 25, 1, 'headline', '2021-06-08 15:47:47', '2:10:24', '5', '0:06:00'),
(148, 26, 26, 'warm up', '2021-06-08 01:40:51', '0:57:48', '1', '0:12:00'),
(149, 26, 26, 'headline', '2021-06-08 02:50:39', '0:57:48', '2', '0:05:00'),
(150, 26, 26, 'headline', '2021-06-08 03:53:27', '0:57:48', '3', '0:26:00'),
(151, 26, 26, 'other', '2021-06-08 05:17:15', '0:57:48', '4', '0:13:00'),
(152, 26, 26, 'other', '2021-06-08 06:28:03', '0:57:48', '5', '0:15:00'),
(153, 27, 28, 'warm up', '2021-06-08 14:46:40', '0:08:42.857143', '1', '0:08:00'),
(154, 27, 28, 'Special guest', '2021-06-08 15:03:22.857143', '0:08:42.857143', '2', '0:19:00'),
(155, 27, 28, 'Special guest', '2021-06-08 15:31:05.714286', '0:08:42.857143', '3', '0:17:00'),
(156, 27, 28, 'other', '2021-06-08 15:56:48.571429', '0:08:42.857143', '4', '0:21:00'),
(157, 27, 28, 'headline', '2021-06-08 16:26:31.428572', '0:08:42.857143', '5', '0:19:00'),
(158, 27, 28, 'other', '2021-06-08 16:54:14.285715', '0:08:42.857143', '6', '0:11:00'),
(159, 27, 28, 'headline', '2021-06-08 17:13:57.142858', '0:08:42.857143', '7', '0:24:00'),
(160, 28, 1, 'warm up', '2021-06-08 08:20:15', '1:01:00', '1', '0:10:00'),
(161, 28, 1, 'other', '2021-06-08 09:31:15', '1:01:00', '2', '0:13:00'),
(162, 28, 1, 'Special guest', '2021-06-08 10:45:15', '1:01:00', '3', '0:25:00'),
(163, 28, 1, 'other', '2021-06-08 12:11:15', '1:01:00', '4', '0:19:00'),
(164, 28, 1, 'other', '2021-06-08 13:31:15', '1:01:00', '5', '0:13:00'),
(165, 28, 1, 'headline', '2021-06-08 14:45:15', '1:01:00', '6', '0:14:00'),
(166, 28, 1, 'headline', '2021-06-08 16:00:15', '1:01:00', '7', '0:19:00'),
(167, 29, 12, 'warm up', '2022-09-21 15:21:04', '1:39:10', '1', '0:30:00'),
(168, 29, 12, 'Special guest', '2022-09-21 17:30:14', '1:39:10', '2', '0:15:00'),
(169, 29, 12, 'Special guest', '2022-09-21 19:24:24', '1:39:10', '3', '0:19:00'),
(170, 29, 12, 'headline', '2022-09-21 21:22:34', '1:39:10', '4', '0:12:00'),
(171, 29, 12, 'other', '2022-09-21 23:13:44', '1:39:10', '5', '0:23:00'),
(172, 29, 12, 'Special guest', '2022-09-22 01:15:54', '1:39:10', '6', '0:26:00'),
(173, 30, 2, 'warm up', '2022-09-21 07:10:38', '2:05:12', '1', '0:29:00'),
(174, 30, 2, 'other', '2022-09-21 09:44:50', '2:05:12', '2', '0:23:00'),
(175, 30, 2, 'Special guest', '2022-09-21 12:13:02', '2:05:12', '3', '0:11:00'),
(176, 30, 2, 'headline', '2022-09-21 14:29:14', '2:05:12', '4', '0:15:00'),
(177, 30, 2, 'headline', '2022-09-21 16:49:26', '2:05:12', '5', '0:16:00');

INSERT INTO `performance_artistband` (`performance_id`, `artist_band_id`) VALUES
(1, 9),
(2, 58),
(3, 38),
(4, 10),
(5, 15),
(6, 17),
(7, 19),
(8, 7),
(9, 11),
(10, 1),
(11, 48),
(12, 19),
(13, 28),
(14, 38),
(15, 39),
(16, 31),
(17, 58),
(18, 56),
(19, 24),
(20, 2),
(21, 24),
(22, 12),
(23, 31),
(24, 50),
(25, 32),
(26, 30),
(27, 4),
(28, 57),
(29, 21),
(30, 46),
(31, 14),
(32, 20),
(33, 55),
(34, 5),
(35, 6),
(36, 3),
(37, 16),
(38, 22),
(39, 36),
(40, 45),
(41, 44),
(42, 41),
(43, 4),
(44, 59),
(45, 47),
(46, 55),
(47, 26),
(48, 49),
(49, 48),
(50, 27),
(51, 15),
(52, 52),
(53, 38),
(54, 1),
(55, 28),
(56, 35),
(57, 29),
(58, 56),
(59, 1),
(60, 13),
(61, 43),
(62, 43),
(63, 17),
(64, 43),
(65, 8),
(66, 9),
(67, 49),
(68, 38),
(69, 29),
(70, 1),
(71, 28),
(72, 40),
(73, 40),
(74, 50),
(75, 57),
(76, 11),
(77, 3),
(78, 59),
(79, 18),
(80, 36),
(81, 31),
(82, 34),
(83, 16),
(84, 31),
(85, 19),
(86, 12),
(87, 40),
(88, 46),
(89, 7),
(90, 25),
(91, 19),
(92, 23),
(93, 35),
(94, 33),
(95, 38),
(96, 53),
(97, 56),
(98, 15),
(99, 48),
(100, 51),
(101, 26),
(102, 1),
(103, 14),
(104, 44),
(105, 60),
(106, 28),
(107, 35),
(108, 14),
(109, 52),
(110, 39),
(111, 10),
(112, 27),
(113, 47),
(114, 8),
(115, 28),
(116, 30),
(117, 57),
(118, 24),
(119, 18),
(120, 37),
(121, 42),
(122, 46),
(123, 55),
(124, 11),
(125, 23),
(126, 21),
(127, 54),
(128, 43),
(129, 5),
(130, 31),
(131, 18),
(132, 3),
(133, 23),
(134, 37),
(135, 57),
(136, 50),
(137, 25),
(138, 9),
(139, 42),
(140, 42),
(141, 36),
(142, 36),
(143, 51),
(144, 16),
(145, 2),
(146, 8),
(147, 27),
(148, 49),
(149, 47),
(150, 53),
(151, 13),
(152, 20),
(153, 6),
(154, 19),
(155, 27),
(156, 52),
(157, 39),
(158, 26),
(159, 48),
(160, 39),
(161, 38),
(162, 53),
(163, 35),
(164, 1),
(165, 2),
(166, 16),
(167, 58),
(168, 44),
(169, 14),
(170, 3),
(171, 11),
(172, 14),
(173, 44),
(174, 12),
(175, 10),
(176, 55),
(177, 5);

INSERT INTO `staff` (`id`, `name`, `age`, `role`, `experience_level`) VALUES
(1, 'Gary Andrews', 23, 'technical', 'trainee'),
(2, 'Casey Washington', 33, 'technical', 'intermediate'),
(3, 'Michelle Smith', 25, 'technical', 'expert'),
(4, 'Sarah Davis', 27, 'technical', 'trainee'),
(5, 'Michael Harrell', 40, 'support', 'beginner'),
(6, 'Amber Gonzalez', 37, 'security', 'expert'),
(7, 'Brian Preston', 27, 'technical', 'beginner'),
(8, 'Edward Brewer', 44, 'security', 'expert'),
(9, 'Ashley Hudson', 28, 'security', 'intermediate'),
(10, 'Tracy Davis', 39, 'technical', 'intermediate'),
(11, 'Chloe Pham', 22, 'security', 'intermediate'),
(12, 'Brandon Burns', 26, 'security', 'experienced'),
(13, 'Daniel Pearson', 35, 'security', 'experienced'),
(14, 'Mr. Marc Nelson', 42, 'security', 'intermediate'),
(15, 'Scott Smith', 32, 'support', 'intermediate'),
(16, 'James Holland', 24, 'security', 'intermediate'),
(17, 'Mercedes Ferguson', 36, 'technical', 'intermediate'),
(18, 'Melissa Carney', 29, 'support', 'experienced'),
(19, 'Matthew Franco', 26, 'technical', 'expert'),
(20, 'Robert Hays', 45, 'support', 'trainee'),
(21, 'Frank White', 27, 'security', 'expert'),
(22, 'Mario Sanchez', 34, 'security', 'beginner'),
(23, 'Sean Edwards', 44, 'technical', 'expert'),
(24, 'Scott Rodriguez', 29, 'security', 'beginner'),
(25, 'April Rivera', 29, 'support', 'beginner'),
(26, 'Brian Williams', 41, 'support', 'trainee'),
(27, 'Caleb Cook', 44, 'security', 'intermediate'),
(28, 'Alexandria Rodriguez DVM', 28, 'support', 'intermediate'),
(29, 'Robert Mendoza', 33, 'technical', 'intermediate'),
(30, 'Erika Jones', 30, 'security', 'intermediate'),
(31, 'Richard Morgan', 29, 'security', 'beginner'),
(32, 'Nathan Rodriguez', 40, 'security', 'trainee'),
(33, 'Gerald Wheeler', 37, 'technical', 'intermediate'),
(34, 'Rebecca Bennett', 36, 'support', 'beginner'),
(35, 'Samuel Evans', 19, 'support', 'trainee'),
(36, 'John Miller', 35, 'support', 'expert'),
(37, 'Sarah Gardner', 20, 'support', 'trainee'),
(38, 'Angela Browning', 41, 'support', 'intermediate'),
(39, 'Mary Larson', 20, 'support', 'beginner'),
(40, 'Carrie Gray', 42, 'security', 'intermediate'),
(41, 'Pamela White', 18, 'security', 'intermediate'),
(42, 'Scott Conner', 18, 'support', 'experienced'),
(43, 'Colleen Stevens', 23, 'support', 'beginner'),
(44, 'Alexandra Johnston', 22, 'security', 'beginner'),
(45, 'Frank Hill', 43, 'support', 'trainee'),
(46, 'Kathryn Melendez', 32, 'support', 'intermediate'),
(47, 'Heather Adkins', 43, 'technical', 'beginner'),
(48, 'Cristina Walker', 44, 'security', 'experienced'),
(49, 'Robert Anderson', 25, 'technical', 'experienced'),
(50, 'Monique Barron', 37, 'technical', 'expert'),
(51, 'Nicole Meyers', 35, 'technical', 'trainee'),
(52, 'Marie Ford MD', 25, 'support', 'intermediate'),
(53, 'Ashley Hoffman', 45, 'security', 'intermediate'),
(54, 'Nicole Campbell', 30, 'security', 'experienced'),
(55, 'Deborah Miller', 21, 'technical', 'expert'),
(56, 'Zachary Rogers', 43, 'support', 'expert'),
(57, 'Elizabeth Steele', 25, 'support', 'experienced'),
(58, 'Justin Peters', 32, 'security', 'trainee'),
(59, 'Christine Thompson', 45, 'support', 'beginner'),
(60, 'Joseph Ellis', 30, 'security', 'beginner'),
(61, 'Patrick Buckley', 26, 'technical', 'beginner'),
(62, 'Julie Garrison', 38, 'technical', 'intermediate'),
(63, 'Richard Snyder', 43, 'security', 'experienced'),
(64, 'Vernon Graham', 22, 'security', 'experienced'),
(65, 'Steven Moore', 33, 'support', 'trainee'),
(66, 'Samuel Wilson', 22, 'support', 'beginner'),
(67, 'Nathaniel Taylor', 29, 'technical', 'intermediate'),
(68, 'Nicholas Bailey', 20, 'technical', 'trainee'),
(69, 'Catherine Park', 19, 'support', 'expert'),
(70, 'Dale Peters', 27, 'technical', 'trainee'),
(71, 'Michael Boone', 44, 'support', 'intermediate'),
(72, 'Steven Matthews', 44, 'support', 'trainee'),
(73, 'Douglas Solis', 39, 'support', 'experienced'),
(74, 'Michael Harris', 28, 'support', 'experienced'),
(75, 'Drew Hays', 45, 'support', 'trainee'),
(76, 'Mr. Zachary Johnson', 19, 'security', 'intermediate'),
(77, 'Kathryn Lee', 33, 'support', 'experienced'),
(78, 'Ronald Fletcher', 18, 'technical', 'experienced'),
(79, 'Robert Mendoza', 39, 'technical', 'experienced'),
(80, 'Molly Wilson', 38, 'technical', 'beginner'),
(81, 'Sarah Vazquez', 40, 'security', 'experienced'),
(82, 'Thomas Baker', 33, 'technical', 'intermediate'),
(83, 'Catherine Duncan', 38, 'security', 'trainee'),
(84, 'Angelica Johnson', 18, 'security', 'beginner'),
(85, 'Jessica Meyer', 37, 'security', 'experienced'),
(86, 'Susan Lane', 40, 'security', 'beginner'),
(87, 'Anthony Torres', 40, 'security', 'trainee'),
(88, 'Courtney Skinner', 36, 'support', 'expert'),
(89, 'Jay Tran', 37, 'security', 'experienced'),
(90, 'Jenna Stokes', 34, 'security', 'expert'),
(91, 'Mrs. Elizabeth Espinoza', 26, 'support', 'intermediate'),
(92, 'Mark Moody', 33, 'technical', 'trainee'),
(93, 'Douglas Johnson', 21, 'support', 'trainee'),
(94, 'Kathleen Stafford', 38, 'support', 'trainee'),
(95, 'Cassandra Spencer', 20, 'security', 'beginner'),
(96, 'Sarah Jones', 26, 'security', 'trainee'),
(97, 'Mindy Ramirez', 35, 'technical', 'intermediate'),
(98, 'Jennifer Thomas', 19, 'technical', 'trainee'),
(99, 'Patrick Bass', 44, 'security', 'intermediate'),
(100, 'Douglas Palmer', 39, 'security', 'intermediate'),
(101, 'Rachel Mills', 28, 'technical', 'trainee'),
(102, 'Lisa Medina', 20, 'support', 'intermediate'),
(103, 'Timothy Hendrix', 25, 'security', 'trainee'),
(104, 'Robert Lambert', 27, 'security', 'trainee'),
(105, 'Lauren Johnson', 28, 'technical', 'intermediate'),
(106, 'Grant Hernandez', 35, 'support', 'trainee'),
(107, 'Roberto Reed', 23, 'security', 'expert'),
(108, 'Jennifer Smith', 44, 'support', 'trainee'),
(109, 'Jennifer Gregory', 40, 'security', 'expert'),
(110, 'Robert Wise', 36, 'technical', 'trainee'),
(111, 'David Green', 23, 'technical', 'experienced'),
(112, 'Nancy Smith', 39, 'security', 'intermediate'),
(113, 'Adam Cole', 34, 'security', 'beginner'),
(114, 'Lisa Williams', 20, 'support', 'beginner'),
(115, 'Jasmine Ali', 21, 'security', 'experienced'),
(116, 'Sharon Martinez', 29, 'security', 'intermediate'),
(117, 'Thomas Walker', 39, 'security', 'beginner'),
(118, 'Ashley Johnson', 28, 'security', 'intermediate'),
(119, 'Cynthia Yang', 19, 'support', 'beginner'),
(120, 'Scott Fletcher', 27, 'technical', 'trainee'),
(121, 'Mary Sanders', 30, 'security', 'beginner'),
(122, 'Jorge Pugh', 33, 'support', 'trainee'),
(123, 'Heather Greene', 42, 'support', 'beginner'),
(124, 'Roger Casey PhD', 26, 'support', 'expert'),
(125, 'Brandon Mitchell', 26, 'security', 'experienced'),
(126, 'Deborah Simpson', 36, 'technical', 'beginner'),
(127, 'Jason Gallagher', 36, 'support', 'expert'),
(128, 'Mary Guerrero', 20, 'technical', 'expert'),
(129, 'Chad Lopez', 34, 'security', 'trainee'),
(130, 'Angela House', 40, 'security', 'trainee'),
(131, 'Tammy Paul', 22, 'technical', 'intermediate'),
(132, 'Samuel Davis', 36, 'support', 'trainee'),
(133, 'Isaiah Jimenez', 42, 'security', 'intermediate'),
(134, 'Ryan Jones', 42, 'support', 'trainee'),
(135, 'Vanessa Zamora', 23, 'security', 'expert'),
(136, 'Brent Clark', 27, 'technical', 'experienced'),
(137, 'Oscar Stafford', 31, 'technical', 'intermediate'),
(138, 'Jack Daniel DDS', 40, 'security', 'expert'),
(139, 'Johnny Jordan', 24, 'technical', 'beginner'),
(140, 'Linda Mejia', 19, 'support', 'trainee'),
(141, 'Valerie Smith', 31, 'security', 'intermediate'),
(142, 'John Zamora', 35, 'security', 'expert'),
(143, 'Mark Hodges', 45, 'technical', 'experienced'),
(144, 'Matthew Lewis', 22, 'technical', 'beginner'),
(145, 'Kendra Walker', 33, 'technical', 'trainee'),
(146, 'Sarah Howell', 42, 'support', 'intermediate'),
(147, 'Diane Carter', 44, 'technical', 'intermediate'),
(148, 'David Kane MD', 39, 'support', 'beginner'),
(149, 'Katherine Shelton', 31, 'technical', 'experienced'),
(150, 'Samantha Blake', 22, 'technical', 'experienced'),
(151, 'Joy Campbell', 24, 'security', 'intermediate'),
(152, 'Christopher Romero', 39, 'security', 'experienced'),
(153, 'Melissa Perez', 30, 'technical', 'trainee'),
(154, 'Katherine Santos', 19, 'security', 'beginner'),
(155, 'Michael Hall', 24, 'support', 'trainee'),
(156, 'Nathan Schmitt', 36, 'security', 'expert'),
(157, 'Tyler Hines', 31, 'security', 'experienced'),
(158, 'Jennifer Rodriguez', 23, 'technical', 'intermediate'),
(159, 'Angela Williams', 39, 'technical', 'beginner'),
(160, 'Samantha Barnes', 22, 'technical', 'intermediate'),
(161, 'Alex Johnson', 22, 'technical', 'beginner'),
(162, 'Danny Taylor', 25, 'support', 'intermediate'),
(163, 'Steven Joyce', 38, 'security', 'beginner'),
(164, 'Kristen Gregory', 19, 'technical', 'experienced'),
(165, 'Mario Zamora', 27, 'support', 'beginner'),
(166, 'Heather Gomez', 24, 'technical', 'trainee'),
(167, 'Jacqueline Mccarthy', 44, 'technical', 'intermediate'),
(168, 'Guy Chapman', 19, 'support', 'intermediate'),
(169, 'Kathleen Blevins', 36, 'support', 'beginner'),
(170, 'Sarah Hutchinson', 32, 'security', 'beginner'),
(171, 'Aaron Riley', 39, 'support', 'intermediate'),
(172, 'Judith Gardner', 23, 'support', 'intermediate'),
(173, 'Theresa Nichols', 19, 'security', 'beginner'),
(174, 'Terry Cook', 27, 'technical', 'trainee'),
(175, 'Rebecca Gomez', 40, 'technical', 'trainee'),
(176, 'Jessica Garcia', 40, 'support', 'expert'),
(177, 'Rachel Miller', 31, 'technical', 'intermediate'),
(178, 'John Haley', 30, 'security', 'beginner'),
(179, 'April Garcia', 34, 'technical', 'trainee'),
(180, 'Benjamin Cook', 19, 'security', 'trainee'),
(181, 'Daniel Vega', 32, 'support', 'trainee'),
(182, 'Elizabeth Jackson', 25, 'support', 'beginner'),
(183, 'Elizabeth Reed', 22, 'technical', 'intermediate'),
(184, 'Patricia Boyer', 31, 'support', 'beginner'),
(185, 'Connie Ware', 34, 'support', 'trainee'),
(186, 'Donna Mitchell', 33, 'technical', 'intermediate'),
(187, 'Angela Romero', 40, 'security', 'intermediate'),
(188, 'Mary Perry', 37, 'technical', 'trainee'),
(189, 'Daniel Vaughn', 21, 'support', 'expert'),
(190, 'Gregory Hamilton', 39, 'security', 'intermediate'),
(191, 'Laurie Bell', 18, 'support', 'experienced'),
(192, 'Jimmy Roberts', 30, 'security', 'intermediate'),
(193, 'Karen Thompson', 43, 'technical', 'intermediate'),
(194, 'Andrew Allen', 28, 'security', 'intermediate'),
(195, 'Lisa Walker', 32, 'technical', 'expert'),
(196, 'Steven Arias', 27, 'security', 'experienced'),
(197, 'Amy Vargas', 42, 'security', 'expert'),
(198, 'Karen Bennett', 44, 'support', 'trainee'),
(199, 'William Wade', 26, 'technical', 'expert'),
(200, 'Monica Warren', 27, 'technical', 'expert');

INSERT INTO `event_staff` (`event_id`, `staff_id`, `assignment_date`, `shift_start`, `shift_end`) VALUES
(1, 191, '2014-07-13', '2015-10-16 16:17:00', '2015-10-16 22:02:19'),
(1, 185, '2014-08-09', '2015-10-16 18:24:36', '2015-10-16 22:39:36'),
(1, 132, '2014-06-17', '2015-10-16 17:37:18', '2015-10-16 20:35:42'),
(1, 189, '2014-09-26', '2015-10-16 21:37:38', '2015-10-16 22:51:53'),
(1, 5, '2014-10-07', '2015-10-16 20:25:01', '2015-10-16 21:28:12'),
(1, 74, '2014-10-26', '2015-10-16 15:32:41', '2015-10-16 17:18:57'),
(1, 176, '2015-07-23', '2015-10-16 17:07:08', '2015-10-16 17:27:27'),
(1, 28, '2015-09-12', '2015-10-16 18:15:52', '2015-10-16 19:50:23'),
(1, 65, '2015-01-27', '2015-10-16 20:30:38', '2015-10-16 22:32:23'),
(1, 22, '2015-06-11', '2015-10-16 15:11:30', '2015-10-16 15:19:16'),
(1, 12, '2014-07-01', '2015-10-16 17:04:27', '2015-10-16 18:02:40'),
(1, 27, '2015-08-16', '2015-10-16 21:21:05', '2015-10-16 22:39:40'),
(1, 130, '2014-10-30', '2015-10-16 21:37:45', '2015-10-16 21:56:15'),
(1, 135, '2014-05-08', '2015-10-16 19:38:28', '2015-10-16 20:53:33'),
(1, 192, '2014-04-05', '2015-10-16 21:09:10', '2015-10-16 22:51:47'),
(1, 194, '2014-11-20', '2015-10-16 19:00:47', '2015-10-16 20:26:19'),
(1, 53, '2014-03-05', '2015-10-16 19:01:39', '2015-10-16 20:04:40'),
(1, 129, '2015-09-28', '2015-10-16 21:56:15', '2015-10-16 22:53:35'),
(1, 104, '2014-03-10', '2015-10-16 14:46:29', '2015-10-16 21:26:09'),
(1, 9, '2014-10-11', '2015-10-16 20:33:07', '2015-10-16 21:32:10'),
(1, 76, '2015-08-13', '2015-10-16 17:19:26', '2015-10-16 19:28:11'),
(1, 90, '2014-08-12', '2015-10-16 18:27:20', '2015-10-16 19:06:14'),
(1, 142, '2015-01-13', '2015-10-16 20:07:37', '2015-10-16 22:28:44'),
(1, 157, '2014-08-03', '2015-10-16 22:03:10', '2015-10-16 22:51:37'),
(1, 83, '2014-11-13', '2015-10-16 22:06:51', '2015-10-16 22:31:02'),
(1, 117, '2014-12-01', '2015-10-16 20:41:24', '2015-10-16 22:45:37'),
(1, 120, '2014-11-10', '2015-10-16 19:02:27', '2015-10-16 20:35:56'),
(1, 145, '2015-05-13', '2015-10-16 20:14:09', '2015-10-16 21:12:25'),
(1, 161, '2014-10-16', '2015-10-16 15:22:52', '2015-10-16 17:20:28'),
(1, 164, '2014-02-06', '2015-10-16 14:25:54', '2015-10-16 20:36:26'),
(1, 68, '2014-05-08', '2015-10-16 14:46:45', '2015-10-16 16:19:35'),
(1, 147, '2015-03-02', '2015-10-16 15:35:54', '2015-10-16 21:16:28'),
(1, 153, '2014-04-01', '2015-10-16 16:43:04', '2015-10-16 18:37:45'),
(2, 171, '2014-09-16', '2015-10-16 11:21:33', '2015-10-16 11:33:31'),
(2, 155, '2015-02-04', '2015-10-16 12:19:24', '2015-10-16 12:27:49'),
(2, 119, '2014-05-05', '2015-10-16 11:25:32', '2015-10-16 11:51:15'),
(2, 71, '2014-05-22', '2015-10-16 12:40:43', '2015-10-16 12:51:22'),
(2, 35, '2015-02-10', '2015-10-16 12:28:12', '2015-10-16 12:39:56'),
(2, 134, '2015-04-12', '2015-10-16 11:14:57', '2015-10-16 11:50:41'),
(2, 102, '2015-06-28', '2015-10-16 10:55:18', '2015-10-16 10:58:34'),
(2, 18, '2015-01-27', '2015-10-16 09:59:28', '2015-10-16 11:57:58'),
(2, 34, '2015-03-09', '2015-10-16 10:21:33', '2015-10-16 12:11:32'),
(2, 95, '2015-09-28', '2015-10-16 10:57:35', '2015-10-16 11:10:27'),
(2, 192, '2014-01-15', '2015-10-16 12:17:57', '2015-10-16 12:50:28'),
(2, 135, '2014-11-13', '2015-10-16 12:22:01', '2015-10-16 12:58:30'),
(2, 83, '2014-04-11', '2015-10-16 10:34:31', '2015-10-16 11:36:08'),
(2, 40, '2014-11-28', '2015-10-16 10:00:32', '2015-10-16 12:49:25'),
(2, 142, '2014-07-20', '2015-10-16 11:32:40', '2015-10-16 12:51:46'),
(2, 89, '2014-06-09', '2015-10-16 10:44:50', '2015-10-16 11:47:30'),
(2, 6, '2015-09-01', '2015-10-16 12:39:19', '2015-10-16 12:46:36'),
(2, 107, '2014-10-07', '2015-10-16 10:18:10', '2015-10-16 12:01:23'),
(2, 112, '2015-01-16', '2015-10-16 12:01:31', '2015-10-16 12:22:40'),
(2, 81, '2014-06-13', '2015-10-16 12:16:01', '2015-10-16 12:47:55'),
(2, 194, '2014-01-31', '2015-10-16 12:28:27', '2015-10-16 12:52:31'),
(2, 85, '2014-01-07', '2015-10-16 10:45:28', '2015-10-16 11:32:21'),
(2, 86, '2014-09-03', '2015-10-16 12:02:10', '2015-10-16 12:38:35'),
(2, 138, '2015-08-09', '2015-10-16 11:27:00', '2015-10-16 12:50:36'),
(2, 32, '2014-08-01', '2015-10-16 10:17:08', '2015-10-16 11:59:00'),
(2, 152, '2015-04-30', '2015-10-16 12:05:33', '2015-10-16 12:05:48'),
(2, 51, '2015-05-20', '2015-10-16 11:01:51', '2015-10-16 12:12:34'),
(2, 145, '2015-03-08', '2015-10-16 12:02:04', '2015-10-16 12:31:54'),
(2, 186, '2015-05-06', '2015-10-16 10:48:59', '2015-10-16 11:13:39'),
(2, 161, '2014-10-30', '2015-10-16 11:05:18', '2015-10-16 12:44:27'),
(2, 49, '2015-09-08', '2015-10-16 11:29:06', '2015-10-16 11:41:11'),
(2, 147, '2014-07-06', '2015-10-16 11:42:14', '2015-10-16 11:51:45'),
(2, 3, '2015-04-18', '2015-10-16 11:18:59', '2015-10-16 12:18:39'),
(3, 65, '2014-06-28', '2015-10-16 09:20:21', '2015-10-16 11:18:35'),
(3, 38, '2015-09-12', '2015-10-16 09:00:36', '2015-10-16 11:45:43'),
(3, 39, '2014-05-22', '2015-10-16 09:33:12', '2015-10-16 10:36:19'),
(3, 59, '2015-08-02', '2015-10-16 10:10:07', '2015-10-16 11:36:29'),
(3, 185, '2014-02-22', '2015-10-16 10:38:14', '2015-10-16 11:18:03'),
(3, 73, '2015-05-07', '2015-10-16 06:45:03', '2015-10-16 11:45:41'),
(3, 169, '2014-07-27', '2015-10-16 07:30:20', '2015-10-16 12:37:25'),
(3, 165, '2014-03-04', '2015-10-16 10:49:12', '2015-10-16 11:23:34'),
(3, 84, '2014-02-19', '2015-10-16 06:41:48', '2015-10-16 11:15:37'),
(3, 58, '2014-03-18', '2015-10-16 08:48:48', '2015-10-16 12:01:03'),
(3, 16, '2014-09-21', '2015-10-16 09:24:57', '2015-10-16 11:50:37'),
(3, 121, '2015-01-06', '2015-10-16 09:53:45', '2015-10-16 10:27:55'),
(3, 11, '2015-08-01', '2015-10-16 09:13:34', '2015-10-16 12:21:22'),
(3, 190, '2014-12-10', '2015-10-16 10:18:24', '2015-10-16 11:23:22'),
(3, 96, '2014-10-07', '2015-10-16 09:59:39', '2015-10-16 10:54:29'),
(3, 151, '2015-08-08', '2015-10-16 12:28:08', '2015-10-16 12:34:37'),
(3, 76, '2014-08-06', '2015-10-16 11:33:07', '2015-10-16 11:52:52'),
(3, 107, '2014-12-29', '2015-10-16 08:40:04', '2015-10-16 11:00:26'),
(3, 90, '2015-09-30', '2015-10-16 09:14:54', '2015-10-16 10:06:13'),
(3, 14, '2014-12-26', '2015-10-16 08:27:14', '2015-10-16 08:55:18'),
(3, 85, '2014-12-11', '2015-10-16 10:59:48', '2015-10-16 11:16:35'),
(3, 112, '2015-04-01', '2015-10-16 11:02:25', '2015-10-16 12:30:48'),
(3, 82, '2014-01-24', '2015-10-16 12:35:28', '2015-10-16 12:36:58'),
(3, 29, '2015-05-10', '2015-10-16 11:12:52', '2015-10-16 11:54:18'),
(3, 177, '2014-02-23', '2015-10-16 07:08:38', '2015-10-16 07:17:05'),
(3, 120, '2014-05-18', '2015-10-16 11:11:00', '2015-10-16 11:45:48'),
(3, 50, '2015-06-16', '2015-10-16 08:10:31', '2015-10-16 11:49:54'),
(3, 131, '2015-04-01', '2015-10-16 08:51:50', '2015-10-16 11:09:42'),
(4, 74, '2015-02-13', '2015-10-16 16:04:19', '2015-10-16 17:07:11'),
(4, 91, '2015-05-29', '2015-10-16 17:00:04', '2015-10-16 17:54:47'),
(4, 39, '2014-05-13', '2015-10-16 10:52:37', '2015-10-16 15:37:11'),
(4, 184, '2015-06-15', '2015-10-16 10:28:41', '2015-10-16 16:34:49'),
(4, 35, '2015-01-22', '2015-10-16 11:20:54', '2015-10-16 13:02:50'),
(4, 69, '2014-01-24', '2015-10-16 14:32:50', '2015-10-16 18:52:17'),
(4, 72, '2014-02-17', '2015-10-16 16:52:24', '2015-10-16 17:07:40'),
(4, 189, '2014-09-02', '2015-10-16 13:23:44', '2015-10-16 14:21:35'),
(4, 123, '2015-10-01', '2015-10-16 16:06:07', '2015-10-16 17:11:36'),
(4, 43, '2014-05-28', '2015-10-16 14:03:24', '2015-10-16 18:54:11'),
(4, 45, '2014-12-24', '2015-10-16 18:13:05', '2015-10-16 19:02:57'),
(4, 113, '2014-05-11', '2015-10-16 13:20:41', '2015-10-16 18:55:28'),
(4, 173, '2014-01-18', '2015-10-16 11:47:58', '2015-10-16 15:25:54'),
(4, 192, '2014-11-30', '2015-10-16 15:03:30', '2015-10-16 16:26:50'),
(4, 27, '2015-04-25', '2015-10-16 13:50:21', '2015-10-16 17:25:01'),
(4, 187, '2014-08-06', '2015-10-16 15:20:52', '2015-10-16 17:23:33'),
(4, 115, '2014-03-09', '2015-10-16 13:44:31', '2015-10-16 19:07:55'),
(4, 60, '2015-02-26', '2015-10-16 19:10:09', '2015-10-16 19:11:02'),
(4, 197, '2015-05-13', '2015-10-16 11:32:30', '2015-10-16 19:10:55'),
(4, 107, '2015-09-23', '2015-10-16 13:59:17', '2015-10-16 18:03:48'),
(4, 194, '2015-06-01', '2015-10-16 13:46:01', '2015-10-16 14:08:55'),
(4, 24, '2014-06-10', '2015-10-16 10:50:50', '2015-10-16 16:09:56'),
(4, 86, '2014-02-14', '2015-10-16 17:09:06', '2015-10-16 18:13:09'),
(4, 117, '2015-02-15', '2015-10-16 16:56:50', '2015-10-16 18:27:04'),
(4, 21, '2015-02-14', '2015-10-16 18:02:07', '2015-10-16 18:50:53'),
(4, 135, '2014-01-24', '2015-10-16 14:37:06', '2015-10-16 18:46:41'),
(4, 12, '2014-04-22', '2015-10-16 15:00:31', '2015-10-16 17:53:01'),
(4, 8, '2015-03-08', '2015-10-16 15:06:40', '2015-10-16 16:14:44'),
(4, 48, '2014-06-13', '2015-10-16 12:26:11', '2015-10-16 13:16:10'),
(4, 96, '2014-08-18', '2015-10-16 15:04:14', '2015-10-16 18:06:34'),
(4, 76, '2015-05-25', '2015-10-16 11:43:47', '2015-10-16 19:05:18'),
(4, 170, '2015-05-20', '2015-10-16 14:14:53', '2015-10-16 18:10:23'),
(4, 147, '2014-03-17', '2015-10-16 11:12:56', '2015-10-16 14:35:21'),
(4, 161, '2015-02-16', '2015-10-16 18:50:44', '2015-10-16 19:05:10'),
(4, 7, '2014-11-23', '2015-10-16 16:02:22', '2015-10-16 18:31:33'),
(4, 177, '2015-01-22', '2015-10-16 13:02:28', '2015-10-16 15:23:53'),
(4, 131, '2014-12-17', '2015-10-16 18:39:28', '2015-10-16 18:49:10'),
(4, 50, '2014-10-28', '2015-10-16 15:10:03', '2015-10-16 19:04:17'),
(4, 67, '2015-05-13', '2015-10-16 15:56:24', '2015-10-16 17:58:11'),
(4, 61, '2015-05-23', '2015-10-16 14:50:58', '2015-10-16 17:13:39'),
(5, 172, '2015-01-31', '2016-12-17 22:25:09', '2016-12-17 22:26:23'),
(5, 46, '2015-03-04', '2016-12-17 19:03:21', '2016-12-17 21:50:39'),
(5, 66, '2016-10-18', '2016-12-17 19:50:03', '2016-12-17 22:23:27'),
(5, 35, '2015-05-13', '2016-12-17 21:09:11', '2016-12-17 21:55:48'),
(5, 171, '2016-10-17', '2016-12-17 20:44:53', '2016-12-17 21:16:38'),
(5, 155, '2016-07-13', '2016-12-17 21:18:03', '2016-12-17 22:15:53'),
(5, 140, '2015-04-10', '2016-12-17 22:49:44', '2016-12-17 22:55:07'),
(5, 69, '2016-07-21', '2016-12-17 21:42:10', '2016-12-17 22:02:39'),
(5, 85, '2015-07-11', '2016-12-17 20:27:35', '2016-12-17 21:48:03'),
(5, 109, '2015-05-19', '2016-12-17 18:34:58', '2016-12-17 21:39:01'),
(5, 151, '2016-09-30', '2016-12-17 20:17:22', '2016-12-17 21:39:32'),
(5, 187, '2016-01-10', '2016-12-17 22:28:30', '2016-12-17 22:38:32'),
(5, 24, '2016-06-15', '2016-12-17 22:14:33', '2016-12-17 22:35:44'),
(5, 90, '2016-12-06', '2016-12-17 19:56:10', '2016-12-17 21:48:36'),
(5, 87, '2015-04-03', '2016-12-17 19:27:36', '2016-12-17 22:06:41'),
(5, 152, '2016-01-22', '2016-12-17 22:05:27', '2016-12-17 22:24:34'),
(5, 9, '2015-01-31', '2016-12-17 20:39:38', '2016-12-17 22:14:32'),
(5, 86, '2015-05-24', '2016-12-17 19:41:18', '2016-12-17 22:36:13'),
(5, 40, '2015-01-07', '2016-12-17 18:34:14', '2016-12-17 22:35:51'),
(5, 27, '2016-09-08', '2016-12-17 21:06:52', '2016-12-17 21:40:50'),
(5, 197, '2015-03-31', '2016-12-17 18:38:47', '2016-12-17 22:45:11'),
(5, 14, '2015-03-17', '2016-12-17 17:53:12', '2016-12-17 19:36:28'),
(5, 60, '2016-10-07', '2016-12-17 21:00:07', '2016-12-17 22:09:06'),
(5, 149, '2016-08-07', '2016-12-17 22:30:39', '2016-12-17 22:53:11'),
(5, 136, '2016-07-09', '2016-12-17 18:01:30', '2016-12-17 18:34:47'),
(5, 101, '2016-04-03', '2016-12-17 20:17:11', '2016-12-17 22:48:13'),
(5, 51, '2015-06-21', '2016-12-17 20:26:12', '2016-12-17 22:13:51'),
(5, 33, '2016-11-22', '2016-12-17 16:58:23', '2016-12-17 19:50:44'),
(5, 193, '2016-11-16', '2016-12-17 21:55:50', '2016-12-17 22:17:00'),
(6, 165, '2016-06-15', '2016-12-17 22:46:48', '2016-12-18 00:52:38'),
(6, 185, '2016-01-23', '2016-12-17 23:20:16', '2016-12-17 23:34:40'),
(6, 56, '2016-02-16', '2016-12-17 23:31:49', '2016-12-18 00:53:09'),
(6, 94, '2016-03-23', '2016-12-18 00:33:02', '2016-12-18 00:53:56'),
(6, 69, '2015-12-21', '2016-12-18 00:01:11', '2016-12-18 01:23:39'),
(6, 140, '2016-10-30', '2016-12-17 23:00:38', '2016-12-18 00:49:08'),
(6, 42, '2015-05-11', '2016-12-17 23:07:52', '2016-12-18 01:02:24'),
(6, 124, '2015-05-23', '2016-12-18 00:45:19', '2016-12-18 01:12:25'),
(6, 184, '2015-06-29', '2016-12-17 23:16:15', '2016-12-18 00:06:41'),
(6, 172, '2015-09-11', '2016-12-18 00:32:46', '2016-12-18 01:12:07'),
(6, 170, '2016-07-24', '2016-12-17 23:37:14', '2016-12-18 00:27:50'),
(6, 31, '2015-06-02', '2016-12-17 23:49:54', '2016-12-18 00:44:16'),
(6, 48, '2016-09-21', '2016-12-18 00:09:22', '2016-12-18 00:54:38'),
(6, 125, '2016-08-10', '2016-12-17 22:47:19', '2016-12-18 01:17:18'),
(6, 135, '2015-02-14', '2016-12-17 23:01:21', '2016-12-18 00:53:20'),
(6, 100, '2015-11-18', '2016-12-17 23:32:49', '2016-12-17 23:43:48'),
(6, 86, '2015-08-24', '2016-12-18 00:03:52', '2016-12-18 00:17:03'),
(6, 133, '2016-07-12', '2016-12-17 23:31:30', '2016-12-17 23:51:37'),
(6, 64, '2016-09-19', '2016-12-18 00:55:34', '2016-12-18 01:24:00'),
(6, 115, '2016-05-20', '2016-12-17 22:34:06', '2016-12-18 00:12:00'),
(6, 95, '2016-07-25', '2016-12-17 23:31:37', '2016-12-17 23:59:35'),
(6, 30, '2016-04-06', '2016-12-18 01:18:31', '2016-12-18 01:25:48'),
(6, 180, '2015-04-08', '2016-12-17 23:15:57', '2016-12-18 00:39:30'),
(6, 54, '2016-01-21', '2016-12-17 22:56:52', '2016-12-18 00:42:45'),
(6, 173, '2015-06-09', '2016-12-17 23:33:49', '2016-12-18 00:24:53'),
(6, 89, '2016-10-14', '2016-12-18 01:15:31', '2016-12-18 01:16:37'),
(6, 16, '2016-05-14', '2016-12-17 23:14:29', '2016-12-18 00:47:01'),
(6, 81, '2015-02-10', '2016-12-17 23:14:06', '2016-12-18 01:22:02'),
(6, 166, '2015-05-14', '2016-12-17 23:13:25', '2016-12-18 01:12:53'),
(6, 161, '2016-01-18', '2016-12-17 23:20:36', '2016-12-18 00:38:15'),
(6, 61, '2016-12-11', '2016-12-17 22:51:38', '2016-12-17 23:08:06'),
(6, 55, '2016-09-19', '2016-12-18 00:16:44', '2016-12-18 01:09:00'),
(6, 80, '2016-11-05', '2016-12-17 22:57:57', '2016-12-18 00:55:42'),
(6, 179, '2015-05-23', '2016-12-18 00:52:14', '2016-12-18 01:24:05'),
(6, 62, '2016-05-30', '2016-12-17 23:28:43', '2016-12-18 00:46:01'),
(7, 127, '2016-03-10', '2016-12-17 04:11:34', '2016-12-17 04:41:27'),
(7, 34, '2015-03-14', '2016-12-17 03:40:43', '2016-12-17 04:43:28'),
(7, 42, '2015-09-25', '2016-12-17 04:00:24', '2016-12-17 04:29:21'),
(7, 122, '2015-10-23', '2016-12-17 02:48:28', '2016-12-17 02:56:02'),
(7, 5, '2016-07-21', '2016-12-17 02:12:51', '2016-12-17 03:46:54'),
(7, 18, '2016-12-06', '2016-12-17 03:24:06', '2016-12-17 03:33:33'),
(7, 162, '2015-10-17', '2016-12-17 02:09:53', '2016-12-17 04:40:52'),
(7, 142, '2016-02-22', '2016-12-17 04:08:05', '2016-12-17 04:54:24'),
(7, 53, '2015-01-13', '2016-12-17 04:18:40', '2016-12-17 04:52:03'),
(7, 22, '2016-05-27', '2016-12-17 04:45:10', '2016-12-17 04:52:35'),
(7, 197, '2016-02-13', '2016-12-17 04:29:43', '2016-12-17 04:57:05'),
(7, 103, '2015-09-30', '2016-12-17 02:35:18', '2016-12-17 04:41:45'),
(7, 187, '2015-05-04', '2016-12-17 02:55:22', '2016-12-17 04:12:34'),
(7, 84, '2015-10-07', '2016-12-17 02:31:15', '2016-12-17 04:03:04'),
(7, 64, '2015-03-12', '2016-12-17 03:01:31', '2016-12-17 03:26:50'),
(7, 27, '2015-02-18', '2016-12-17 02:21:25', '2016-12-17 02:58:16'),
(7, 40, '2015-01-07', '2016-12-17 04:21:07', '2016-12-17 04:57:22'),
(7, 113, '2015-01-14', '2016-12-17 04:17:44', '2016-12-17 04:33:31'),
(7, 54, '2016-03-06', '2016-12-17 02:24:34', '2016-12-17 03:57:13'),
(7, 23, '2015-10-08', '2016-12-17 03:48:40', '2016-12-17 04:55:20'),
(7, 136, '2016-04-17', '2016-12-17 02:44:51', '2016-12-17 04:22:44'),
(7, 150, '2016-09-24', '2016-12-17 02:45:42', '2016-12-17 04:30:27'),
(7, 82, '2015-12-03', '2016-12-17 04:59:39', '2016-12-17 05:00:07'),
(7, 126, '2016-09-28', '2016-12-17 02:59:21', '2016-12-17 03:30:16'),
(8, 72, '2015-09-16', '2016-12-17 09:06:52', '2016-12-17 09:29:51'),
(8, 108, '2016-05-05', '2016-12-17 04:59:53', '2016-12-17 08:53:37'),
(8, 71, '2016-01-25', '2016-12-17 09:16:34', '2016-12-17 09:26:04'),
(8, 165, '2015-08-22', '2016-12-17 04:14:29', '2016-12-17 10:58:06'),
(8, 34, '2015-05-12', '2016-12-17 07:47:55', '2016-12-17 09:07:45'),
(8, 22, '2015-06-29', '2016-12-17 08:41:35', '2016-12-17 12:15:16'),
(8, 142, '2016-04-30', '2016-12-17 09:03:23', '2016-12-17 09:46:38'),
(8, 157, '2015-11-03', '2016-12-17 02:58:08', '2016-12-17 04:46:57'),
(8, 100, '2016-09-13', '2016-12-17 11:01:22', '2016-12-17 11:18:59'),
(8, 87, '2015-09-29', '2016-12-17 01:15:49', '2016-12-17 04:23:30'),
(8, 194, '2016-01-02', '2016-12-17 06:27:15', '2016-12-17 08:22:43'),
(8, 44, '2016-06-13', '2016-12-17 02:28:14', '2016-12-17 04:23:13'),
(8, 141, '2016-09-11', '2016-12-17 11:03:05', '2016-12-17 11:09:09'),
(8, 7, '2015-01-15', '2016-12-17 08:14:16', '2016-12-17 12:39:38'),
(8, 136, '2016-08-13', '2016-12-17 09:37:20', '2016-12-17 11:17:22'),
(8, 97, '2015-01-09', '2016-12-17 02:01:07', '2016-12-17 11:06:44'),
(8, 159, '2016-06-10', '2016-12-17 05:46:08', '2016-12-17 06:16:48'),
(9, 146, '2016-11-22', '2017-10-08 03:22:39', '2017-10-08 05:07:16'),
(9, 134, '2017-05-20', '2017-10-08 01:15:27', '2017-10-08 01:55:09'),
(9, 73, '2016-09-09', '2017-10-08 03:48:25', '2017-10-08 04:15:28'),
(9, 26, '2017-08-03', '2017-10-08 01:41:49', '2017-10-08 01:56:15'),
(9, 119, '2017-01-30', '2017-10-08 02:28:33', '2017-10-08 04:05:17'),
(9, 45, '2016-11-11', '2017-10-08 04:35:01', '2017-10-08 05:03:52'),
(9, 123, '2017-02-27', '2017-10-07 23:43:32', '2017-10-08 02:33:22'),
(9, 71, '2016-04-13', '2017-10-08 02:11:51', '2017-10-08 02:19:52'),
(9, 182, '2016-04-15', '2017-10-08 02:47:15', '2017-10-08 03:04:11'),
(9, 54, '2017-06-01', '2017-10-08 02:58:10', '2017-10-08 05:10:24'),
(9, 116, '2016-10-26', '2017-10-07 23:23:13', '2017-10-08 04:41:53'),
(9, 96, '2016-08-27', '2017-10-08 03:01:53', '2017-10-08 04:01:54'),
(9, 138, '2016-04-25', '2017-10-08 04:53:44', '2017-10-08 05:07:08'),
(9, 125, '2017-02-09', '2017-10-08 04:42:05', '2017-10-08 04:50:48'),
(9, 173, '2017-09-13', '2017-10-08 01:32:56', '2017-10-08 03:13:13'),
(9, 170, '2017-02-25', '2017-10-08 00:50:37', '2017-10-08 03:44:36'),
(9, 187, '2017-08-21', '2017-10-07 23:21:27', '2017-10-08 05:07:47'),
(9, 53, '2017-01-10', '2017-10-08 02:11:31', '2017-10-08 03:00:30'),
(9, 11, '2016-07-15', '2017-10-08 01:29:37', '2017-10-08 03:16:35'),
(9, 141, '2017-06-22', '2017-10-08 03:20:38', '2017-10-08 05:01:18'),
(9, 21, '2016-05-14', '2017-10-08 01:08:08', '2017-10-08 01:43:47'),
(9, 197, '2016-07-27', '2017-10-07 23:57:41', '2017-10-08 04:08:59'),
(9, 12, '2017-01-09', '2017-10-08 05:10:11', '2017-10-08 05:12:27'),
(9, 32, '2016-04-18', '2017-10-08 01:57:30', '2017-10-08 02:23:06'),
(9, 142, '2016-08-03', '2017-10-07 23:48:54', '2017-10-08 00:49:30'),
(9, 137, '2017-01-03', '2017-10-08 00:21:52', '2017-10-08 00:23:08'),
(9, 92, '2017-08-24', '2017-10-07 23:39:02', '2017-10-08 02:07:58'),
(9, 101, '2016-06-06', '2017-10-08 03:12:56', '2017-10-08 03:30:37'),
(9, 80, '2016-01-02', '2017-10-07 23:31:23', '2017-10-08 00:59:50'),
(9, 159, '2017-01-08', '2017-10-08 03:15:13', '2017-10-08 05:07:17'),
(9, 17, '2017-10-06', '2017-10-08 00:04:02', '2017-10-08 02:36:48'),
(10, 123, '2016-10-16', '2017-10-07 22:54:56', '2017-10-07 23:38:15'),
(10, 5, '2017-09-10', '2017-10-08 01:02:15', '2017-10-08 01:03:41'),
(10, 35, '2016-09-23', '2017-10-07 23:02:23', '2017-10-07 23:13:54'),
(10, 37, '2016-08-28', '2017-10-07 23:39:55', '2017-10-08 00:05:12'),
(10, 46, '2016-10-14', '2017-10-07 23:07:19', '2017-10-08 00:11:39'),
(10, 88, '2016-10-12', '2017-10-08 00:14:19', '2017-10-08 00:28:50'),
(10, 59, '2017-09-15', '2017-10-07 22:52:27', '2017-10-07 23:22:24'),
(10, 25, '2017-06-12', '2017-10-08 00:21:27', '2017-10-08 00:44:45'),
(10, 113, '2016-05-17', '2017-10-08 00:51:12', '2017-10-08 00:54:17'),
(10, 138, '2016-03-27', '2017-10-07 23:58:10', '2017-10-08 00:12:14'),
(10, 8, '2017-09-07', '2017-10-07 22:41:29', '2017-10-07 23:20:23'),
(10, 31, '2016-09-20', '2017-10-07 23:36:23', '2017-10-08 00:18:29'),
(10, 104, '2016-11-05', '2017-10-07 22:05:16', '2017-10-08 00:15:50'),
(10, 40, '2016-03-31', '2017-10-07 23:28:15', '2017-10-08 00:12:29'),
(10, 90, '2016-07-20', '2017-10-07 22:20:05', '2017-10-08 00:18:17'),
(10, 30, '2017-09-22', '2017-10-08 01:02:07', '2017-10-08 01:02:19'),
(10, 190, '2017-07-08', '2017-10-08 00:43:26', '2017-10-08 00:44:42'),
(10, 84, '2017-01-25', '2017-10-07 22:41:38', '2017-10-07 23:50:41'),
(10, 13, '2016-08-16', '2017-10-07 23:09:51', '2017-10-07 23:23:45'),
(10, 187, '2017-07-08', '2017-10-08 00:36:59', '2017-10-08 00:39:10'),
(10, 170, '2017-02-08', '2017-10-08 00:45:48', '2017-10-08 00:52:09'),
(10, 95, '2017-04-27', '2017-10-07 23:58:13', '2017-10-08 00:22:12'),
(10, 48, '2017-09-06', '2017-10-08 00:52:05', '2017-10-08 00:59:37'),
(10, 199, '2016-09-01', '2017-10-07 22:05:51', '2017-10-07 22:39:19'),
(10, 61, '2017-06-12', '2017-10-07 23:21:50', '2017-10-08 00:24:48'),
(10, 175, '2016-11-04', '2017-10-07 23:46:30', '2017-10-08 00:37:44'),
(10, 167, '2016-07-01', '2017-10-07 22:15:27', '2017-10-07 22:22:49'),
(10, 144, '2017-06-22', '2017-10-08 00:40:56', '2017-10-08 01:03:59'),
(10, 3, '2016-11-09', '2017-10-08 00:53:20', '2017-10-08 01:00:02'),
(11, 106, '2016-07-06', '2017-10-07 09:42:30', '2017-10-07 12:39:34'),
(11, 38, '2016-08-15', '2017-10-07 10:51:36', '2017-10-07 11:48:23'),
(11, 123, '2016-02-19', '2017-10-07 10:01:43', '2017-10-07 14:09:03'),
(11, 77, '2017-03-25', '2017-10-07 11:14:08', '2017-10-07 14:55:03'),
(11, 162, '2017-09-29', '2017-10-07 15:02:22', '2017-10-07 15:19:22'),
(11, 198, '2016-04-05', '2017-10-07 16:28:42', '2017-10-07 18:09:27'),
(11, 119, '2016-06-03', '2017-10-07 09:44:59', '2017-10-07 13:25:34'),
(11, 181, '2016-04-01', '2017-10-07 12:40:08', '2017-10-07 13:24:46'),
(11, 45, '2016-08-21', '2017-10-07 15:04:13', '2017-10-07 18:07:03'),
(11, 8, '2017-08-30', '2017-10-07 12:43:46', '2017-10-07 16:33:45'),
(11, 40, '2016-03-20', '2017-10-07 18:19:15', '2017-10-07 18:28:06'),
(11, 141, '2017-03-29', '2017-10-07 09:53:57', '2017-10-07 17:42:14'),
(11, 30, '2016-10-16', '2017-10-07 17:04:55', '2017-10-07 18:15:38'),
(11, 76, '2017-06-09', '2017-10-07 14:04:16', '2017-10-07 14:51:54'),
(11, 63, '2017-05-04', '2017-10-07 15:59:33', '2017-10-07 16:52:03'),
(11, 54, '2017-07-19', '2017-10-07 11:22:55', '2017-10-07 12:44:55'),
(11, 99, '2017-05-26', '2017-10-07 12:59:16', '2017-10-07 15:12:48'),
(11, 173, '2016-11-25', '2017-10-07 12:55:53', '2017-10-07 14:11:48'),
(11, 115, '2016-04-25', '2017-10-07 11:48:23', '2017-10-07 17:01:51'),
(11, 130, '2017-05-05', '2017-10-07 17:54:10', '2017-10-07 18:07:03'),
(11, 121, '2016-03-27', '2017-10-07 13:15:05', '2017-10-07 17:21:12'),
(11, 16, '2017-09-23', '2017-10-07 11:36:54', '2017-10-07 13:36:20'),
(11, 152, '2016-09-24', '2017-10-07 10:21:03', '2017-10-07 16:20:42'),
(11, 190, '2017-01-05', '2017-10-07 10:44:19', '2017-10-07 14:53:30'),
(11, 83, '2017-05-24', '2017-10-07 15:46:28', '2017-10-07 18:08:50'),
(11, 33, '2016-01-01', '2017-10-07 15:55:43', '2017-10-07 17:35:06'),
(11, 19, '2016-09-17', '2017-10-07 11:06:39', '2017-10-07 13:21:23'),
(11, 199, '2017-03-05', '2017-10-07 09:33:05', '2017-10-07 10:03:53'),
(11, 80, '2017-05-15', '2017-10-07 12:56:16', '2017-10-07 16:16:12'),
(11, 139, '2016-09-18', '2017-10-07 11:15:31', '2017-10-07 13:21:42'),
(11, 2, '2016-10-01', '2017-10-07 17:15:52', '2017-10-07 18:15:22'),
(12, 26, '2016-07-18', '2017-10-07 08:35:08', '2017-10-07 08:44:01'),
(12, 77, '2016-04-16', '2017-10-07 10:16:03', '2017-10-07 10:47:58'),
(12, 42, '2017-01-03', '2017-10-07 10:39:35', '2017-10-07 11:40:46'),
(12, 122, '2016-11-04', '2017-10-07 09:02:23', '2017-10-07 10:38:22'),
(12, 34, '2016-01-17', '2017-10-07 07:40:10', '2017-10-07 11:35:26'),
(12, 59, '2017-02-06', '2017-10-07 08:22:00', '2017-10-07 09:45:29'),
(12, 69, '2016-01-27', '2017-10-07 09:59:29', '2017-10-07 11:56:56'),
(12, 108, '2016-03-06', '2017-10-07 06:14:37', '2017-10-07 08:25:02'),
(12, 146, '2017-06-08', '2017-10-07 07:08:10', '2017-10-07 07:29:51'),
(12, 151, '2016-05-20', '2017-10-07 06:41:00', '2017-10-07 06:41:25'),
(12, 95, '2016-01-09', '2017-10-07 08:30:08', '2017-10-07 10:09:27'),
(12, 21, '2017-01-29', '2017-10-07 09:49:09', '2017-10-07 12:06:51'),
(12, 156, '2016-12-26', '2017-10-07 10:27:41', '2017-10-07 11:41:10'),
(12, 117, '2017-04-20', '2017-10-07 06:36:27', '2017-10-07 10:27:47'),
(12, 196, '2016-01-01', '2017-10-07 10:50:36', '2017-10-07 11:18:36'),
(12, 116, '2017-06-13', '2017-10-07 11:24:56', '2017-10-07 11:59:55'),
(12, 180, '2016-07-22', '2017-10-07 08:15:57', '2017-10-07 12:06:44'),
(12, 115, '2016-09-14', '2017-10-07 06:12:22', '2017-10-07 06:54:08'),
(12, 178, '2017-06-03', '2017-10-07 10:39:45', '2017-10-07 10:42:09'),
(12, 64, '2017-01-04', '2017-10-07 09:12:52', '2017-10-07 09:42:54'),
(12, 22, '2016-06-18', '2017-10-07 09:28:33', '2017-10-07 11:57:59'),
(12, 54, '2016-01-01', '2017-10-07 06:07:30', '2017-10-07 10:19:46'),
(12, 99, '2017-05-15', '2017-10-07 06:34:58', '2017-10-07 08:40:22'),
(12, 121, '2017-02-14', '2017-10-07 07:04:11', '2017-10-07 09:00:06'),
(12, 197, '2016-12-08', '2017-10-07 09:32:45', '2017-10-07 10:08:23'),
(12, 193, '2016-05-03', '2017-10-07 07:57:56', '2017-10-07 11:14:44'),
(12, 62, '2016-05-15', '2017-10-07 07:50:47', '2017-10-07 10:09:46'),
(12, 3, '2017-03-13', '2017-10-07 06:24:37', '2017-10-07 06:34:48'),
(12, 183, '2017-06-08', '2017-10-07 08:11:37', '2017-10-07 08:13:53'),
(12, 67, '2016-12-19', '2017-10-07 08:49:30', '2017-10-07 11:49:20'),
(12, 120, '2016-05-06', '2017-10-07 07:39:13', '2017-10-07 11:05:54'),
(13, 184, '2017-03-31', '2018-04-04 08:34:27', '2018-04-04 09:14:45'),
(13, 185, '2017-06-18', '2018-04-04 08:37:47', '2018-04-04 09:28:58'),
(13, 127, '2017-02-10', '2018-04-04 03:49:11', '2018-04-04 03:55:12'),
(13, 108, '2017-03-11', '2018-04-04 07:30:17', '2018-04-04 08:21:40'),
(13, 123, '2018-02-04', '2018-04-04 03:46:14', '2018-04-04 03:48:59'),
(13, 65, '2017-02-13', '2018-04-04 08:14:56', '2018-04-04 08:56:32'),
(13, 86, '2017-12-29', '2018-04-04 09:39:59', '2018-04-04 09:44:22'),
(13, 81, '2017-04-23', '2018-04-04 08:59:26', '2018-04-04 09:04:10'),
(13, 8, '2017-02-01', '2018-04-04 08:06:31', '2018-04-04 08:18:07'),
(13, 11, '2017-10-08', '2018-04-04 08:18:41', '2018-04-04 09:49:34'),
(13, 112, '2017-12-27', '2018-04-04 01:03:40', '2018-04-04 08:53:17'),
(13, 32, '2017-01-10', '2018-04-04 06:59:24', '2018-04-04 08:16:47'),
(13, 190, '2017-09-01', '2018-04-04 03:48:13', '2018-04-04 06:40:52'),
(13, 84, '2018-02-09', '2018-04-04 01:06:45', '2018-04-04 05:05:08'),
(13, 197, '2017-10-08', '2018-04-04 02:50:07', '2018-04-04 04:33:35'),
(13, 99, '2017-10-30', '2018-04-04 04:42:47', '2018-04-04 05:16:27'),
(13, 29, '2017-09-25', '2018-04-04 03:49:25', '2018-04-04 06:26:23'),
(13, 143, '2017-08-21', '2018-04-04 05:03:57', '2018-04-04 07:45:08'),
(13, 79, '2017-03-13', '2018-04-04 05:11:01', '2018-04-04 08:51:49'),
(13, 126, '2017-04-05', '2018-04-04 01:46:48', '2018-04-04 06:13:29'),
(14, 189, '2017-05-24', '2018-04-05 01:46:25', '2018-04-05 03:01:56'),
(14, 198, '2017-02-12', '2018-04-05 00:20:02', '2018-04-05 03:32:35'),
(14, 20, '2018-01-01', '2018-04-05 05:18:35', '2018-04-05 05:19:37'),
(14, 124, '2017-10-20', '2018-04-05 01:51:57', '2018-04-05 04:02:47'),
(14, 57, '2017-11-18', '2018-04-05 03:33:13', '2018-04-05 04:33:04'),
(14, 74, '2017-03-22', '2018-04-05 03:51:16', '2018-04-05 04:52:56'),
(14, 191, '2017-05-16', '2018-04-04 23:59:51', '2018-04-05 02:55:06'),
(14, 58, '2017-02-11', '2018-04-05 02:26:09', '2018-04-05 02:36:35'),
(14, 192, '2017-01-24', '2018-04-05 02:19:55', '2018-04-05 05:08:34'),
(14, 100, '2017-09-03', '2018-04-05 01:54:59', '2018-04-05 03:47:49'),
(14, 24, '2017-04-09', '2018-04-05 03:12:11', '2018-04-05 03:57:48'),
(14, 9, '2018-04-01', '2018-04-05 01:28:28', '2018-04-05 03:15:35'),
(14, 138, '2017-02-07', '2018-04-05 04:00:21', '2018-04-05 04:06:31'),
(14, 151, '2017-03-08', '2018-04-04 23:24:54', '2018-04-05 00:33:40'),
(14, 63, '2018-03-15', '2018-04-05 05:01:08', '2018-04-05 05:11:38'),
(14, 156, '2017-04-03', '2018-04-05 01:12:01', '2018-04-05 03:09:58'),
(14, 83, '2017-12-17', '2018-04-05 03:11:48', '2018-04-05 03:59:44'),
(14, 54, '2017-11-25', '2018-04-04 23:57:54', '2018-04-05 02:15:20'),
(14, 133, '2017-04-05', '2018-04-04 23:43:39', '2018-04-05 00:35:06'),
(14, 29, '2017-03-24', '2018-04-04 23:50:15', '2018-04-05 04:47:51'),
(14, 33, '2017-06-06', '2018-04-05 03:08:43', '2018-04-05 03:42:16'),
(14, 150, '2018-03-11', '2018-04-05 00:03:52', '2018-04-05 03:06:47'),
(14, 139, '2017-02-27', '2018-04-05 00:02:13', '2018-04-05 03:18:00'),
(14, 3, '2017-05-18', '2018-04-05 02:06:16', '2018-04-05 02:10:59'),
(15, 36, '2017-07-19', '2018-04-04 11:24:57', '2018-04-04 13:51:45'),
(15, 15, '2017-10-08', '2018-04-04 13:38:36', '2018-04-04 13:49:23'),
(15, 176, '2017-09-23', '2018-04-04 11:28:07', '2018-04-04 11:56:17'),
(15, 155, '2017-06-13', '2018-04-04 11:26:43', '2018-04-04 11:48:07'),
(15, 45, '2017-03-19', '2018-04-04 13:32:02', '2018-04-04 13:51:39'),
(15, 184, '2018-02-14', '2018-04-04 12:00:14', '2018-04-04 12:51:58'),
(15, 165, '2018-03-02', '2018-04-04 11:10:50', '2018-04-04 11:45:37'),
(15, 135, '2018-02-16', '2018-04-04 13:10:08', '2018-04-04 13:20:22'),
(15, 138, '2017-03-21', '2018-04-04 12:33:08', '2018-04-04 13:11:28'),
(15, 163, '2017-05-10', '2018-04-04 12:28:42', '2018-04-04 12:44:03'),
(15, 58, '2017-07-04', '2018-04-04 13:20:33', '2018-04-04 14:01:42'),
(15, 121, '2017-12-22', '2018-04-04 13:54:54', '2018-04-04 13:55:13'),
(15, 89, '2018-01-16', '2018-04-04 11:42:12', '2018-04-04 12:49:43'),
(15, 104, '2017-07-28', '2018-04-04 11:21:00', '2018-04-04 12:13:41'),
(15, 107, '2017-08-11', '2018-04-04 12:43:17', '2018-04-04 13:29:19'),
(15, 90, '2017-10-16', '2018-04-04 13:14:47', '2018-04-04 13:44:40'),
(15, 44, '2017-06-03', '2018-04-04 13:52:11', '2018-04-04 14:02:24'),
(15, 170, '2017-01-20', '2018-04-04 11:46:33', '2018-04-04 13:29:21'),
(15, 197, '2017-06-19', '2018-04-04 12:05:20', '2018-04-04 12:57:40'),
(15, 161, '2017-11-09', '2018-04-04 11:27:32', '2018-04-04 13:24:21'),
(15, 17, '2018-03-01', '2018-04-04 13:25:45', '2018-04-04 13:59:48'),
(15, 4, '2018-03-29', '2018-04-04 12:44:17', '2018-04-04 13:53:20'),
(15, 47, '2017-02-13', '2018-04-04 13:56:32', '2018-04-04 14:02:22'),
(15, 188, '2017-12-17', '2018-04-04 12:42:26', '2018-04-04 13:14:44'),
(16, 73, '2017-04-16', '2018-04-05 08:15:19', '2018-04-05 11:17:40'),
(16, 26, '2017-03-03', '2018-04-05 04:19:15', '2018-04-05 09:20:28'),
(16, 146, '2017-09-23', '2018-04-05 01:56:45', '2018-04-05 08:00:21'),
(16, 77, '2017-10-25', '2018-04-05 08:43:03', '2018-04-05 09:22:11'),
(16, 127, '2018-03-20', '2018-04-05 05:04:29', '2018-04-05 08:41:20'),
(16, 134, '2017-02-17', '2018-04-05 09:25:03', '2018-04-05 10:53:57'),
(16, 20, '2017-07-28', '2018-04-05 02:44:44', '2018-04-05 11:10:54'),
(16, 168, '2017-05-16', '2018-04-05 03:54:12', '2018-04-05 08:21:01'),
(16, 119, '2017-09-10', '2018-04-05 07:24:00', '2018-04-05 09:01:19'),
(16, 28, '2017-09-27', '2018-04-05 10:30:54', '2018-04-05 11:26:09'),
(16, 107, '2017-04-08', '2018-04-05 08:03:31', '2018-04-05 11:20:45'),
(16, 125, '2018-02-21', '2018-04-05 03:12:34', '2018-04-05 07:30:27'),
(16, 96, '2017-04-12', '2018-04-05 09:59:33', '2018-04-05 11:11:09'),
(16, 12, '2017-04-25', '2018-04-05 09:44:04', '2018-04-05 10:32:49'),
(16, 173, '2017-06-04', '2018-04-05 05:07:22', '2018-04-05 11:29:10'),
(16, 44, '2017-01-03', '2018-04-05 05:15:50', '2018-04-05 06:40:16'),
(16, 130, '2017-10-16', '2018-04-05 02:39:41', '2018-04-05 06:28:57'),
(16, 86, '2018-02-02', '2018-04-05 05:28:38', '2018-04-05 09:58:22'),
(16, 87, '2017-05-12', '2018-04-05 07:49:09', '2018-04-05 11:20:44'),
(16, 84, '2017-10-24', '2018-04-05 00:46:04', '2018-04-05 03:23:59'),
(16, 141, '2017-01-03', '2018-04-04 23:47:00', '2018-04-05 03:28:29'),
(16, 142, '2017-08-31', '2018-04-05 02:11:07', '2018-04-05 04:07:38'),
(16, 180, '2017-10-04', '2018-04-05 07:35:05', '2018-04-05 09:29:26'),
(16, 115, '2017-12-01', '2018-04-05 09:22:27', '2018-04-05 09:31:31'),
(16, 103, '2017-01-22', '2018-04-05 02:30:19', '2018-04-05 07:55:26'),
(16, 24, '2017-05-16', '2018-04-05 00:01:31', '2018-04-05 02:11:35'),
(16, 135, '2017-10-19', '2018-04-05 02:59:06', '2018-04-05 04:35:06'),
(16, 104, '2017-07-23', '2018-04-05 11:13:40', '2018-04-05 11:29:20'),
(16, 150, '2018-02-08', '2018-04-05 06:32:35', '2018-04-05 09:51:11'),
(16, 120, '2017-07-03', '2018-04-05 09:42:05', '2018-04-05 09:50:11'),
(16, 2, '2017-01-18', '2018-04-05 08:56:29', '2018-04-05 11:21:33'),
(16, 49, '2017-05-26', '2018-04-05 02:21:53', '2018-04-05 04:30:20'),
(16, 105, '2018-03-05', '2018-04-05 01:47:09', '2018-04-05 04:08:53'),
(16, 159, '2018-03-27', '2018-04-05 07:21:26', '2018-04-05 09:14:00'),
(16, 175, '2017-02-18', '2018-04-05 01:14:18', '2018-04-05 09:13:39'),
(17, 93, '2018-01-07', '2019-02-23 19:06:53', '2019-02-23 20:17:23'),
(17, 106, '2018-08-16', '2019-02-23 18:41:28', '2019-02-23 21:09:44'),
(17, 94, '2018-07-07', '2019-02-23 19:24:54', '2019-02-23 19:39:23'),
(17, 56, '2018-02-23', '2019-02-23 17:54:38', '2019-02-23 18:59:52'),
(17, 28, '2018-05-02', '2019-02-23 18:51:04', '2019-02-23 21:02:31'),
(17, 77, '2018-10-11', '2019-02-23 15:33:56', '2019-02-23 18:34:39'),
(17, 18, '2018-07-18', '2019-02-23 17:44:51', '2019-02-23 19:23:46'),
(17, 71, '2018-10-21', '2019-02-23 18:23:19', '2019-02-23 19:54:35'),
(17, 54, '2019-02-08', '2019-02-23 20:16:22', '2019-02-23 20:49:41'),
(17, 6, '2018-06-06', '2019-02-23 19:05:06', '2019-02-23 19:22:07'),
(17, 103, '2018-07-25', '2019-02-23 18:27:49', '2019-02-23 20:49:13'),
(17, 112, '2018-04-07', '2019-02-23 18:23:30', '2019-02-23 19:27:36'),
(17, 99, '2018-09-14', '2019-02-23 15:27:46', '2019-02-23 19:12:13'),
(17, 117, '2018-09-12', '2019-02-23 19:09:15', '2019-02-23 20:21:18'),
(17, 113, '2019-01-12', '2019-02-23 19:14:21', '2019-02-23 19:19:02'),
(17, 9, '2019-02-02', '2019-02-23 17:44:16', '2019-02-23 19:52:42'),
(17, 116, '2018-04-28', '2019-02-23 15:50:47', '2019-02-23 18:48:54'),
(17, 64, '2018-02-06', '2019-02-23 20:46:04', '2019-02-23 20:50:57'),
(17, 60, '2018-04-27', '2019-02-23 18:43:51', '2019-02-23 20:44:22'),
(17, 89, '2018-06-20', '2019-02-23 16:19:32', '2019-02-23 19:35:42'),
(17, 178, '2019-01-30', '2019-02-23 17:15:11', '2019-02-23 20:48:16'),
(17, 30, '2018-07-17', '2019-02-23 18:08:37', '2019-02-23 21:02:28'),
(17, 29, '2018-01-18', '2019-02-23 17:57:41', '2019-02-23 18:21:10'),
(17, 68, '2019-02-16', '2019-02-23 17:15:14', '2019-02-23 21:07:56'),
(17, 136, '2018-10-20', '2019-02-23 18:27:11', '2019-02-23 19:04:13'),
(17, 177, '2019-01-18', '2019-02-23 17:15:54', '2019-02-23 21:01:51'),
(17, 23, '2018-02-03', '2019-02-23 18:10:48', '2019-02-23 18:36:04'),
(17, 174, '2019-01-21', '2019-02-23 20:15:25', '2019-02-23 20:22:47'),
(18, 181, '2018-04-30', '2019-02-23 16:13:25', '2019-02-23 16:36:41'),
(18, 91, '2018-07-06', '2019-02-23 15:19:54', '2019-02-23 19:02:57'),
(18, 102, '2018-09-17', '2019-02-23 19:29:26', '2019-02-23 19:32:35'),
(18, 25, '2018-10-29', '2019-02-23 17:06:29', '2019-02-23 18:16:03'),
(18, 140, '2018-12-27', '2019-02-23 17:46:11', '2019-02-23 19:00:34'),
(18, 185, '2018-08-15', '2019-02-23 17:45:45', '2019-02-23 18:40:51'),
(18, 176, '2018-11-21', '2019-02-23 16:38:16', '2019-02-23 19:28:43'),
(18, 132, '2018-08-25', '2019-02-23 16:01:21', '2019-02-23 18:12:40'),
(18, 81, '2018-07-25', '2019-02-23 15:49:47', '2019-02-23 19:27:41'),
(18, 90, '2018-09-10', '2019-02-23 15:36:53', '2019-02-23 18:01:52'),
(18, 157, '2018-09-12', '2019-02-23 18:35:16', '2019-02-23 18:49:33'),
(18, 40, '2018-12-01', '2019-02-23 13:35:35', '2019-02-23 18:49:04'),
(18, 22, '2019-02-04', '2019-02-23 14:40:37', '2019-02-23 16:48:50'),
(18, 95, '2018-02-27', '2019-02-23 15:31:03', '2019-02-23 15:50:35'),
(18, 12, '2018-12-16', '2019-02-23 16:38:32', '2019-02-23 16:55:36'),
(18, 86, '2018-09-03', '2019-02-23 19:23:38', '2019-02-23 19:29:23'),
(18, 135, '2018-07-04', '2019-02-23 19:24:11', '2019-02-23 19:27:20'),
(18, 192, '2018-01-18', '2019-02-23 18:49:18', '2019-02-23 19:16:32'),
(18, 9, '2019-01-25', '2019-02-23 16:14:24', '2019-02-23 18:53:51'),
(18, 64, '2018-02-05', '2019-02-23 18:32:59', '2019-02-23 19:21:02'),
(18, 99, '2018-05-08', '2019-02-23 15:28:52', '2019-02-23 19:10:27'),
(18, 100, '2018-05-04', '2019-02-23 13:43:41', '2019-02-23 15:33:41'),
(18, 80, '2018-09-22', '2019-02-23 16:18:09', '2019-02-23 17:12:50'),
(18, 3, '2018-10-10', '2019-02-23 14:55:15', '2019-02-23 16:30:21'),
(18, 149, '2018-09-19', '2019-02-23 16:14:27', '2019-02-23 17:13:20'),
(18, 175, '2018-07-26', '2019-02-23 18:46:31', '2019-02-23 18:49:53'),
(18, 120, '2018-08-29', '2019-02-23 15:33:32', '2019-02-23 18:47:06'),
(18, 167, '2018-05-22', '2019-02-23 16:28:34', '2019-02-23 19:10:22'),
(19, 65, '2018-10-19', '2019-02-23 21:16:38', '2019-02-23 22:16:45'),
(19, 5, '2018-08-18', '2019-02-23 22:48:24', '2019-02-23 22:56:48'),
(19, 39, '2018-05-29', '2019-02-23 23:09:55', '2019-02-23 23:19:18'),
(19, 108, '2018-09-07', '2019-02-23 20:55:03', '2019-02-23 22:18:33'),
(19, 140, '2018-11-27', '2019-02-23 22:45:06', '2019-02-23 23:15:09'),
(19, 172, '2018-03-10', '2019-02-23 23:10:31', '2019-02-23 23:15:20'),
(19, 165, '2018-05-11', '2019-02-23 22:53:23', '2019-02-23 23:04:34'),
(19, 181, '2018-06-27', '2019-02-23 22:44:24', '2019-02-23 23:13:46'),
(19, 94, '2018-04-15', '2019-02-23 21:53:22', '2019-02-23 22:38:17'),
(19, 88, '2018-09-16', '2019-02-23 23:19:13', '2019-02-23 23:19:23'),
(19, 117, '2018-07-26', '2019-02-23 23:06:19', '2019-02-23 23:18:19'),
(19, 196, '2018-02-17', '2019-02-23 20:26:33', '2019-02-23 23:12:18'),
(19, 9, '2018-01-02', '2019-02-23 21:22:32', '2019-02-23 22:51:43'),
(19, 116, '2018-08-13', '2019-02-23 21:47:34', '2019-02-23 22:54:09'),
(19, 173, '2018-01-07', '2019-02-23 21:09:59', '2019-02-23 22:40:10'),
(19, 104, '2018-11-28', '2019-02-23 23:01:30', '2019-02-23 23:13:47'),
(19, 113, '2018-05-05', '2019-02-23 22:11:06', '2019-02-23 23:14:20'),
(19, 60, '2018-09-05', '2019-02-23 21:08:52', '2019-02-23 21:55:29'),
(19, 115, '2018-02-06', '2019-02-23 20:19:33', '2019-02-23 22:04:28'),
(19, 96, '2018-01-05', '2019-02-23 22:24:34', '2019-02-23 22:33:14'),
(19, 142, '2019-01-07', '2019-02-23 22:02:32', '2019-02-23 22:06:10'),
(19, 76, '2018-09-01', '2019-02-23 22:10:20', '2019-02-23 23:15:55'),
(19, 141, '2018-02-11', '2019-02-23 22:31:00', '2019-02-23 23:13:28'),
(19, 22, '2018-09-26', '2019-02-23 21:11:28', '2019-02-23 21:22:03'),
(19, 178, '2019-02-18', '2019-02-23 20:59:06', '2019-02-23 22:04:27'),
(19, 6, '2018-08-13', '2019-02-23 21:33:59', '2019-02-23 22:05:05'),
(19, 14, '2018-05-14', '2019-02-23 20:30:31', '2019-02-23 23:09:07'),
(19, 32, '2018-05-15', '2019-02-23 21:39:57', '2019-02-23 22:29:07'),
(19, 40, '2018-09-12', '2019-02-23 23:01:01', '2019-02-23 23:10:35'),
(19, 175, '2018-03-07', '2019-02-23 20:20:44', '2019-02-23 21:51:11'),
(19, 188, '2018-10-24', '2019-02-23 21:23:37', '2019-02-23 22:21:06'),
(19, 111, '2018-05-16', '2019-02-23 20:49:08', '2019-02-23 22:12:47'),
(19, 78, '2018-06-27', '2019-02-23 23:17:38', '2019-02-23 23:18:43'),
(19, 159, '2018-09-18', '2019-02-23 21:33:11', '2019-02-23 23:09:05'),
(19, 70, '2018-01-14', '2019-02-23 22:34:11', '2019-02-23 23:17:31'),
(19, 1, '2018-01-13', '2019-02-23 20:35:41', '2019-02-23 21:44:29'),
(20, 123, '2018-06-28', '2019-02-23 16:25:20', '2019-02-23 18:22:59'),
(20, 182, '2018-10-27', '2019-02-23 19:09:41', '2019-02-23 21:31:28'),
(20, 140, '2018-03-11', '2019-02-23 20:33:16', '2019-02-23 21:42:59'),
(20, 172, '2018-10-30', '2019-02-23 21:46:36', '2019-02-23 21:58:31'),
(20, 127, '2018-01-16', '2019-02-23 15:00:28', '2019-02-23 15:39:40'),
(20, 93, '2018-03-24', '2019-02-23 21:10:33', '2019-02-23 21:38:44'),
(20, 16, '2018-09-24', '2019-02-23 21:46:00', '2019-02-23 22:28:22'),
(20, 32, '2018-08-12', '2019-02-23 16:14:23', '2019-02-23 20:05:37'),
(20, 104, '2018-11-05', '2019-02-23 17:06:00', '2019-02-23 18:36:41'),
(20, 85, '2019-01-31', '2019-02-23 18:13:46', '2019-02-23 19:39:51'),
(20, 21, '2018-12-21', '2019-02-23 19:39:23', '2019-02-23 20:02:26'),
(20, 89, '2018-01-10', '2019-02-23 14:28:26', '2019-02-23 21:27:11'),
(20, 76, '2018-10-24', '2019-02-23 16:22:44', '2019-02-23 16:29:29'),
(20, 109, '2018-11-02', '2019-02-23 22:25:15', '2019-02-23 22:28:36'),
(20, 90, '2018-05-03', '2019-02-23 19:29:07', '2019-02-23 20:16:11'),
(20, 157, '2018-09-23', '2019-02-23 20:23:58', '2019-02-23 21:53:28'),
(20, 84, '2018-10-04', '2019-02-23 17:51:21', '2019-02-23 20:44:00'),
(20, 19, '2018-01-04', '2019-02-23 16:50:28', '2019-02-23 20:35:50'),
(20, 158, '2018-07-24', '2019-02-23 20:47:35', '2019-02-23 21:47:24'),
(20, 175, '2019-01-27', '2019-02-23 18:16:21', '2019-02-23 19:56:55'),
(20, 110, '2018-06-17', '2019-02-23 14:51:26', '2019-02-23 17:57:19'),
(20, 92, '2018-09-21', '2019-02-23 20:26:36', '2019-02-23 21:29:28'),
(21, 5, '2020-02-22', '2020-11-22 07:30:20', '2020-11-22 07:51:35'),
(21, 45, '2020-09-10', '2020-11-22 09:52:50', '2020-11-22 10:56:00'),
(21, 198, '2020-02-24', '2020-11-22 08:09:39', '2020-11-22 09:50:22'),
(21, 124, '2019-09-13', '2020-11-22 09:10:20', '2020-11-22 09:47:47'),
(21, 122, '2019-04-22', '2020-11-22 09:16:54', '2020-11-22 09:17:10'),
(21, 72, '2019-06-10', '2020-11-22 08:44:09', '2020-11-22 09:09:11'),
(21, 107, '2019-01-09', '2020-11-22 05:50:16', '2020-11-22 09:55:56'),
(21, 8, '2019-11-19', '2020-11-22 06:49:01', '2020-11-22 10:38:31'),
(21, 192, '2020-04-08', '2020-11-22 08:09:45', '2020-11-22 08:21:12'),
(21, 16, '2020-01-21', '2020-11-22 08:22:48', '2020-11-22 10:56:11'),
(21, 141, '2019-09-01', '2020-11-22 06:32:55', '2020-11-22 07:46:02'),
(21, 89, '2020-08-25', '2020-11-22 06:39:33', '2020-11-22 09:30:59'),
(21, 14, '2020-04-17', '2020-11-22 07:57:01', '2020-11-22 09:13:32'),
(21, 113, '2019-08-03', '2020-11-22 08:02:15', '2020-11-22 08:06:54'),
(21, 156, '2019-02-04', '2020-11-22 10:02:21', '2020-11-22 11:06:57'),
(21, 112, '2019-03-15', '2020-11-22 08:32:52', '2020-11-22 09:34:27'),
(21, 174, '2019-01-09', '2020-11-22 06:32:01', '2020-11-22 09:57:24'),
(21, 51, '2019-04-15', '2020-11-22 07:35:34', '2020-11-22 08:18:40'),
(21, 153, '2020-06-28', '2020-11-22 09:44:37', '2020-11-22 10:18:02'),
(21, 136, '2019-05-24', '2020-11-22 07:10:01', '2020-11-22 11:04:04'),
(22, 182, '2020-04-07', '2020-11-22 22:27:31', '2020-11-22 23:35:52'),
(22, 73, '2019-04-09', '2020-11-23 02:37:30', '2020-11-23 02:44:17'),
(22, 172, '2019-01-22', '2020-11-23 00:58:13', '2020-11-23 02:26:31'),
(22, 168, '2020-10-24', '2020-11-22 22:06:26', '2020-11-22 23:06:54'),
(22, 75, '2019-09-02', '2020-11-22 19:30:15', '2020-11-23 00:40:25'),
(22, 165, '2020-04-16', '2020-11-23 01:01:48', '2020-11-23 01:53:32'),
(22, 157, '2020-01-09', '2020-11-22 18:44:49', '2020-11-22 20:18:13'),
(22, 197, '2019-11-18', '2020-11-23 00:18:53', '2020-11-23 01:48:07'),
(22, 107, '2019-01-21', '2020-11-23 02:28:08', '2020-11-23 02:45:06'),
(22, 32, '2019-12-28', '2020-11-22 22:37:38', '2020-11-22 23:10:53'),
(22, 27, '2020-11-06', '2020-11-23 02:01:26', '2020-11-23 02:13:56'),
(22, 112, '2020-06-19', '2020-11-22 18:05:28', '2020-11-22 20:06:38'),
(22, 31, '2019-05-10', '2020-11-22 18:38:07', '2020-11-23 01:29:24'),
(22, 194, '2019-08-09', '2020-11-23 02:41:25', '2020-11-23 02:49:36'),
(22, 104, '2019-12-16', '2020-11-23 01:38:25', '2020-11-23 02:47:15'),
(22, 30, '2019-06-25', '2020-11-22 21:41:03', '2020-11-23 00:53:04'),
(22, 199, '2019-05-24', '2020-11-22 20:06:23', '2020-11-23 02:22:47'),
(22, 4, '2019-06-27', '2020-11-22 18:06:10', '2020-11-22 21:11:17'),
(22, 120, '2020-06-08', '2020-11-22 20:07:22', '2020-11-22 23:03:50'),
(22, 110, '2019-04-16', '2020-11-22 22:50:57', '2020-11-22 23:22:27'),
(23, 75, '2020-08-14', '2020-11-22 16:01:40', '2020-11-22 19:22:38'),
(23, 34, '2019-12-29', '2020-11-22 14:52:51', '2020-11-22 16:50:16'),
(23, 66, '2020-01-11', '2020-11-22 13:33:21', '2020-11-22 16:05:06'),
(23, 182, '2020-10-22', '2020-11-22 17:50:31', '2020-11-22 18:37:30'),
(23, 88, '2020-03-14', '2020-11-22 16:51:28', '2020-11-22 19:24:35'),
(23, 73, '2020-09-17', '2020-11-22 13:27:05', '2020-11-22 14:30:40'),
(23, 8, '2019-05-29', '2020-11-22 16:13:29', '2020-11-22 17:30:49'),
(23, 76, '2019-05-25', '2020-11-22 19:12:51', '2020-11-22 19:48:46'),
(23, 32, '2020-08-30', '2020-11-22 17:56:23', '2020-11-22 18:57:27'),
(23, 58, '2020-05-14', '2020-11-22 14:55:02', '2020-11-22 17:56:02'),
(23, 196, '2019-01-29', '2020-11-22 20:13:50', '2020-11-22 20:21:33'),
(23, 178, '2019-12-08', '2020-11-22 16:09:50', '2020-11-22 16:41:55'),
(23, 133, '2020-11-10', '2020-11-22 19:38:36', '2020-11-22 19:49:24'),
(23, 112, '2019-05-12', '2020-11-22 11:35:05', '2020-11-22 16:56:55'),
(23, 9, '2020-04-30', '2020-11-22 13:51:45', '2020-11-22 19:53:01'),
(23, 151, '2020-01-22', '2020-11-22 13:06:01', '2020-11-22 19:53:56'),
(23, 86, '2019-08-02', '2020-11-22 16:17:31', '2020-11-22 17:50:40'),
(23, 161, '2019-04-02', '2020-11-22 16:50:16', '2020-11-22 18:11:20'),
(23, 67, '2019-06-23', '2020-11-22 15:29:51', '2020-11-22 16:27:06'),
(23, 110, '2019-08-11', '2020-11-22 17:12:56', '2020-11-22 20:06:36'),
(23, 1, '2019-06-25', '2020-11-22 16:09:23', '2020-11-22 18:10:59'),
(23, 126, '2020-01-03', '2020-11-22 16:28:13', '2020-11-22 19:18:29'),
(24, 184, '2019-09-03', '2020-11-22 22:51:25', '2020-11-23 03:47:30'),
(24, 162, '2020-02-02', '2020-11-23 01:41:48', '2020-11-23 02:59:48'),
(24, 122, '2019-02-21', '2020-11-23 03:43:28', '2020-11-23 04:22:47'),
(24, 91, '2019-10-15', '2020-11-23 06:06:35', '2020-11-23 09:37:41'),
(24, 118, '2019-05-05', '2020-11-23 06:51:36', '2020-11-23 09:52:23'),
(24, 129, '2020-02-27', '2020-11-23 08:36:22', '2020-11-23 09:41:15'),
(24, 180, '2020-08-19', '2020-11-23 00:41:37', '2020-11-23 03:53:13'),
(24, 30, '2020-02-20', '2020-11-22 23:26:40', '2020-11-23 03:31:47'),
(24, 16, '2020-01-04', '2020-11-23 04:34:11', '2020-11-23 05:17:41'),
(24, 109, '2019-02-12', '2020-11-23 01:47:51', '2020-11-23 05:45:29'),
(24, 27, '2019-06-08', '2020-11-23 00:00:12', '2020-11-23 07:07:15'),
(24, 131, '2020-01-29', '2020-11-23 10:03:46', '2020-11-23 10:21:52'),
(24, 193, '2020-02-11', '2020-11-23 09:56:17', '2020-11-23 10:26:47'),
(24, 101, '2019-12-27', '2020-11-23 10:25:32', '2020-11-23 10:25:57'),
(25, 127, '2021-03-26', '2021-06-08 14:19:26', '2021-06-08 14:24:56'),
(25, 185, '2020-10-11', '2021-06-08 14:20:40', '2021-06-08 17:47:47'),
(25, 176, '2021-04-08', '2021-06-08 12:16:25', '2021-06-08 16:37:58'),
(25, 25, '2020-07-15', '2021-06-08 14:03:37', '2021-06-08 16:11:19'),
(25, 132, '2021-02-17', '2021-06-08 08:48:13', '2021-06-08 12:53:39'),
(25, 35, '2021-03-10', '2021-06-08 15:36:46', '2021-06-08 17:22:57'),
(25, 99, '2020-12-19', '2021-06-08 15:10:35', '2021-06-08 16:26:08'),
(25, 197, '2020-07-03', '2021-06-08 10:04:49', '2021-06-08 16:23:40'),
(25, 16, '2021-03-17', '2021-06-08 14:24:45', '2021-06-08 15:26:02'),
(25, 112, '2020-01-29', '2021-06-08 07:45:59', '2021-06-08 09:13:30'),
(25, 8, '2020-07-26', '2021-06-08 09:47:42', '2021-06-08 16:03:39'),
(25, 141, '2020-02-01', '2021-06-08 09:14:21', '2021-06-08 15:06:17'),
(25, 41, '2020-02-12', '2021-06-08 17:55:54', '2021-06-08 18:00:35'),
(25, 135, '2020-07-07', '2021-06-08 12:39:25', '2021-06-08 16:27:57'),
(25, 178, '2020-03-30', '2021-06-08 14:29:07', '2021-06-08 15:37:27'),
(25, 60, '2020-03-10', '2021-06-08 15:53:34', '2021-06-08 17:57:01'),
(25, 147, '2020-04-15', '2021-06-08 17:46:19', '2021-06-08 18:03:27'),
(25, 50, '2021-04-03', '2021-06-08 07:08:01', '2021-06-08 12:35:20'),
(25, 19, '2021-04-28', '2021-06-08 07:51:50', '2021-06-08 10:26:56'),
(25, 179, '2020-07-26', '2021-06-08 10:56:52', '2021-06-08 14:21:36'),
(26, 132, '2021-05-20', '2021-06-08 07:03:14', '2021-06-08 07:27:58'),
(26, 73, '2020-05-01', '2021-06-08 05:29:10', '2021-06-08 06:54:38'),
(26, 185, '2020-12-04', '2021-06-08 02:26:34', '2021-06-08 07:19:24'),
(26, 59, '2021-06-02', '2021-06-08 05:40:11', '2021-06-08 05:45:56'),
(26, 25, '2020-04-20', '2021-06-08 02:48:34', '2021-06-08 04:23:08'),
(26, 171, '2020-03-21', '2021-06-08 07:16:49', '2021-06-08 07:25:42'),
(26, 155, '2020-09-14', '2021-06-08 05:04:50', '2021-06-08 07:35:25'),
(26, 34, '2021-04-29', '2021-06-08 06:34:54', '2021-06-08 06:46:56'),
(26, 107, '2020-03-08', '2021-06-08 03:16:11', '2021-06-08 04:41:22'),
(26, 157, '2021-03-07', '2021-06-08 06:02:32', '2021-06-08 07:30:42'),
(26, 9, '2020-05-07', '2021-06-08 07:28:45', '2021-06-08 07:37:58'),
(26, 48, '2021-05-27', '2021-06-08 05:49:20', '2021-06-08 05:56:51'),
(26, 85, '2020-05-18', '2021-06-08 03:40:46', '2021-06-08 06:24:43'),
(26, 112, '2021-05-22', '2021-06-08 02:55:45', '2021-06-08 03:01:47'),
(26, 154, '2020-07-12', '2021-06-08 06:01:33', '2021-06-08 07:18:58'),
(26, 121, '2020-05-13', '2021-06-08 06:04:49', '2021-06-08 07:27:05'),
(26, 142, '2020-06-04', '2021-06-08 01:58:07', '2021-06-08 03:34:30'),
(26, 87, '2021-02-21', '2021-06-08 05:32:04', '2021-06-08 05:36:02'),
(26, 95, '2021-05-06', '2021-06-08 07:02:28', '2021-06-08 07:27:53'),
(26, 16, '2020-05-02', '2021-06-08 04:12:01', '2021-06-08 06:34:21'),
(26, 24, '2020-06-25', '2021-06-08 02:24:39', '2021-06-08 02:37:38'),
(26, 64, '2021-03-12', '2021-06-08 02:10:41', '2021-06-08 06:02:50'),
(26, 33, '2020-04-25', '2021-06-08 01:54:09', '2021-06-08 03:45:27'),
(26, 97, '2021-05-12', '2021-06-08 07:26:51', '2021-06-08 07:28:40'),
(26, 23, '2020-03-13', '2021-06-08 02:40:55', '2021-06-08 03:08:58'),
(26, 186, '2020-08-25', '2021-06-08 05:17:17', '2021-06-08 07:21:12'),
(26, 79, '2021-02-13', '2021-06-08 02:53:43', '2021-06-08 05:15:34'),
(26, 17, '2020-03-20', '2021-06-08 05:45:41', '2021-06-08 06:55:39'),
(27, 65, '2021-04-24', '2021-06-08 17:41:23', '2021-06-08 17:42:01'),
(27, 172, '2020-09-27', '2021-06-08 16:48:40', '2021-06-08 17:15:46'),
(27, 181, '2021-06-07', '2021-06-08 17:41:15', '2021-06-08 17:41:51'),
(27, 35, '2020-03-29', '2021-06-08 16:28:45', '2021-06-08 17:18:41'),
(27, 43, '2020-02-14', '2021-06-08 15:25:12', '2021-06-08 15:45:07'),
(27, 141, '2020-09-22', '2021-06-08 16:54:18', '2021-06-08 16:57:16'),
(27, 87, '2020-04-22', '2021-06-08 15:13:49', '2021-06-08 17:43:30'),
(27, 16, '2020-03-29', '2021-06-08 15:24:56', '2021-06-08 17:02:23'),
(27, 192, '2020-07-11', '2021-06-08 15:28:22', '2021-06-08 17:13:13'),
(27, 14, '2020-03-26', '2021-06-08 16:35:49', '2021-06-08 17:43:36'),
(27, 178, '2020-05-12', '2021-06-08 16:54:48', '2021-06-08 17:36:56'),
(27, 194, '2020-03-26', '2021-06-08 15:11:58', '2021-06-08 16:25:17'),
(27, 180, '2020-09-23', '2021-06-08 15:20:36', '2021-06-08 16:03:43'),
(27, 4, '2020-08-14', '2021-06-08 15:13:13', '2021-06-08 15:36:14'),
(27, 92, '2020-09-21', '2021-06-08 16:44:12', '2021-06-08 17:12:13'),
(27, 67, '2020-12-27', '2021-06-08 15:51:21', '2021-06-08 16:54:22'),
(27, 33, '2020-04-11', '2021-06-08 15:51:24', '2021-06-08 16:54:23'),
(28, 119, '2020-08-19', '2021-06-08 10:53:03', '2021-06-08 11:12:58'),
(28, 72, '2020-10-16', '2021-06-08 11:18:09', '2021-06-08 11:55:36'),
(28, 108, '2021-02-18', '2021-06-08 15:36:13', '2021-06-08 16:01:03'),
(28, 52, '2020-03-30', '2021-06-08 17:12:10', '2021-06-08 17:14:13'),
(28, 106, '2020-12-11', '2021-06-08 09:22:52', '2021-06-08 10:57:27'),
(28, 56, '2020-09-30', '2021-06-08 15:37:10', '2021-06-08 16:06:37'),
(28, 27, '2020-10-16', '2021-06-08 15:25:35', '2021-06-08 16:06:33'),
(28, 133, '2021-02-08', '2021-06-08 11:50:39', '2021-06-08 12:54:36'),
(28, 142, '2020-05-15', '2021-06-08 11:43:25', '2021-06-08 16:08:57'),
(28, 89, '2020-06-13', '2021-06-08 11:18:29', '2021-06-08 13:05:14'),
(28, 170, '2020-09-26', '2021-06-08 14:23:42', '2021-06-08 16:38:25'),
(28, 113, '2020-05-30', '2021-06-08 10:38:30', '2021-06-08 11:11:12'),
(28, 107, '2020-08-04', '2021-06-08 15:43:42', '2021-06-08 16:56:17'),
(28, 95, '2020-07-30', '2021-06-08 14:09:28', '2021-06-08 16:02:57'),
(28, 163, '2020-12-16', '2021-06-08 12:45:35', '2021-06-08 14:32:29'),
(28, 85, '2020-01-07', '2021-06-08 15:40:04', '2021-06-08 16:57:12'),
(28, 61, '2020-01-08', '2021-06-08 16:11:40', '2021-06-08 16:12:25'),
(28, 50, '2020-06-02', '2021-06-08 14:22:32', '2021-06-08 17:09:06'),
(28, 200, '2020-03-25', '2021-06-08 11:41:47', '2021-06-08 12:25:45'),
(28, 158, '2020-04-23', '2021-06-08 12:41:38', '2021-06-08 17:19:25'),
(29, 94, '2021-05-27', '2022-09-21 20:41:49', '2022-09-21 22:36:01'),
(29, 52, '2021-08-17', '2022-09-21 23:00:28', '2022-09-22 00:02:59'),
(29, 72, '2022-04-10', '2022-09-22 03:20:51', '2022-09-22 03:20:53'),
(29, 148, '2021-04-15', '2022-09-21 21:04:54', '2022-09-21 23:54:43'),
(29, 119, '2022-08-02', '2022-09-21 15:56:38', '2022-09-21 22:15:22'),
(29, 135, '2022-07-18', '2022-09-21 20:28:52', '2022-09-22 00:53:14'),
(29, 58, '2021-12-02', '2022-09-21 16:49:56', '2022-09-21 23:59:38'),
(29, 32, '2021-11-05', '2022-09-22 00:24:30', '2022-09-22 01:54:32'),
(29, 21, '2021-03-20', '2022-09-22 02:52:57', '2022-09-22 03:16:58'),
(29, 16, '2021-01-03', '2022-09-21 21:14:38', '2022-09-21 23:24:21'),
(29, 118, '2022-01-28', '2022-09-21 16:38:38', '2022-09-21 20:28:37'),
(29, 64, '2022-03-25', '2022-09-21 22:54:49', '2022-09-22 01:39:59'),
(29, 157, '2021-10-01', '2022-09-22 02:46:32', '2022-09-22 03:03:41'),
(29, 31, '2022-08-31', '2022-09-21 21:06:46', '2022-09-22 02:19:13'),
(29, 153, '2022-08-13', '2022-09-22 00:23:05', '2022-09-22 01:35:21'),
(29, 10, '2022-06-17', '2022-09-21 16:51:15', '2022-09-21 18:07:15'),
(29, 80, '2021-05-15', '2022-09-21 18:18:56', '2022-09-22 00:25:49'),
(29, 51, '2022-01-30', '2022-09-21 18:08:01', '2022-09-21 19:18:14'),
(30, 46, '2021-11-26', '2022-09-21 13:03:35', '2022-09-21 16:45:27'),
(30, 66, '2021-10-12', '2022-09-21 09:59:49', '2022-09-21 15:57:29'),
(30, 56, '2022-01-29', '2022-09-21 11:39:18', '2022-09-21 13:07:17'),
(30, 191, '2021-05-01', '2022-09-21 17:57:01', '2022-09-21 18:50:27'),
(30, 123, '2021-10-21', '2022-09-21 14:01:30', '2022-09-21 15:08:50'),
(30, 114, '2021-07-06', '2022-09-21 10:24:24', '2022-09-21 13:06:38'),
(30, 96, '2021-11-30', '2022-09-21 07:57:51', '2022-09-21 09:53:18'),
(30, 76, '2022-04-10', '2022-09-21 17:31:14', '2022-09-21 18:24:45'),
(30, 109, '2021-02-19', '2022-09-21 09:12:55', '2022-09-21 18:02:23'),
(30, 112, '2022-01-31', '2022-09-21 17:34:36', '2022-09-21 17:56:05'),
(30, 99, '2022-01-14', '2022-09-21 17:46:19', '2022-09-21 18:00:02'),
(30, 8, '2022-05-23', '2022-09-21 07:40:45', '2022-09-21 08:00:27'),
(30, 86, '2022-07-25', '2022-09-21 08:32:23', '2022-09-21 18:18:16'),
(30, 141, '2021-11-15', '2022-09-21 12:46:21', '2022-09-21 14:37:15'),
(30, 135, '2022-04-16', '2022-09-21 10:27:03', '2022-09-21 11:45:59'),
(30, 11, '2021-11-21', '2022-09-21 17:52:37', '2022-09-21 18:19:27'),
(30, 85, '2022-06-03', '2022-09-21 14:12:29', '2022-09-21 18:20:32'),
(30, 174, '2021-06-07', '2022-09-21 17:14:21', '2022-09-21 18:59:27'),
(30, 167, '2021-10-05', '2022-09-21 17:31:23', '2022-09-21 17:37:42'),
(30, 92, '2021-01-22', '2022-09-21 13:57:25', '2022-09-21 14:01:06'),
(30, 166, '2021-11-14', '2022-09-21 07:43:49', '2022-09-21 12:53:23'),
(30, 149, '2022-02-25', '2022-09-21 10:10:14', '2022-09-21 14:58:31');

INSERT INTO tickets (EAN13, visitor_id, category, purchase_date, price, payment_method, event_id, isActivated) VALUES
('7726494339410', '423', 'GA', '2017-04-27', 335.9, 'BC', 12, True),
('5583231224868', '404', 'GA', '2016-10-14', 297.4, 'NC', 11, True),
('7973658958864', '304', 'GA', '2016-06-29', 224.41, 'CC', 7, True),
('9485858159036', '530', 'GA', '2019-02-10', 447.89, 'DC', 18, True),
('8378541213040', '440', 'GA', '2015-07-13', 403.41, 'CC', 3, True),
('5759719514663', '565', 'GA', '2015-04-14', 283.07, 'NC', 1, True),
('1004000212453', '408', 'GA', '2022-06-17', 134.8, 'DC', 30, True),
('8913031571821', '489', 'GA', '2016-04-27', 334.81, 'BC', 5, True),
('2188881748860', '336', 'GA', '2020-07-16', 305.36, 'CC', 22, True),
('8948325814427', '421', 'GA', '2018-12-26', 181.56, 'BC', 19, True),
('1677059447834', '520', 'GA', '2020-10-26', 190.57, 'NC', 21, True),
('9995687566218', '360', 'GA', '2020-10-08', 125.83, 'CC', 27, True),
('4616656780274', '163', 'GA', '2021-03-13', 260.83, 'BC', 25, True),
('2456970450883', '174', 'GA', '2020-08-23', 84.63, 'DC', 23, True),
('5202627388382', '144', 'GA', '2015-08-19', 301.92, 'CC', 1, True),
('4766101710331', '173', 'GA', '2018-10-09', 91.93, 'BC', 19, True),
('6244335193178', '230', 'GA', '2020-11-10', 129.01, 'BC', 28, True),
('5109640480471', '294', 'GA', '2022-05-01', 400.92, 'NC', 29, True),
('9487034015195', '192', 'GA', '2018-08-18', 158.27, 'CC', 20, True),
('1634776362839', '167', 'GA', '2016-12-05', 288.75, 'DC', 7, True),
('9333167071359', '598', 'GA', '2018-02-24', 170.2, 'DC', 18, True),
('5697072220597', '369', 'GA', '2021-04-17', 441.5, 'BC', 26, True),
('9736062751997', '326', 'GA', '2014-12-02', 156.51, 'DC', 3, True),
('8984642239540', '490', 'GA', '2020-06-17', 97.83, 'NC', 25, True),
('4004784716033', '151', 'GA', '2020-02-10', 236.15, 'NC', 22, True),
('2408646448749', '459', 'GA', '2018-03-27', 186.84, 'CC', 20, True),
('6643205382719', '242', 'GA', '2020-02-01', 356.21, 'BC', 23, True),
('1691528454686', '597', 'VIP', '2017-06-11', 1131.65, 'NC', 14, True),
('9481321134966', '22', 'BaS', '2015-01-06', 0.0, 'NC', 4, True),
('2394872966792', '317', 'GA', '2016-01-09', 95.3, 'NC', 6, True),
('1909479641027', '392', 'GA', '2020-08-09', 433.02, 'BC', 21, True),
('8791079848492', '595', 'GA', '2018-11-11', 470.77, 'NC', 18, True),
('5276122057168', '180', 'GA', '2017-05-01', 115.21, 'BC', 14, True),
('4456828973581', '257', 'GA', '2017-05-17', 130.25, 'BC', 12, True),
('1744527608473', '155', 'GA', '2021-10-18', 379.8, 'BC', 30, True),
('9286427632190', '168', 'GA', '2021-01-28', 117.08, 'NC', 27, True),
('5920038899568', '71', 'GA', '2017-12-12', 212.22, 'CC', 16, True),
('1038437795982', '28', 'GA', '2014-11-12', 463.43, 'BC', 4, True),
('8010090938244', '108', 'GA', '2017-01-19', 293.59, 'NC', 10, True),
('2123954866702', '577', 'GA', '2017-06-21', 99.36, 'DC', 9, True),
('1209392441763', '424', 'GA', '2015-06-18', 266.1, 'BC', 3, True),
('7234807772511', '513', 'GA', '2017-09-11', 267.96, 'CC', 10, True),
('2673402161447', '341', 'GA', '2017-07-17', 226.27, 'NC', 10, True),
('5812707829671', '69', 'GA', '2020-07-24', 164.11, 'DC', 24, True),
('0940600736288', '52', 'GA', '2017-06-16', 214.03, 'DC', 12, True),
('0388318344626', '435', 'GA', '2020-09-18', 223.29, 'CC', 25, True),
('2184126856737', '41', 'GA', '2017-07-03', 190.55, 'DC', 16, True),
('5637703926220', '330', 'BaS', '2017-04-28', 0.0, 'CC', 15, True),
('6715191761287', '51', 'GA', '2016-01-24', 338.54, 'CC', 7, True),
('3151556479551', '1', 'GA', '2016-04-27', 340.38, 'BC', 6, True),
('1887538487438', '101', 'GA', '2020-03-09', 214.04, 'CC', 24, True),
('8148204622044', '235', 'GA', '2020-10-14', 259.29, 'BC', 27, True),
('2316440845556', '191', 'GA', '2015-08-30', 407.66, 'DC', 2, True),
('5701924382715', '253', 'GA', '2017-12-14', 500.04, 'BC', 13, True),
('6765843639156', '234', 'GA', '2017-05-13', 474.19, 'DC', 14, True),
('0732612360927', '576', 'GA', '2022-08-04', 145.46, 'CC', 30, True),
('9328905760955', '149', 'GA', '2022-07-12', 146.73, 'CC', 29, True),
('9937982489776', '249', 'GA', '2017-11-10', 266.48, 'BC', 14, True),
('3516663586152', '493', 'GA', '2020-08-14', 395.36, 'CC', 26, True),
('8507865879960', '159', 'GA', '2018-10-19', 205.19, 'BC', 17, True),
('0058641224024', '158', 'BaS', '2015-03-16', 0.0, 'NC', 2, True),
('9509362313956', '434', 'GA', '2017-07-01', 218.35, 'DC', 10, True),
('8681261146968', '472', 'GA', '2015-06-10', 89.83, 'DC', 3, True),
('1569098104960', '458', 'BaS', '2018-11-06', 0.0, 'CC', 19, True),
('1090372413880', '350', 'GA', '2018-01-10', 78.35, 'CC', 15, True),
('4464050074360', '169', 'GA', '2018-11-09', 85.17, 'BC', 18, True),
('1020521888839', '183', 'GA', '2015-07-04', 273.78, 'NC', 4, True),
('1575849727391', '438', 'GA', '2015-01-28', 314.94, 'DC', 4, True),
('2500854306599', '523', 'GA', '2018-06-20', 254.0, 'CC', 18, True),
('6114174165451', '298', 'GA', '2017-10-16', 288.72, 'CC', 14, True),
('8497372421093', '514', 'GA', '2020-10-08', 51.68, 'BC', 28, True),
('8729322731499', '30', 'GA', '2018-05-05', 62.26, 'NC', 20, True),
('5305842225688', '307', 'BaS', '2021-04-09', 0.0, 'BC', 26, True),
('2079841556752', '563', 'GA', '2016-04-26', 409.17, 'NC', 8, True),
('6304473499684', '250', 'BaS', '2016-11-25', 0.0, 'BC', 10, True),
('7811526156551', '92', 'GA', '2020-09-17', 207.24, 'NC', 24, True),
('2407289954884', '262', 'GA', '2016-06-28', 161.12, 'DC', 5, True),
('0344558275412', '305', 'GA', '2015-03-22', 167.62, 'CC', 2, True),
('0753448936799', '100', 'BaS', '2017-12-21', 0.0, 'BC', 16, True),
('1167358865939', '558', 'GA', '2020-08-10', 211.87, 'NC', 27, True),
('6788400661066', '261', 'GA', '2019-01-09', 177.52, 'BC', 19, True),
('5358007082770', '14', 'GA', '2020-10-03', 216.79, 'DC', 24, True),
('4625784423027', '370', 'GA', '2016-12-13', 146.21, 'BC', 12, True),
('3977787608752', '17', 'GA', '2018-07-21', 178.16, 'CC', 19, True),
('3595039462409', '32', 'GA', '2015-01-27', 323.02, 'CC', 4, True),
('5064458463403', '19', 'GA', '2018-03-03', 235.16, 'BC', 16, True),
('0255849421788', '272', 'GA', '2018-10-29', 210.24, 'BC', 17, True),
('0243471898576', '223', 'VIP', '2015-01-07', 2319.58, 'CC', 1, True),
('1369445368200', '446', 'GA', '2021-03-22', 216.46, 'NC', 26, True),
('7424107715724', '248', 'GA', '2016-10-31', 412.33, 'CC', 11, True),
('9128309525832', '275', 'GA', '2014-11-20', 88.28, 'NC', 4, True),
('9375611545844', '301', 'GA', '2020-11-13', 66.6, 'CC', 25, True),
('6745400579692', '303', 'GA', '2020-12-10', 181.85, 'CC', 27, True),
('6781660555138', '104', 'GA', '2015-04-29', 268.6, 'NC', 3, True),
('8632069452335', '372', 'GA', '2021-05-07', 227.88, 'CC', 26, True),
('9834448368108', '310', 'BaS', '2015-04-20', 0.0, 'DC', 3, True),
('6402168907442', '276', 'GA', '2015-08-23', 284.14, 'NC', 3, True),
('8672233281680', '20', 'GA', '2018-05-16', 368.66, 'NC', 18, True),
('3435754814060', '441', 'GA', '2016-10-07', 460.1, 'BC', 6, True),
('7210273229596', '115', 'GA', '2017-10-25', 149.51, 'CC', 13, True),
('6379289722633', '324', 'GA', '2018-07-03', 75.41, 'DC', 20, True),
('8529891343317', '483', 'GA', '2015-03-11', 304.61, 'DC', 2, True),
('1219508689324', '16', 'GA', '2020-12-22', 471.26, 'CC', 25, True),
('8368360801818', '457', 'GA', '2020-10-20', 157.36, 'CC', 25, True),
('6283353922352', '124', 'GA', '2018-10-26', 427.24, 'DC', 20, True),
('1800038397048', '375', 'GA', '2017-10-03', 330.75, 'DC', 9, True),
('7891365419623', '260', 'GA', '2016-11-30', 303.01, 'NC', 10, True),
('3046608750725', '277', 'GA', '2015-08-03', 289.24, 'BC', 2, True),
('2851578362684', '352', 'GA', '2016-03-17', 247.9, 'DC', 5, True),
('5496513302663', '503', 'GA', '2019-12-02', 336.83, 'CC', 22, True),
('1656246084793', '237', 'GA', '2017-08-02', 149.7, 'CC', 9, True),
('2040477977159', '325', 'GA', '2020-08-17', 481.08, 'NC', 23, True),
('1659398950083', '302', 'GA', '2020-07-10', 317.4, 'DC', 27, True),
('7724891857125', '540', 'GA', '2022-09-11', 144.03, 'NC', 29, True),
('8575555973488', '270', 'GA', '2014-12-02', 408.79, 'DC', 3, True),
('1989850963608', '407', 'GA', '2018-09-07', 179.24, 'BC', 17, True),
('2017410197561', '202', 'BaS', '2019-12-21', 0.0, 'CC', 21, True),
('3277653186339', '292', 'GA', '2018-10-11', 234.61, 'DC', 18, True),
('5053038288210', '291', 'GA', '2017-03-26', 245.64, 'DC', 12, True),
('6974860443725', '254', 'GA', '2018-08-20', 327.17, 'DC', 20, True),
('2743773522573', '204', 'GA', '2018-12-11', 264.71, 'CC', 17, True),
('3123680655567', '491', 'GA', '2016-11-29', 302.28, 'BC', 8, True),
('7134064645967', '12', 'GA', '2018-08-19', 158.66, 'NC', 20, True),
('9540419255933', '110', 'GA', '2020-07-01', 226.04, 'BC', 25, True),
('2744171713736', '78', 'GA', '2017-04-28', 228.69, 'BC', 11, True),
('2099849109732', '559', 'GA', '2014-12-01', 52.55, 'BC', 3, True),
('6915923128170', '246', 'GA', '2017-08-10', 399.15, 'BC', 11, True),
('8540225127094', '112', 'GA', '2017-11-26', 444.02, 'CC', 16, True),
('7585869429086', '415', 'VIP', '2015-02-13', 2078.3, 'DC', 2, True),
('8275621662956', '474', 'GA', '2021-04-11', 399.96, 'BC', 26, True),
('9335674226224', '402', 'GA', '2020-09-15', 149.45, 'CC', 23, True),
('6847510059375', '543', 'GA', '2016-10-14', 458.59, 'CC', 7, True),
('8450627544921', '476', 'GA', '2017-03-27', 223.71, 'NC', 9, True),
('8594982195848', '211', 'GA', '2020-07-19', 284.74, 'DC', 28, True),
('9697669506935', '181', 'BaS', '2018-05-29', 0.0, 'BC', 19, True),
('2726561839786', '501', 'GA', '2016-10-15', 464.2, 'BC', 7, True),
('3881308882982', '53', 'GA', '2020-11-10', 106.99, 'NC', 21, True),
('6218707252452', '196', 'GA', '2016-12-10', 232.47, 'DC', 9, True),
('4785158549565', '7', 'GA', '2017-08-21', 268.8, 'BC', 12, True),
('8260299635879', '232', 'GA', '2016-01-22', 160.74, 'NC', 7, True),
('7952125863131', '99', 'GA', '2020-08-26', 453.02, 'NC', 24, True),
('6217899393149', '346', 'BaS', '2022-01-30', 0.0, 'NC', 29, True),
('3596113296290', '571', 'GA', '2021-01-31', 206.02, 'DC', 27, True),
('8318185256433', '349', 'GA', '2017-02-18', 94.96, 'NC', 10, True),
('5482320362007', '449', 'GA', '2020-09-22', 332.67, 'DC', 24, True),
('3262125665930', '8', 'GA', '2018-11-29', 62.51, 'DC', 17, True),
('1168051453375', '321', 'BaS', '2017-05-06', 0.0, 'NC', 10, True),
('9742849240391', '359', 'GA', '2017-06-24', 431.32, 'DC', 11, True),
('5142109138770', '460', 'GA', '2017-10-10', 147.49, 'NC', 13, True),
('5609699290664', '319', 'BaS', '2019-12-04', 0.0, 'BC', 22, True),
('4854751092681', '432', 'GA', '2017-01-18', 197.13, 'CC', 10, True),
('8264446715989', '343', 'BaS', '2017-01-24', 0.0, 'CC', 11, True),
('9714325861922', '258', 'GA', '2018-07-27', 275.32, 'CC', 18, True),
('7911530157376', '198', 'VIP', '2020-08-20', 551.69, 'NC', 21, True),
('9759284127244', '593', 'GA', '2018-03-25', 143.19, 'CC', 18, True),
('6683987758406', '382', 'GA', '2016-01-30', 146.14, 'DC', 5, True),
('6506457759195', '119', 'GA', '2020-05-09', 489.15, 'BC', 23, True),
('5087476231596', '266', 'BaS', '2020-02-18', 0.0, 'DC', 22, True),
('9220057228283', '233', 'GA', '2018-03-01', 165.32, 'NC', 15, True),
('1313175987615', '187', 'GA', '2020-11-14', 116.45, 'DC', 22, True),
('6056181856718', '197', 'BaS', '2020-09-28', 0.0, 'DC', 21, True),
('1381622406345', '502', 'GA', '2017-06-28', 267.71, 'DC', 13, True),
('9565776872110', '162', 'GA', '2021-11-03', 273.12, 'CC', 30, True),
('6822984233900', '295', 'VIP', '2020-09-03', 1433.78, 'DC', 21, True),
('5325049061588', '170', 'GA', '2017-08-26', 255.85, 'NC', 15, True),
('1686064234278', '368', 'GA', '2015-03-18', 381.54, 'BC', 4, True),
('6262962384986', '316', 'GA', '2020-01-11', 310.15, 'DC', 24, True),
('9977931085426', '130', 'GA', '2017-08-18', 444.56, 'NC', 9, True),
('1069469630077', '388', 'GA', '2014-11-19', 211.77, 'BC', 2, True),
('7987357598545', '412', 'GA', '2015-04-19', 395.75, 'NC', 4, True),
('1867018128852', '475', 'GA', '2017-04-15', 243.59, 'DC', 9, True),
('4570727832531', '214', 'BaS', '2015-08-14', 0.0, 'NC', 1, True),
('9676456260688', '562', 'GA', '2018-03-16', 395.71, 'DC', 13, True),
('3753694945474', '205', 'GA', '2020-10-15', 453.41, 'NC', 21, True),
('7426067889168', '225', 'GA', '2015-06-30', 295.02, 'BC', 1, True),
('3397578166575', '521', 'GA', '2018-06-15', 368.1, 'CC', 18, True),
('7535543758532', '556', 'GA', '2018-02-11', 194.41, 'BC', 15, True),
('8833205394408', '143', 'GA', '2016-01-09', 313.73, 'CC', 5, True),
('7020265169475', '470', 'GA', '2018-03-17', 91.03, 'NC', 19, True),
('8429940864276', '54', 'BaS', '2015-02-09', 0.0, 'NC', 1, True),
('9656288816909', '416', 'GA', '2017-07-17', 355.22, 'DC', 16, True),
('8609687114019', '454', 'GA', '2016-11-25', 447.6, 'CC', 9, True),
('3591945487760', '531', 'GA', '2021-02-07', 163.54, 'NC', 28, True),
('2195305043614', '36', 'GA', '2020-07-10', 338.84, 'CC', 26, True),
('5409832993847', '569', 'GA', '2016-02-10', 234.0, 'CC', 5, True),
('9270783959343', '468', 'GA', '2018-05-01', 143.13, 'DC', 20, True),
('9767987965694', '409', 'GA', '2020-08-15', 324.45, 'DC', 28, True),
('5604210834582', '154', 'BaS', '2019-12-28', 0.0, 'NC', 21, True),
('6789636680759', '60', 'GA', '2020-07-19', 444.57, 'DC', 26, True),
('3514580029247', '308', 'BaS', '2017-12-16', 0.0, 'BC', 15, True),
('6761900793280', '394', 'GA', '2017-05-27', 284.1, 'CC', 10, True),
('7763137779102', '121', 'GA', '2017-04-07', 206.31, 'BC', 16, True),
('8942756661878', '146', 'GA', '2017-03-16', 69.19, 'NC', 10, True),
('0585281737232', '564', 'GA', '2017-08-16', 490.83, 'CC', 16, True),
('4764533957059', '318', 'GA', '2017-09-04', 388.62, 'BC', 13, True),
('9234209884723', '85', 'GA', '2017-08-20', 361.86, 'CC', 13, True),
('3764298430224', '279', 'GA', '2016-04-29', 396.72, 'BC', 8, True),
('1048401271741', '289', 'GA', '2018-07-01', 167.3, 'CC', 17, True),
('5415573806615', '165', 'BaS', '2018-04-13', 0.0, 'BC', 19, True),
('1227471381856', '134', 'GA', '2018-12-15', 354.76, 'DC', 19, True),
('6848711758138', '299', 'GA', '2017-09-02', 434.73, 'CC', 16, True),
('6701666477759', '590', 'GA', '2017-06-16', 257.12, 'DC', 15, True),
('2170994900335', '93', 'GA', '2022-03-18', 180.95, 'BC', 29, True),
('0581018517557', '377', 'GA', '2020-01-04', 178.86, 'DC', 24, True),
('9016346807314', '215', 'BaS', '2016-06-11', 0.0, 'BC', 5, True),
('1161540658242', '572', 'GA', '2018-10-27', 471.0, 'CC', 20, True),
('5171937956568', '410', 'GA', '2022-06-30', 172.32, 'NC', 29, True),
('2577032431556', '367', 'BaS', '2018-05-01', 0.0, 'NC', 17, True),
('0317514750370', '586', 'GA', '2016-03-07', 274.93, 'CC', 7, True),
('2709517146150', '311', 'GA', '2018-05-16', 493.3, 'BC', 18, True),
('0359903898979', '61', 'GA', '2020-09-03', 450.13, 'NC', 27, True),
('8573837315677', '357', 'GA', '2017-10-05', 494.29, 'CC', 16, True),
('9162225899720', '448', 'GA', '2015-06-02', 480.26, 'CC', 1, True),
('6126505984167', '547', 'GA', '2017-04-04', 467.4, 'CC', 15, True),
('0678282621459', '511', 'GA', '2021-11-18', 380.42, 'CC', 29, True),
('8337881750815', '218', 'GA', '2019-12-21', 136.14, 'DC', 21, True),
('2435961671462', '453', 'GA', '2018-10-01', 89.78, 'CC', 19, True),
('7274061519332', '185', 'GA', '2015-02-16', 296.24, 'NC', 1, True),
('4988075012931', '210', 'GA', '2017-06-05', 125.34, 'DC', 9, True),
('0090819496365', '13', 'GA', '2020-07-28', 217.23, 'BC', 28, True),
('0386506643159', '585', 'GA', '2017-12-07', 268.35, 'DC', 14, True),
('2449194296986', '544', 'GA', '2018-08-29', 115.2, 'DC', 19, True),
('2523426425151', '433', 'GA', '2020-08-28', 88.21, 'NC', 24, True),
('0272353021245', '390', 'GA', '2019-12-05', 64.73, 'NC', 22, True),
('7320440251011', '337', 'GA', '2020-07-18', 354.58, 'BC', 22, True),
('0120281304518', '80', 'GA', '2015-09-11', 311.52, 'CC', 4, True),
('3077453103288', '106', 'GA', '2016-12-31', 419.96, 'CC', 9, True),
('4871311998372', '594', 'GA', '2020-05-13', 233.9, 'CC', 24, True),
('7757941062746', '546', 'GA', '2017-04-05', 104.62, 'NC', 10, True),
('0852811369971', '344', 'GA', '2020-11-18', 376.36, 'DC', 21, True),
('3742348243076', '177', 'GA', '2015-07-08', 215.36, 'CC', 2, True),
('6920750670860', '413', 'GA', '2015-08-26', 387.97, 'CC', 3, True),
('2737709765097', '312', 'GA', '2015-03-24', 497.79, 'BC', 4, True),
('0172320551918', '555', 'GA', '2015-08-07', 315.58, 'BC', 3, True),
('3614489080258', '147', 'GA', '2017-04-04', 178.25, 'BC', 14, True),
('6874100207048', '213', 'GA', '2016-07-15', 430.84, 'NC', 7, True),
('9210827136976', '519', 'GA', '2014-11-13', 90.33, 'DC', 2, True),
('5215699640380', '56', 'GA', '2015-07-29', 64.19, 'DC', 3, True),
('1894999525216', '259', 'GA', '2020-12-02', 147.35, 'NC', 25, True),
('7360593231155', '283', 'GA', '2019-02-01', 316.17, 'CC', 17, True),
('1607931865928', '398', 'GA', '2016-08-25', 309.17, 'NC', 7, True),
('6030331464959', '417', 'GA', '2020-02-15', 106.7, 'DC', 22, True),
('1302391729494', '414', 'GA', '2020-03-01', 384.44, 'BC', 23, True),
('3609272017217', '570', 'GA', '2015-01-31', 377.52, 'CC', 4, True),
('7376013301915', '222', 'GA', '2017-12-01', 147.69, 'BC', 16, True),
('5771664947467', '327', 'GA', '2020-11-01', 320.11, 'NC', 22, True),
('0129029010347', '541', 'GA', '2018-07-27', 149.1, 'DC', 17, True),
('3197132513577', '403', 'GA', '2021-04-01', 432.34, 'NC', 27, True),
('7246656583099', '164', 'GA', '2016-03-29', 453.05, 'NC', 5, True),
('5214518978732', '138', 'GA', '2020-08-28', 460.46, 'DC', 27, True),
('7479418854324', '285', 'GA', '2015-08-04', 368.3, 'BC', 1, True),
('5529004370568', '208', 'GA', '2020-07-23', 225.26, 'BC', 24, True),
('3341938203788', '527', 'GA', '2016-12-08', 458.66, 'CC', 5, True),
('8684389847421', '148', 'GA', '2020-11-20', 73.12, 'DC', 23, True),
('8628997948487', '591', 'GA', '2015-05-19', 414.62, 'DC', 3, True),
('8331955515726', '288', 'GA', '2017-05-11', 93.06, 'BC', 13, True),
('7228118629484', '322', 'GA', '2020-11-29', 159.32, 'CC', 28, True),
('4884982486586', '238', 'GA', '2017-11-16', 251.46, 'CC', 13, True),
('8857636009178', '397', 'GA', '2017-07-26', 456.26, 'NC', 13, True),
('4943538335013', '188', 'GA', '2016-01-29', 323.83, 'NC', 5, True),
('8816711578844', '206', 'GA', '2020-08-17', 194.54, 'CC', 21, True),
('6328390141866', '479', 'GA', '2015-04-20', 167.62, 'CC', 3, True),
('6076576064271', '376', 'GA', '2019-12-17', 354.01, 'NC', 24, True),
('3928843270964', '532', 'GA', '2016-06-30', 384.83, 'DC', 5, True),
('6386965402520', '26', 'GA', '2020-10-16', 478.37, 'NC', 27, True),
('0314226270001', '428', 'GA', '2016-01-05', 364.69, 'NC', 6, True),
('5278481762439', '425', 'GA', '2017-09-04', 471.93, 'DC', 12, True),
('6750410170164', '497', 'GA', '2018-04-06', 379.65, 'BC', 17, True),
('2187495725503', '244', 'GA', '2017-05-22', 160.82, 'NC', 11, True),
('0816287049198', '160', 'BaS', '2020-06-08', 0.0, 'CC', 24, True),
('0237060445535', '401', 'GA', '2020-01-25', 220.6, 'NC', 24, True),
('5741410234688', '48', 'GA', '2016-12-15', 493.17, 'BC', 6, True),
('0057692886533', '300', 'GA', '2021-04-18', 383.96, 'DC', 28, True),
('7698066730609', '11', 'GA', '2020-07-30', 283.32, 'BC', 25, True),
('0472074903214', '157', 'GA', '2016-08-19', 301.92, 'DC', 6, True),
('7451751003439', '140', 'GA', '2020-02-16', 152.15, 'NC', 21, True),
('3791400814013', '132', 'GA', '2017-05-04', 108.92, 'NC', 14, True),
('3128517435430', '194', 'GA', '2017-08-05', 312.03, 'BC', 9, True),
('9125614577646', '84', 'GA', '2020-10-11', 224.62, 'DC', 21, True),
('9092532984167', '484', 'GA', '2020-11-06', 430.77, 'DC', 21, True),
('3442689300962', '518', 'BaS', '2016-03-16', 0.0, 'CC', 5, True),
('6526447965380', '557', 'GA', '2016-10-21', 102.35, 'NC', 12, True),
('7860513455117', '286', 'GA', '2016-01-16', 338.45, 'NC', 5, True),
('0236428205210', '422', 'GA', '2020-04-13', 409.97, 'BC', 22, True),
('2163665784087', '331', 'GA', '2016-10-28', 109.81, 'CC', 9, True),
('8137480696812', '83', 'GA', '2018-03-29', 174.73, 'CC', 17, True),
('2238961224794', '347', 'GA', '2016-12-31', 310.99, 'NC', 11, True),
('9041524983504', '171', 'GA', '2015-08-11', 383.14, 'NC', 4, True),
('3464946892647', '67', 'GA', '2016-08-16', 467.5, 'NC', 5, True),
('9948727102466', '75', 'GA', '2019-11-25', 168.2, 'BC', 22, True),
('1142227609658', '599', 'BaS', '2017-11-14', 0.0, 'BC', 14, True),
('9082499620791', '264', 'GA', '2017-08-03', 452.71, 'CC', 11, True),
('3449573840077', '113', 'GA', '2016-10-24', 417.89, 'BC', 9, True),
('7564943338699', '31', 'BaS', '2015-03-18', 0.0, 'DC', 3, True),
('3734061187200', '452', 'GA', '2018-08-18', 322.91, 'CC', 18, True),
('5472218487993', '450', 'GA', '2015-01-03', 393.18, 'DC', 1, True),
('5420981726143', '102', 'GA', '2020-09-03', 110.85, 'DC', 28, True),
('1195450122958', '252', 'GA', '2015-05-24', 392.2, 'DC', 2, True),
('8385283409704', '268', 'GA', '2020-07-21', 223.98, 'BC', 25, True),
('7125885207797', '500', 'GA', '2017-09-01', 293.66, 'DC', 15, True),
('4340312810775', '290', 'GA', '2018-08-04', 474.92, 'DC', 18, True),
('6326027518665', '251', 'GA', '2017-09-01', 437.45, 'DC', 16, True),
('6576733317058', '482', 'GA', '2014-10-24', 233.64, 'DC', 2, True),
('0455138330113', '117', 'GA', '2015-09-22', 95.09, 'NC', 2, True),
('0103071803109', '581', 'GA', '2020-02-01', 302.49, 'DC', 21, True),
('6148466557598', '152', 'GA', '2020-02-21', 361.85, 'BC', 23, True),
('1744504154609', '201', 'GA', '2021-10-07', 143.75, 'NC', 30, True),
('9154161895896', '105', 'GA', '2018-07-14', 439.32, 'NC', 17, True),
('1447002801345', '263', 'GA', '2020-02-09', 474.21, 'CC', 21, True),
('7029408572299', '49', 'GA', '2016-12-04', 191.12, 'CC', 6, True),
('6282960847998', '29', 'BaS', '2021-10-10', 0.0, 'BC', 29, True),
('6839721835350', '328', 'GA', '2020-01-10', 256.6, 'NC', 24, True),
('7566559906215', '478', 'GA', '2018-08-28', 260.36, 'CC', 19, True),
('4994173179671', '496', 'GA', '2017-04-12', 499.08, 'NC', 13, True),
('2995472106914', '329', 'GA', '2017-01-19', 454.25, 'NC', 10, True),
('6458032090185', '507', 'GA', '2020-07-10', 379.42, 'NC', 28, True),
('1548480885070', '395', 'GA', '2020-03-15', 334.2, 'CC', 24, True),
('1215614289087', '554', 'BaS', '2016-04-22', 0.0, 'CC', 5, True),
('4701166450491', '278', 'VIP', '2021-05-01', 684.77, 'NC', 25, True),
('8655225571244', '334', 'GA', '2020-07-28', 433.72, 'NC', 23, True),
('0012796455217', '203', 'GA', '2015-01-21', 460.1, 'NC', 3, True),
('3076133096761', '175', 'GA', '2018-12-31', 393.78, 'NC', 18, True),
('8093674629913', '44', 'BaS', '2020-01-03', 0.0, 'DC', 22, True),
('8180716503075', '427', 'BaS', '2021-05-17', 0.0, 'BC', 25, True),
('7840698084368', '550', 'GA', '2022-01-20', 147.22, 'CC', 29, True),
('8584939960247', '354', 'GA', '2020-05-26', 153.3, 'BC', 24, True),
('8428574523300', '588', 'GA', '2018-10-09', 275.03, 'NC', 19, True),
('1198892747532', '6', 'GA', '2018-11-03', 286.12, 'DC', 18, True),
('0355982614960', '153', 'BaS', '2019-02-04', 0.0, 'DC', 20, True),
('6029287320155', '243', 'GA', '2014-11-05', 391.88, 'BC', 4, True),
('5815221734854', '227', 'GA', '2016-01-23', 274.75, 'CC', 5, True),
('7074594724717', '293', 'GA', '2015-03-27', 252.63, 'CC', 4, True),
('3329673723611', '217', 'GA', '2015-12-20', 306.67, 'BC', 6, True),
('1620779113949', '560', 'BaS', '2021-04-01', 0.0, 'CC', 25, True),
('9021131626245', '33', 'GA', '2016-11-17', 85.51, 'NC', 7, True),
('4210498106713', '18', 'GA', '2016-02-29', 296.54, 'NC', 7, True),
('7772359087796', '269', 'GA', '2020-09-28', 358.93, 'NC', 28, True),
('2445010268612', '332', 'GA', '2018-09-03', 135.76, 'NC', 19, True),
('6742914730513', '231', 'GA', '2020-10-05', 206.8, 'NC', 26, True),
('1688058380712', '499', 'BaS', '2021-01-07', 0.0, 'BC', 28, True),
('2859848347254', '24', 'GA', '2016-05-29', 414.18, 'CC', 7, True),
('9026404713047', '133', 'GA', '2021-11-29', 200.75, 'BC', 29, True),
('8799416725346', '127', 'GA', '2018-07-19', 190.63, 'CC', 20, True),
('0019936848601', '128', 'GA', '2022-08-27', 192.95, 'CC', 29, True),
('8973983370722', '568', 'GA', '2020-07-13', 300.84, 'CC', 23, True),
('6676128370013', '150', 'GA', '2016-12-03', 365.7, 'BC', 9, True),
('9123401142503', '236', 'GA', '2015-03-26', 109.19, 'DC', 2, True),
('7823578445524', '526', 'GA', '2021-01-22', 445.79, 'DC', 26, True),
('4017047016683', '411', 'GA', '2015-12-18', 266.15, 'BC', 5, True),
('9601349673228', '226', 'GA', '2017-11-13', 288.69, 'CC', 15, True),
('0529973067861', '536', 'GA', '2021-03-13', 197.32, 'BC', 27, True),
('7814079322796', '34', 'GA', '2021-02-08', 433.76, 'BC', 28, True),
('6152373061552', '495', 'GA', '2016-11-05', 239.35, 'NC', 10, True),
('9673606940839', '464', 'GA', '2017-12-10', 184.04, 'CC', 13, True),
('4549527438575', '190', 'GA', '2018-05-23', 187.07, 'NC', 20, True),
('0291342651017', '73', 'GA', '2015-08-06', 320.18, 'CC', 4, True),
('2781049923633', '189', 'GA', '2016-12-09', 50.58, 'BC', 10, True),
('1924045619811', '245', 'BaS', '2020-03-19', 0.0, 'DC', 23, True),
('5771418719843', '419', 'GA', '2020-07-03', 163.44, 'BC', 25, True),
('1547538215241', '456', 'GA', '2018-06-30', 281.06, 'DC', 18, True),
('0216431632089', '179', 'GA', '2017-08-15', 181.9, 'DC', 10, True),
('6191299364978', '486', 'GA', '2014-12-31', 265.1, 'CC', 3, True),
('6096302883772', '161', 'BaS', '2016-08-31', 0.0, 'NC', 5, True),
('0465026179916', '439', 'GA', '2016-08-05', 319.49, 'BC', 7, True),
('3594670837712', '567', 'GA', '2021-02-19', 183.05, 'BC', 25, True),
('4350133492324', '355', 'GA', '2017-12-06', 127.85, 'CC', 14, True),
('2735061860434', '114', 'GA', '2015-07-01', 456.15, 'BC', 4, True),
('7640769705831', '509', 'GA', '2020-06-24', 364.29, 'CC', 24, True),
('0077923186873', '282', 'GA', '2015-08-12', 449.36, 'DC', 1, True),
('4379808544200', '396', 'GA', '2017-06-08', 307.99, 'CC', 12, True),
('5478752150460', '90', 'GA', '2016-10-26', 297.38, 'CC', 8, True),
('6262185748637', '582', 'GA', '2016-09-19', 206.02, 'CC', 5, True),
('5639627805134', '494', 'GA', '2021-05-24', 365.41, 'CC', 28, True),
('4967324948572', '378', 'GA', '2021-04-05', 416.35, 'NC', 28, True),
('9305452223860', '23', 'GA', '2017-11-28', 422.2, 'NC', 14, True),
('7094210840316', '96', 'GA', '2017-12-26', 197.71, 'BC', 15, True),
('4858804566452', '70', 'GA', '2017-07-11', 228.87, 'DC', 14, True),
('1847144490004', '374', 'GA', '2018-06-09', 408.21, 'CC', 20, True),
('7335093388841', '37', 'GA', '2017-05-06', 192.39, 'DC', 9, True),
('5031886741031', '573', 'BaS', '2020-12-13', 0.0, 'BC', 28, True),
('7532832626333', '240', 'GA', '2017-04-15', 145.61, 'CC', 15, True),
('7705659154175', '271', 'GA', '2021-04-05', 131.06, 'DC', 25, True),
('5298553491480', '193', 'VIP', '2017-06-27', 1406.54, 'CC', 11, True),
('5848434001951', '545', 'GA', '2015-09-16', 245.68, 'CC', 3, True),
('4721285459389', '566', 'GA', '2015-12-21', 377.3, 'DC', 8, True),
('3650362901222', '129', 'GA', '2020-01-14', 358.57, 'BC', 21, True),
('8725772285004', '94', 'GA', '2015-10-10', 227.15, 'DC', 1, True),
('9085335985217', '361', 'GA', '2018-05-25', 350.49, 'NC', 20, True),
('5299142986474', '297', 'GA', '2018-07-03', 347.29, 'CC', 18, True),
('0204319903447', '387', 'GA', '2018-06-06', 405.67, 'CC', 19, True),
('9626026176841', '15', 'GA', '2018-09-21', 160.41, 'CC', 20, True),
('8373962340692', '280', 'GA', '2015-05-25', 99.44, 'CC', 4, True),
('1388280035633', '131', 'GA', '2018-08-29', 130.42, 'DC', 18, True),
('2076113716489', '406', 'GA', '2016-11-24', 337.22, 'CC', 10, True),
('5952315043366', '517', 'GA', '2016-11-30', 198.0, 'BC', 8, True),
('5464688986040', '220', 'GA', '2019-11-27', 229.25, 'NC', 21, True),
('0034022944367', '471', 'BaS', '2020-12-30', 0.0, 'DC', 25, True),
('7971396529343', '267', 'GA', '2020-05-10', 236.47, 'DC', 24, True),
('0008545289494', '156', 'GA', '2020-06-13', 194.81, 'DC', 22, True),
('1578791603268', '596', 'GA', '2020-11-12', 255.54, 'CC', 23, True),
('2372497723127', '592', 'GA', '2017-09-26', 481.58, 'BC', 9, True),
('0264617243891', '529', 'GA', '2020-05-08', 104.16, 'BC', 23, True),
('6226226692106', '462', 'GA', '2017-12-29', 393.11, 'BC', 13, True),
('2971280162461', '393', 'GA', '2016-10-06', 256.79, 'BC', 7, True),
('0310113881945', '583', 'GA', '2017-06-03', 197.91, 'NC', 16, True),
('1787428605027', '40', 'GA', '2017-10-07', 91.28, 'BC', 16, True),
('8258320553745', '469', 'GA', '2017-05-13', 59.35, 'NC', 16, True),
('9721574957900', '522', 'GA', '2019-02-08', 259.08, 'DC', 19, True),
('9538066612067', '510', 'GA', '2015-05-31', 91.62, 'BC', 3, True),
('6002299411296', '380', 'GA', '2020-10-15', 495.26, 'BC', 28, True),
('0460329574251', '447', 'GA', '2020-10-27', 363.87, 'NC', 21, True),
('1446268045013', '539', 'GA', '2020-04-04', 80.21, 'BC', 24, True),
('5922543423245', '345', 'GA', '2021-02-12', 411.51, 'NC', 28, True),
('0943285048875', '255', 'GA', '2017-06-23', 418.27, 'CC', 11, True),
('1506482198052', '320', 'GA', '2020-07-02', 124.29, 'DC', 24, True),
('1717274386983', '461', 'BaS', '2015-04-25', 0.0, 'NC', 1, True),
('4497585782561', '95', 'GA', '2017-04-16', 137.97, 'DC', 11, True),
('4513335205477', '186', 'BaS', '2017-08-22', 0.0, 'NC', 14, True),
('1882909078467', '109', 'GA', '2016-07-05', 121.4, 'BC', 7, True),
('3751327667541', '371', 'BaS', '2015-09-28', 0.0, 'CC', 3, True),
('1877560532853', '313', 'GA', '2018-03-16', 226.45, 'BC', 14, True),
('9143725340768', '145', 'GA', '2016-02-07', 213.45, 'DC', 5, True),
('6297516881989', '287', 'BaS', '2017-08-25', 0.0, 'CC', 16, True),
('1959232304772', '465', 'GA', '2016-03-28', 218.57, 'NC', 8, True),
('0319757027428', '296', 'GA', '2017-10-03', 82.88, 'NC', 14, True),
('0349147424771', '76', 'GA', '2015-08-09', 493.04, 'NC', 1, True),
('9467383722392', '524', 'GA', '2016-03-03', 187.5, 'DC', 5, True),
('6788495181605', '103', 'GA', '2015-09-17', 480.18, 'NC', 2, True),
('9021384609755', '420', 'GA', '2020-06-21', 275.73, 'NC', 24, True),
('6352789583760', '385', 'GA', '2015-02-15', 430.32, 'NC', 4, True),
('5028500896737', '600', 'VIP', '2017-01-21', 520.62, 'NC', 11, True),
('9214785452901', '551', 'VIP', '2018-07-11', 2407.33, 'DC', 17, True),
('4075636832338', '3', 'GA', '2019-02-07', 331.96, 'CC', 19, True),
('6500229435072', '391', 'GA', '2020-08-20', 300.37, 'CC', 27, True),
('8676335566645', '323', 'GA', '2020-08-11', 338.27, 'DC', 25, True),
('7957036095472', '47', 'VIP', '2017-07-01', 1179.68, 'DC', 10, True),
('0906501006170', '123', 'GA', '2016-06-14', 117.78, 'NC', 7, True),
('8332285084531', '126', 'GA', '2017-04-22', 171.38, 'BC', 14, True),
('4432629058754', '10', 'GA', '2016-11-02', 59.0, 'NC', 9, True),
('3511057786886', '418', 'GA', '2020-01-03', 314.72, 'DC', 22, True),
('8631598585891', '120', 'GA', '2017-12-18', 107.87, 'DC', 15, True),
('1192646617492', '444', 'GA', '2018-01-28', 95.68, 'BC', 16, True),
('3166107735765', '111', 'GA', '2020-02-24', 467.05, 'NC', 21, True),
('3829284660943', '431', 'GA', '2016-04-05', 323.11, 'DC', 8, True),
('1514760476706', '505', 'GA', '2016-10-22', 87.98, 'BC', 9, True),
('3224359760718', '400', 'GA', '2022-07-05', 243.34, 'NC', 29, True),
('1424392861617', '281', 'GA', '2020-06-18', 413.37, 'CC', 26, True),
('6148903650403', '273', 'GA', '2016-02-14', 184.48, 'CC', 7, True),
('2531830701223', '508', 'GA', '2020-09-11', 337.99, 'CC', 22, True),
('4391185620221', '528', 'GA', '2016-02-19', 496.98, 'NC', 8, True),
('1602542183630', '443', 'GA', '2018-01-22', 144.31, 'CC', 16, True),
('7720736088482', '200', 'GA', '2015-05-25', 246.59, 'BC', 2, True),
('0651050203104', '535', 'GA', '2018-04-05', 371.42, 'BC', 17, True),
('9204266805535', '379', 'BaS', '2016-10-13', 0.0, 'CC', 12, True),
('6765007353635', '137', 'GA', '2016-11-29', 490.95, 'BC', 11, True),
('1448868905106', '139', 'GA', '2021-01-19', 493.87, 'CC', 28, True),
('5472040610292', '533', 'GA', '2020-11-01', 216.04, 'BC', 26, True),
('5687308562185', '363', 'GA', '2017-09-24', 422.33, 'DC', 15, True),
('6779858818654', '141', 'GA', '2017-12-13', 258.25, 'CC', 15, True),
('7705663491609', '351', 'GA', '2020-02-07', 169.25, 'NC', 24, True),
('2036583427123', '587', 'GA', '2020-07-02', 263.26, 'DC', 28, True),
('8006967048675', '45', 'GA', '2019-01-29', 139.21, 'CC', 18, True),
('3744242642382', '534', 'GA', '2020-02-05', 416.82, 'CC', 21, True),
('7392319223492', '467', 'GA', '2017-09-15', 214.11, 'CC', 16, True),
('1197889567143', '182', 'GA', '2016-02-14', 127.06, 'CC', 5, True),
('4102650537635', '59', 'BaS', '2015-01-26', 0.0, 'NC', 3, True),
('6825435067973', '247', 'GA', '2016-11-08', 356.02, 'BC', 8, True),
('2008023803623', '306', 'GA', '2020-08-08', 126.01, 'CC', 21, True),
('8619501566495', '383', 'GA', '2014-10-28', 457.31, 'BC', 2, True),
('1179862894201', '386', 'GA', '2022-06-20', 55.37, 'BC', 29, True),
('0282640931333', '358', 'GA', '2018-02-11', 497.72, 'BC', 14, True),
('1382782859528', '50', 'GA', '2017-04-05', 197.18, 'CC', 12, True),
('7083235285063', '199', 'GA', '2017-09-16', 297.9, 'BC', 10, True),
('5938080421213', '333', 'GA', '2016-04-21', 300.96, 'DC', 6, True),
('1574737779754', '256', 'GA', '2016-10-13', 67.46, 'NC', 7, True),
('1659266109070', '9', 'GA', '2015-06-01', 348.23, 'DC', 1, True),
('7966534796148', '342', 'GA', '2016-11-02', 226.97, 'DC', 6, True),
('6602933030065', '338', 'GA', '2021-05-09', 327.26, 'NC', 26, True),
('0068621620236', '538', 'GA', '2020-07-12', 303.91, 'BC', 28, True),
('8371655058135', '504', 'GA', '2017-03-26', 120.53, 'DC', 11, True),
('0007524295525', '364', 'GA', '2022-07-31', 61.24, 'CC', 29, True),
('7918156993293', '339', 'GA', '2017-06-07', 214.58, 'NC', 9, True),
('0390159466784', '561', 'GA', '2017-05-06', 235.56, 'CC', 12, True),
('9086477079177', '506', 'GA', '2014-12-24', 300.93, 'BC', 2, True),
('9163797195020', '381', 'GA', '2018-06-06', 341.74, 'DC', 18, True),
('5881902053526', '82', 'GA', '2017-02-10', 194.0, 'BC', 12, True),
('1144700669055', '241', 'GA', '2021-04-12', 118.19, 'BC', 28, True),
('5460940702870', '466', 'GA', '2017-10-01', 226.16, 'NC', 14, True),
('7052684843920', '135', 'GA', '2017-11-23', 153.37, 'CC', 13, True),
('4747101968837', '348', 'BaS', '2020-11-19', 0.0, 'NC', 25, True),
('6500906194027', '437', 'GA', '2020-01-14', 64.93, 'NC', 23, True),
('7808372218657', '485', 'BaS', '2022-07-21', 0.0, 'NC', 30, True),
('0872392741071', '284', 'GA', '2017-04-25', 391.09, 'BC', 15, True),
('0012556860398', '55', 'GA', '2018-04-03', 457.81, 'BC', 13, True),
('2645039264200', '46', 'BaS', '2017-07-02', 0.0, 'DC', 9, True),
('4668266943194', '542', 'GA', '2020-07-13', 357.98, 'NC', 23, True),
('9599914504354', '207', 'GA', '2020-01-22', 183.47, 'NC', 23, True),
('0168289518870', '97', 'GA', '2016-12-19', 460.85, 'BC', 10, True),
('8013389080116', '66', 'GA', '2016-11-04', 457.11, 'NC', 5, True),
('6833365968374', '4', 'BaS', '2020-07-06', 0.0, 'BC', 23, True),
('4006890351722', '209', 'GA', '2022-04-22', 254.38, 'CC', 29, True),
('6511489167250', '399', 'GA', '2021-12-15', 239.12, 'DC', 30, True),
('1407160717850', '548', 'GA', '2016-05-19', 218.08, 'BC', 8, True),
('1938209404964', '430', 'GA', '2016-12-23', 192.23, 'NC', 9, True),
('9596380236815', '429', 'GA', '2017-08-08', 179.48, 'DC', 15, True),
('3799355962717', '356', 'GA', '2021-03-29', 211.04, 'BC', 28, True),
('4548154872407', '35', 'GA', '2017-04-16', 98.51, 'NC', 9, True),
('2138852289164', '86', 'GA', '2016-03-17', 194.37, 'DC', 7, True),
('7020784352233', '72', 'GA', '2016-03-13', 217.68, 'BC', 6, True),
('7003402098962', '487', 'GA', '2014-10-19', 234.28, 'NC', 3, True),
('9651293695162', '580', 'GA', '2017-11-20', 73.13, 'DC', 13, True),
('3463370903366', '216', 'GA', '2016-12-15', 267.2, 'DC', 11, True),
('0440958740886', '57', 'BaS', '2016-07-28', 0.0, 'BC', 6, True),
('0728405394254', '463', 'GA', '2017-05-15', 382.36, 'CC', 12, True),
('0411294425009', '195', 'GA', '2015-01-28', 338.31, 'BC', 3, True),
('0157298943506', '5', 'GA', '2020-01-09', 490.38, 'DC', 23, True),
('7408131384632', '451', 'GA', '2018-03-27', 258.16, 'DC', 19, True),
('4793681901960', '584', 'GA', '2017-02-27', 116.47, 'CC', 12, True),
('7805220521172', '136', 'GA', '2018-03-23', 408.59, 'BC', 17, True),
('5527329228585', '89', 'GA', '2014-12-19', 136.63, 'BC', 1, True),
('2856328940723', '21', 'GA', '2020-06-26', 358.28, 'CC', 27, True),
('7238305541247', '98', 'GA', '2018-02-02', 495.57, 'CC', 14, True),
('7669559007554', '166', 'GA', '2017-08-27', 281.98, 'BC', 15, True),
('4938997994667', '176', 'GA', '2018-03-15', 414.77, 'NC', 14, True),
('0896665051830', '365', 'GA', '2016-08-06', 59.68, 'NC', 8, True),
('1332586486269', '537', 'GA', '2018-02-09', 285.48, 'CC', 15, True),
('6473836240777', '224', 'BaS', '2021-01-14', 0.0, 'CC', 25, True),
('3983923009008', '389', 'GA', '2016-11-25', 178.68, 'DC', 5, True),
('9903535517775', '274', 'GA', '2015-05-11', 498.48, 'BC', 4, True),
('9600117309488', '62', 'GA', '2017-09-08', 469.53, 'CC', 11, True),
('0434341853240', '65', 'GA', '2015-01-08', 347.15, 'BC', 1, True),
('1963834013692', '81', 'GA', '2016-11-23', 392.24, 'CC', 11, True),
('9556823861923', '125', 'GA', '2015-01-24', 246.49, 'CC', 4, True),
('4387146183182', '314', 'GA', '2017-08-19', 163.45, 'DC', 16, True),
('6768044334071', '39', 'BaS', '2020-12-15', 0.0, 'CC', 26, True),
('0635278504000', '184', 'GA', '2017-08-12', 136.97, 'CC', 13, True),
('2892502958981', '373', 'GA', '2020-12-22', 435.21, 'DC', 28, True),
('6080607833090', '335', 'GA', '2020-06-14', 312.95, 'DC', 25, True),
('5024296893559', '74', 'GA', '2016-10-05', 283.66, 'CC', 5, True),
('2586932930671', '309', 'GA', '2017-09-23', 296.73, 'NC', 14, True),
('9454653500049', '481', 'GA', '2016-10-23', 376.77, 'NC', 5, True),
('2642415420665', '553', 'GA', '2015-06-05', 94.11, 'CC', 3, True),
('8487800822096', '228', 'GA', '2018-07-30', 239.66, 'CC', 17, True),
('1846074787758', '122', 'GA', '2020-11-13', 187.95, 'BC', 28, True),
('8338622517250', '436', 'GA', '2018-12-22', 210.3, 'BC', 19, True),
('9392062523857', '445', 'VIP', '2021-04-12', 995.85, 'DC', 27, True),
('9684423332032', '107', 'GA', '2017-06-03', 236.62, 'NC', 11, True),
('0356925203713', '362', 'GA', '2016-08-08', 97.76, 'CC', 8, True),
('8397044533957', '27', 'GA', '2020-07-20', 265.61, 'CC', 25, True),
('1035804669719', '118', 'GA', '2017-05-09', 148.22, 'CC', 11, True),
('4592449096975', '340', 'GA', '2017-07-04', 105.15, 'DC', 10, True),
('1321740190155', '575', 'GA', '2018-08-01', 441.18, 'BC', 17, True),
('7474763311208', '578', 'GA', '2018-09-12', 308.81, 'DC', 17, True),
('7590981156538', '579', 'GA', '2016-05-22', 256.08, 'DC', 7, True),
('0852722987894', '38', 'GA', '2020-09-27', 115.65, 'BC', 27, True),
('1210038050812', '212', 'GA', '2018-11-04', 110.77, 'NC', 17, True),
('3970862119434', '87', 'BaS', '2018-12-12', 0.0, 'NC', 20, True),
('9312067470433', '68', 'GA', '2020-06-05', 79.15, 'DC', 21, True),
('3970815574705', '79', 'GA', '2018-04-23', 459.79, 'BC', 18, True),
('6394992198966', '515', 'GA', '2018-02-24', 300.55, 'CC', 17, True),
('1759808687741', '229', 'GA', '2015-02-19', 75.11, 'DC', 1, True),
('1621601948102', '384', 'GA', '2017-04-29', 389.9, 'CC', 13, True),
('1028914420705', '488', 'GA', '2016-09-17', 444.56, 'CC', 6, True),
('0214020731014', '455', 'GA', '2020-03-14', 268.12, 'CC', 22, True),
('3145699905895', '516', 'GA', '2016-09-24', 211.41, 'DC', 8, True),
('4994590657175', '480', 'GA', '2015-08-10', 440.33, 'DC', 1, True),
('6163122163483', '477', 'GA', '2018-04-24', 324.7, 'CC', 19, True),
('8226179500216', '525', 'BaS', '2015-04-25', 0.0, 'CC', 2, True),
('7478694379445', '315', 'GA', '2021-03-04', 218.61, 'NC', 27, True),
('7525600562130', '91', 'GA', '2016-02-02', 92.78, 'CC', 6, True),
('0200247730274', '43', 'GA', '2020-03-25', 375.95, 'NC', 24, True),
('0479671994282', '552', 'GA', '2020-08-24', 385.23, 'BC', 25, True),
('8660509895379', '64', 'GA', '2016-03-08', 156.71, 'BC', 5, True),
('3825461322962', '512', 'GA', '2020-08-16', 149.88, 'DC', 27, True),
('4639982498686', '77', 'GA', '2018-10-12', 150.4, 'DC', 17, True),
('0177831156795', '239', 'BaS', '2017-07-31', 0.0, 'BC', 16, True),
('5652466639194', '58', 'GA', '2018-05-20', 85.7, 'BC', 19, True),
('2015436805622', '221', 'GA', '2021-05-18', 169.36, 'BC', 27, True),
('1297884798181', '549', 'BaS', '2014-11-02', 0.0, 'NC', 2, True),
('9569338224035', '353', 'GA', '2016-11-24', 108.57, 'BC', 5, True),
('1571086006333', '405', 'GA', '2018-02-25', 324.82, 'BC', 19, True),
('6332284954099', '88', 'GA', '2016-12-13', 387.02, 'NC', 7, True),
('9058606033096', '42', 'GA', '2022-04-29', 270.43, 'DC', 30, True),
('9492294726181', '142', 'GA', '2020-09-15', 234.05, 'BC', 24, True),
('6230318786579', '178', 'BaS', '2016-07-10', 0.0, 'CC', 6, True),
('3377291056106', '219', 'GA', '2018-09-18', 427.45, 'BC', 17, True),
('2021131890678', '426', 'GA', '2020-08-06', 81.48, 'BC', 21, True),
('1904950180668', '574', 'GA', '2017-08-23', 335.33, 'DC', 14, True),
('1187770183678', '25', 'GA', '2015-08-31', 414.14, 'DC', 4, True),
('4857546418559', '116', 'BaS', '2020-01-30', 0.0, 'BC', 22, True),
('4467835660581', '442', 'GA', '2017-09-12', 165.9, 'DC', 11, True),
('6497717137101', '63', 'BaS', '2016-10-13', 0.0, 'BC', 12, True),
('0337880930034', '589', 'GA', '2021-01-06', 250.17, 'NC', 28, True),
('5673154845352', '473', 'GA', '2018-10-21', 163.86, 'DC', 20, True),
('3651087554317', '172', 'GA', '2015-07-15', 124.03, 'NC', 2, True),
('6099758130605', '265', 'GA', '2017-06-03', 388.55, 'CC', 12, True),
('6532575917345', '498', 'GA', '2018-09-19', 216.81, 'CC', 18, True),
('0143079672803', '492', 'GA', '2020-10-16', 316.68, 'NC', 27, True),
('3196048901873', '2', 'GA', '2020-01-13', 426.39, 'BC', 22, True),
('2221639537635', '366', 'GA', '2017-09-27', 337.79, 'BC', 9, True),
('2736665799192', '9', 'GA', '2016-06-15', 295.69, 'CC', 8, True),
('5510435095126', '201', 'GA', '2015-10-04', 294.47, 'BC', 4, True),
('6190975043931', '214', 'GA', '2020-11-23', 81.36, 'BC', 27, True),
('5713253715700', '438', 'GA', '2017-04-17', 292.37, 'DC', 13, True),
('8184138596389', '480', 'GA', '2020-11-12', 86.51, 'NC', 25, True),
('9032680405936', '186', 'GA', '2016-06-13', 420.87, 'CC', 8, True),
('7402255721344', '61', 'GA', '2020-06-23', 267.23, 'BC', 21, True),
('7080554132699', '525', 'GA', '2017-05-14', 230.56, 'NC', 11, True),
('9195369086633', '277', 'GA', '2017-09-18', 190.7, 'BC', 15, True),
('2207460501574', '550', 'GA', '2016-05-16', 304.6, 'CC', 6, True),
('5987541547622', '452', 'GA', '2017-07-14', 353.97, 'BC', 16, True),
('8015137798601', '390', 'GA', '2017-03-23', 291.6, 'BC', 11, True),
('3944596285114', '325', 'GA', '2014-12-28', 387.9, 'CC', 4, True),
('7646871395039', '596', 'GA', '2020-12-02', 210.87, 'CC', 28, True),
('4314317253969', '590', 'GA', '2018-08-19', 266.36, 'DC', 20, True),
('5427668739475', '165', 'GA', '2020-03-05', 457.84, 'DC', 21, True),
('9750784137126', '64', 'GA', '2019-12-02', 116.15, 'CC', 24, True),
('9005932390656', '257', 'GA', '2018-04-20', 241.36, 'CC', 18, True),
('7233312101152', '378', 'GA', '2022-03-14', 463.59, 'DC', 30, True),
('2522085255156', '473', 'GA', '2014-11-10', 63.54, 'BC', 4, True),
('6094529779204', '153', 'GA', '2017-05-09', 92.38, 'DC', 12, True),
('2483224751833', '262', 'GA', '2019-02-04', 255.47, 'NC', 19, True),
('1184227340808', '184', 'GA', '2016-10-18', 455.98, 'DC', 10, True),
('5158241205016', '304', 'GA', '2017-09-11', 474.5, 'DC', 9, True),
('0037493291418', '296', 'GA', '2016-05-05', 492.62, 'CC', 6, True),
('0362978392400', '181', 'GA', '2016-11-06', 286.42, 'NC', 6, True),
('1863085845438', '41', 'BaS', '2015-05-21', 0.0, 'CC', 2, True),
('1631839236059', '538', 'GA', '2017-06-30', 120.46, 'CC', 12, True),
('3663356645023', '205', 'GA', '2021-09-21', 483.06, 'NC', 30, True),
('5501391043856', '595', 'GA', '2016-03-19', 69.92, 'CC', 5, True),
('9220119354372', '286', 'GA', '2017-10-01', 296.07, 'DC', 10, True),
('6966720148255', '293', 'GA', '2017-12-15', 195.62, 'NC', 15, True),
('1254714511224', '177', 'GA', '2020-05-21', 500.43, 'CC', 21, True),
('7523109226254', '472', 'GA', '2018-05-29', 383.0, 'NC', 20, True),
('1558260631786', '376', 'GA', '2017-04-09', 212.05, 'CC', 10, True),
('5452626645197', '598', 'VIP', '2017-09-01', 874.7, 'NC', 12, True),
('5817899517119', '385', 'GA', '2020-04-25', 286.85, 'NC', 21, True),
('6542338908206', '210', 'BaS', '2015-07-07', 0.0, 'NC', 3, True),
('6187233000570', '570', 'GA', '2018-08-25', 90.15, 'BC', 18, True),
('4087327464703', '551', 'GA', '2022-02-08', 101.69, 'BC', 30, True),
('7099977704914', '519', 'GA', '2020-03-05', 287.08, 'NC', 21, True),
('2588659233900', '507', 'GA', '2020-10-23', 356.76, 'CC', 22, True),
('6223376810110', '219', 'GA', '2014-11-04', 446.47, 'NC', 3, True),
('1408677612283', '377', 'BaS', '2016-05-07', 0.0, 'DC', 8, True),
('7550827201994', '117', 'GA', '2020-08-21', 322.42, 'BC', 28, True),
('8390617590580', '93', 'GA', '2016-06-24', 282.78, 'CC', 8, True),
('4992450287329', '131', 'GA', '2022-02-15', 443.01, 'DC', 29, True),
('8337761232076', '171', 'GA', '2020-08-06', 330.04, 'DC', 27, True),
('9852634373329', '324', 'GA', '2020-04-20', 434.36, 'DC', 24, True),
('7028430444147', '333', 'BaS', '2019-02-11', 0.0, 'DC', 18, True),
('8642201106449', '477', 'GA', '2017-07-19', 255.66, 'CC', 12, False),
('2878619897951', '10', 'GA', '2018-07-01', 125.75, 'NC', 19, False),
('1942573017695', '231', 'GA', '2017-05-19', 111.49, 'BC', 14, False),
('3252063270212', '255', 'GA', '2022-05-19', 328.04, 'BC', 29, False),
('8208246374395', '94', 'GA', '2017-06-25', 379.89, 'BC', 14, False),
('1776095830213', '1', 'BaS', '2020-09-01', 0.0, 'CC', 26, False),
('9231284425478', '31', 'GA', '2019-12-28', 291.59, 'NC', 22, False),
('8022207630485', '586', 'GA', '2018-03-31', 327.73, 'CC', 18, False),
('9739695583116', '357', 'GA', '2021-04-21', 175.74, 'NC', 26, False),
('8612148991930', '199', 'GA', '2015-03-05', 303.2, 'DC', 1, False),
('8454640036574', '21', 'GA', '2020-02-26', 327.49, 'CC', 23, False),
('9356648000924', '38', 'GA', '2017-04-21', 403.51, 'NC', 15, False),
('3046406552221', '463', 'GA', '2015-03-30', 239.84, 'CC', 3, False),
('9106508519182', '275', 'GA', '2017-08-31', 295.9, 'NC', 12, False),
('5482799563548', '217', 'GA', '2015-09-08', 132.37, 'NC', 4, False),
('4149033180658', '294', 'GA', '2017-03-13', 154.9, 'NC', 9, False),
('0132526489890', '116', 'GA', '2017-08-02', 186.9, 'BC', 9, False),
('1963455335035', '299', 'GA', '2015-09-03', 108.65, 'NC', 2, False),
('1464723365949', '49', 'GA', '2017-07-21', 373.21, 'CC', 10, False),
('8724952240856', '502', 'GA', '2015-04-21', 243.81, 'BC', 2, False),
('0452035695351', '418', 'GA', '2015-04-04', 157.82, 'NC', 3, False),
('6209724630526', '487', 'GA', '2020-07-26', 299.78, 'DC', 27, False),
('2987575691311', '154', 'VIP', '2017-11-23', 652.25, 'DC', 13, False),
('8797584355577', '82', 'GA', '2022-08-30', 295.79, 'DC', 30, False),
('6297508008710', '505', 'GA', '2015-07-12', 377.4, 'DC', 1, False),
('0322546667446', '492', 'GA', '2015-05-31', 324.34, 'DC', 1, False),
('3533864319017', '253', 'GA', '2014-12-23', 191.42, 'NC', 1, False),
('5375535478714', '549', 'GA', '2022-03-22', 438.38, 'BC', 29, False),
('4075334456721', '353', 'GA', '2021-05-03', 187.56, 'BC', 27, False),
('6842950464665', '29', 'GA', '2017-01-01', 67.31, 'DC', 12, False),
('1559761765061', '207', 'GA', '2020-06-27', 275.89, 'CC', 28, False),
('1232110259713', '227', 'GA', '2020-12-27', 254.87, 'NC', 27, False),
('8253568941633', '518', 'GA', '2015-07-12', 197.83, 'DC', 1, False),
('3986884393153', '204', 'GA', '2020-07-31', 85.15, 'CC', 24, False),
('0239727000578', '274', 'GA', '2017-06-09', 62.72, 'BC', 14, False),
('6414908247035', '128', 'GA', '2021-02-15', 246.83, 'DC', 26, False),
('5687768093159', '209', 'BaS', '2015-03-21', 0.0, 'BC', 4, False),
('7970895993204', '108', 'GA', '2016-04-24', 403.99, 'CC', 8, False),
('8755127069028', '309', 'GA', '2016-08-05', 294.18, 'NC', 7, False),
('1624691539602', '183', 'GA', '2018-02-28', 316.02, 'NC', 13, False),
('1320169853514', '76', 'GA', '2018-02-28', 93.49, 'BC', 13, False),
('0555164736198', '313', 'GA', '2016-02-14', 480.49, 'DC', 8, False),
('4527552015638', '203', 'BaS', '2017-11-04', 0.0, 'NC', 16, False),
('2979276509667', '87', 'BaS', '2016-08-24', 0.0, 'DC', 8, False),
('0866942743930', '259', 'GA', '2018-12-14', 427.07, 'CC', 18, False),
('3059540469445', '562', 'GA', '2021-03-08', 393.73, 'BC', 28, False),
('9841331270690', '53', 'GA', '2022-09-19', 173.6, 'BC', 30, False),
('3393813016616', '409', 'GA', '2017-05-16', 103.58, 'CC', 12, False),
('2075612163977', '119', 'GA', '2016-08-27', 284.06, 'BC', 7, False),
('0605165155984', '137', 'BaS', '2019-02-17', 0.0, 'NC', 19, False),
('0997652478597', '413', 'GA', '2020-01-28', 131.65, 'DC', 23, False),
('7081912370338', '493', 'GA', '2017-04-26', 107.67, 'CC', 10, False),
('4578057087966', '140', 'GA', '2015-06-14', 267.71, 'CC', 2, False),
('5547345906186', '147', 'VIP', '2016-05-17', 1949.21, 'CC', 5, False),
('2703883768075', '258', 'GA', '2020-06-30', 67.39, 'CC', 26, False),
('7073723954471', '30', 'GA', '2020-05-09', 454.0, 'CC', 21, False),
('4867451791454', '568', 'GA', '2016-10-19', 323.52, 'DC', 10, False),
('0010070584422', '167', 'BaS', '2021-10-09', 0.0, 'CC', 29, False),
('7583840100468', '18', 'GA', '2020-04-16', 197.55, 'BC', 21, False),
('6476962027808', '422', 'GA', '2017-09-25', 89.81, 'CC', 13, False),
('6952738173686', '234', 'GA', '2016-01-11', 376.96, 'CC', 7, False),
('0230998410673', '280', 'GA', '2021-04-01', 87.78, 'NC', 26, False),
('0845798229815', '402', 'BaS', '2015-08-30', 0.0, 'BC', 2, False),
('5603630510139', '65', 'GA', '2016-10-01', 235.31, 'DC', 6, False),
('6743863364541', '481', 'GA', '2018-10-05', 475.24, 'DC', 17, False),
('4030279577381', '138', 'GA', '2016-02-05', 191.22, 'CC', 7, False),
('8870266884015', '540', 'GA', '2020-10-27', 251.25, 'DC', 24, False),
('1414827255097', '485', 'GA', '2017-04-09', 92.96, 'NC', 14, False),
('2269623114963', '193', 'GA', '2014-11-23', 242.44, 'DC', 2, False),
('2832415431556', '169', 'GA', '2016-06-14', 103.5, 'NC', 7, False),
('9722699166799', '316', 'GA', '2016-10-17', 288.82, 'BC', 10, False),
('8726633922951', '77', 'GA', '2017-04-24', 234.68, 'CC', 11, False),
('3070802797947', '100', 'GA', '2020-06-28', 211.46, 'NC', 22, False),
('6896537030997', '289', 'GA', '2022-05-24', 349.06, 'DC', 29, False),
('6973119364119', '375', 'GA', '2020-11-07', 83.01, 'CC', 22, False),
('7589081201678', '349', 'GA', '2017-09-14', 492.91, 'CC', 15, False),
('2172076819311', '197', 'GA', '2015-02-07', 50.11, 'CC', 4, False),
('3839634684381', '528', 'GA', '2018-01-11', 194.52, 'DC', 14, False),
('3518740366772', '74', 'GA', '2021-02-05', 183.25, 'NC', 27, False),
('9122404842100', '588', 'BaS', '2017-05-26', 0.0, 'NC', 14, False),
('9645421287779', '367', 'GA', '2014-11-19', 405.46, 'NC', 4, False),
('5800970185685', '368', 'GA', '2017-05-02', 76.99, 'BC', 13, False),
('7652779187565', '62', 'GA', '2019-12-09', 150.99, 'DC', 24, False),
('2820087000858', '96', 'GA', '2014-12-29', 149.11, 'CC', 3, False),
('1929544419473', '511', 'GA', '2017-11-23', 380.2, 'CC', 14, False),
('9375382186731', '360', 'GA', '2017-08-29', 107.4, 'DC', 16, False),
('7271412421586', '362', 'GA', '2018-05-20', 211.3, 'BC', 19, False),
('9242698549541', '322', 'GA', '2015-04-09', 427.16, 'BC', 1, False),
('3791173409007', '521', 'GA', '2015-06-11', 448.52, 'DC', 4, False),
('9563867270811', '242', 'GA', '2015-05-12', 294.51, 'BC', 1, False),
('2016758357676', '317', 'GA', '2019-01-07', 191.28, 'DC', 20, False),
('1968071229270', '121', 'GA', '2017-06-15', 292.27, 'BC', 12, False),
('0201684436269', '405', 'GA', '2020-11-23', 184.41, 'NC', 28, False),
('9772103513296', '471', 'GA', '2014-12-23', 342.21, 'CC', 2, False),
('8125700020617', '406', 'GA', '2015-07-09', 157.24, 'CC', 3, False),
('5362159899129', '559', 'GA', '2022-05-08', 220.66, 'NC', 30, False),
('5792045269208', '104', 'GA', '2020-10-01', 499.8, 'BC', 28, False),
('6548885527222', '73', 'BaS', '2020-10-25', 0.0, 'NC', 24, False),
('1138185279894', '6', 'GA', '2019-12-04', 462.34, 'BC', 21, False),
('6980743428482', '387', 'GA', '2015-09-24', 409.0, 'DC', 2, False),
('7663871503575', '561', 'GA', '2016-03-14', 81.23, 'DC', 8, False),
('2066766597335', '401', 'GA', '2020-12-30', 460.14, 'NC', 25, False),
('7029139676856', '26', 'GA', '2020-03-27', 392.62, 'BC', 21, False),
('4985060166301', '479', 'GA', '2019-01-24', 490.44, 'DC', 20, False),
('6749742439674', '327', 'GA', '2017-08-11', 298.23, 'DC', 15, False),
('2896912328012', '244', 'BaS', '2016-12-07', 0.0, 'DC', 5, False),
('5609450707931', '311', 'GA', '2016-10-18', 240.23, 'NC', 5, False),
('5512881791009', '152', 'GA', '2017-06-12', 204.5, 'BC', 15, False),
('2137114714743', '211', 'GA', '2020-08-16', 423.65, 'CC', 22, False),
('2257673997566', '331', 'GA', '2018-06-13', 323.09, 'BC', 17, False),
('1786246264887', '338', 'GA', '2022-02-03', 257.37, 'BC', 30, False),
('7680028534210', '384', 'GA', '2019-01-16', 456.24, 'CC', 19, False),
('4298260379301', '457', 'GA', '2016-06-20', 403.35, 'DC', 7, False),
('6766609009269', '461', 'GA', '2019-02-17', 262.67, 'CC', 18, False),
('8638805505201', '474', 'GA', '2017-09-03', 70.8, 'BC', 9, False),
('6808852288408', '190', 'GA', '2016-04-05', 221.08, 'NC', 5, False),
('0704831394494', '188', 'GA', '2017-01-28', 111.42, 'NC', 10, False),
('6899537115584', '32', 'GA', '2020-12-28', 111.74, 'NC', 25, False),
('9730876005733', '593', 'GA', '2017-01-20', 408.77, 'BC', 11, False),
('7411895442566', '51', 'GA', '2021-04-15', 460.57, 'CC', 26, False),
('2936467824655', '235', 'GA', '2017-08-07', 203.16, 'CC', 10, False),
('1400800534017', '141', 'GA', '2016-11-13', 239.75, 'NC', 7, False),
('1360755498904', '454', 'GA', '2018-01-12', 340.01, 'BC', 13, False),
('9001460525627', '136', 'GA', '2018-01-31', 185.17, 'DC', 13, False),
('9214117967407', '425', 'GA', '2020-01-21', 297.67, 'CC', 22, False),
('0092695737483', '532', 'GA', '2017-11-25', 247.16, 'DC', 15, False),
('8159813201721', '192', 'GA', '2016-02-22', 262.91, 'NC', 7, False),
('8769557381733', '592', 'GA', '2016-09-04', 251.57, 'DC', 7, False),
('0648521131932', '106', 'GA', '2015-06-22', 295.13, 'DC', 3, False),
('5713258482257', '80', 'GA', '2016-03-10', 352.2, 'DC', 7, False),
('3813107146435', '148', 'GA', '2015-04-18', 443.21, 'BC', 2, False),
('2784784310402', '520', 'GA', '2016-04-21', 359.19, 'DC', 5, False),
('3503801126589', '350', 'GA', '2019-01-10', 243.25, 'DC', 19, False),
('5276995184112', '552', 'GA', '2020-10-23', 171.03, 'BC', 23, False),
('0130389390713', '541', 'GA', '2020-08-21', 343.91, 'BC', 22, False),
('2771181212928', '245', 'GA', '2017-02-19', 103.21, 'DC', 12, False),
('5872505477505', '264', 'GA', '2019-01-22', 480.48, 'NC', 20, False),
('1331166456300', '127', 'BaS', '2020-06-23', 0.0, 'NC', 21, False),
('6457866407760', '318', 'GA', '2016-08-10', 445.09, 'NC', 8, False),
('9993609224988', '470', 'GA', '2020-01-10', 89.04, 'NC', 21, False),
('4931353642348', '130', 'GA', '2017-06-10', 325.7, 'BC', 13, False),
('5642447659936', '365', 'GA', '2022-05-17', 410.75, 'DC', 29, False),
('5268659536877', '156', 'GA', '2014-10-22', 391.43, 'BC', 2, False),
('0973658749612', '70', 'GA', '2018-04-20', 451.97, 'NC', 18, False),
('5653218474779', '374', 'GA', '2021-02-24', 295.11, 'BC', 26, False),
('1594609720268', '572', 'GA', '2020-01-10', 147.85, 'DC', 23, False),
('4667159406927', '301', 'GA', '2016-12-27', 247.54, 'BC', 9, False),
('9532320857221', '419', 'GA', '2018-08-28', 144.8, 'CC', 19, False),
('6429797693156', '135', 'GA', '2016-04-03', 308.4, 'BC', 8, False),
('8095901112764', '553', 'BaS', '2020-07-24', 0.0, 'NC', 21, False),
('2917905731929', '517', 'GA', '2017-02-01', 476.22, 'NC', 10, False),
('7190532928277', '179', 'GA', '2021-04-11', 50.65, 'BC', 26, False),
('3096986235589', '261', 'GA', '2016-10-25', 494.09, 'CC', 11, False),
('3230554482140', '560', 'GA', '2022-07-15', 458.32, 'BC', 30, False),
('4758503144145', '542', 'GA', '2016-01-20', 59.89, 'CC', 5, False),
('7033351544151', '276', 'GA', '2016-07-21', 54.25, 'NC', 7, False),
('5751923165158', '578', 'GA', '2017-06-12', 270.97, 'NC', 12, False),
('1188598348602', '54', 'GA', '2016-07-07', 241.3, 'NC', 7, False),
('7570750118983', '187', 'GA', '2018-02-22', 189.69, 'BC', 13, False),
('1544539900747', '576', 'GA', '2016-02-11', 90.01, 'CC', 6, False),
('4849088156927', '339', 'GA', '2020-08-01', 383.87, 'NC', 22, False),
('4494832087358', '566', 'GA', '2021-03-06', 67.42, 'DC', 28, False),
('3869255794824', '68', 'GA', '2016-07-28', 151.8, 'BC', 6, False),
('3670844611601', '290', 'GA', '2017-04-26', 174.76, 'BC', 14, False),
('7038370134049', '3', 'GA', '2020-08-19', 326.38, 'CC', 21, False),
('8934836251154', '456', 'GA', '2014-12-11', 481.54, 'NC', 2, False),
('8114990190312', '431', 'GA', '2017-02-15', 468.81, 'BC', 10, False),
('2559075756634', '467', 'GA', '2020-06-11', 448.98, 'CC', 25, False),
('3434828398883', '558', 'GA', '2016-02-04', 133.21, 'CC', 7, False),
('9085762532221', '282', 'GA', '2018-04-03', 104.59, 'NC', 18, False),
('4639779890275', '254', 'GA', '2016-02-09', 421.19, 'DC', 8, False),
('0660829446798', '55', 'GA', '2021-04-23', 437.06, 'BC', 25, False),
('2312182242117', '122', 'BaS', '2018-06-07', 0.0, 'CC', 19, False),
('6461783975837', '363', 'GA', '2020-04-11', 403.75, 'CC', 22, False),
('9289571723321', '105', 'GA', '2018-03-21', 195.82, 'DC', 15, False),
('3064780141355', '281', 'GA', '2016-02-23', 373.67, 'DC', 8, False),
('4352682484615', '92', 'GA', '2021-10-02', 116.48, 'NC', 30, False),
('8546749732101', '252', 'GA', '2020-09-04', 340.24, 'NC', 28, False),
('1502947254285', '403', 'GA', '2022-08-10', 123.51, 'CC', 30, False),
('2197126929259', '28', 'GA', '2021-10-13', 194.24, 'NC', 30, False),
('3699058619863', '575', 'GA', '2020-09-22', 137.21, 'BC', 28, False),
('6480650974729', '139', 'GA', '2016-04-23', 190.77, 'CC', 8, False),
('6934599464760', '341', 'GA', '2016-02-07', 73.03, 'CC', 5, False),
('3684771167632', '483', 'GA', '2017-01-04', 424.09, 'NC', 12, False),
('1175236981075', '348', 'GA', '2020-11-14', 309.27, 'NC', 24, False),
('2883460275893', '196', 'GA', '2021-12-20', 445.83, 'CC', 30, False),
('7218773686285', '381', 'GA', '2020-08-31', 475.78, 'NC', 22, False),
('7254503226917', '145', 'BaS', '2020-05-11', 0.0, 'CC', 22, False),
('5567726893035', '427', 'GA', '2022-09-02', 472.41, 'BC', 30, False),
('0443782588017', '394', 'GA', '2014-10-29', 52.29, 'CC', 1, False),
('6218339392626', '574', 'GA', '2020-10-08', 189.37, 'DC', 24, False),
('7372584243287', '40', 'GA', '2015-09-24', 304.89, 'BC', 2, False),
('9430491620327', '226', 'GA', '2021-01-28', 294.48, 'CC', 28, False),
('4740541494038', '158', 'BaS', '2021-02-10', 0.0, 'BC', 26, False),
('0726014801896', '195', 'GA', '2021-03-30', 321.17, 'BC', 27, False),
('9031749794767', '337', 'BaS', '2016-09-30', 0.0, 'BC', 5, False),
('7560693841800', '437', 'GA', '2017-08-28', 382.97, 'CC', 12, False),
('1599901718192', '20', 'GA', '2020-04-22', 284.76, 'DC', 24, False),
('9438622045433', '189', 'GA', '2022-09-03', 105.52, 'DC', 30, False),
('4792831606545', '241', 'GA', '2022-09-11', 339.24, 'DC', 30, False),
('7986903684105', '273', 'GA', '2017-01-06', 145.43, 'DC', 10, False),
('2851315125404', '462', 'BaS', '2020-07-06', 0.0, 'NC', 23, False),
('5435000745091', '265', 'GA', '2018-07-07', 248.62, 'NC', 18, False),
('9293347995259', '223', 'GA', '2017-08-22', 226.7, 'NC', 15, False),
('5275526567886', '85', 'GA', '2018-11-08', 87.74, 'CC', 17, False),
('2924881835605', '594', 'GA', '2016-12-05', 220.01, 'CC', 9, False),
('9385160650226', '101', 'GA', '2016-11-03', 53.96, 'NC', 11, False),
('7779836649910', '218', 'GA', '2015-08-15', 393.61, 'DC', 2, False),
('4602893888104', '395', 'GA', '2016-11-11', 63.09, 'DC', 9, False),
('1847865899834', '490', 'BaS', '2015-12-23', 0.0, 'DC', 8, False),
('9894641267632', '97', 'BaS', '2016-04-21', 0.0, 'NC', 5, False),
('2126515435989', '243', 'GA', '2017-07-18', 449.86, 'DC', 13, False),
('8267671594130', '597', 'GA', '2020-06-27', 388.92, 'NC', 21, False),
('6043638907084', '198', 'GA', '2018-09-03', 303.8, 'NC', 20, False),
('8165567604790', '170', 'GA', '2022-06-06', 484.2, 'DC', 30, False),
('9565592498393', '345', 'GA', '2020-07-08', 238.56, 'CC', 24, False),
('0834317495709', '118', 'GA', '2015-03-31', 159.43, 'CC', 3, False),
('3507235723384', '271', 'GA', '2016-04-21', 288.85, 'DC', 7, False),
('5951193666161', '564', 'GA', '2021-03-13', 207.45, 'DC', 27, False),
('8332673181190', '534', 'VIP', '2020-06-24', 1437.6, 'DC', 25, False),
('1037336936805', '510', 'GA', '2018-03-08', 296.22, 'BC', 15, False),
('6041017876406', '103', 'GA', '2018-03-21', 367.12, 'CC', 13, False),
('4437546964897', '237', 'GA', '2018-02-15', 477.65, 'DC', 13, False),
('1461529755446', '354', 'GA', '2016-07-09', 111.04, 'NC', 8, False),
('6945743514605', '416', 'GA', '2018-06-20', 429.75, 'BC', 20, False),
('0655245369490', '298', 'GA', '2022-03-13', 422.28, 'CC', 29, False),
('7352621331258', '396', 'GA', '2015-06-08', 168.14, 'DC', 1, False),
('1555314997622', '527', 'BaS', '2020-05-11', 0.0, 'BC', 23, False),
('2341985060125', '247', 'GA', '2020-11-29', 454.8, 'BC', 28, False),
('1736293798081', '379', 'GA', '2016-09-06', 275.23, 'CC', 8, False),
('9647204854263', '46', 'BaS', '2022-09-10', 0.0, 'BC', 29, False),
('1724997458941', '369', 'GA', '2017-04-21', 268.76, 'CC', 10, False),
('9101252520420', '383', 'GA', '2017-03-17', 459.36, 'NC', 11, False),
('5287205041061', '404', 'GA', '2020-12-28', 316.02, 'NC', 28, False),
('1324141588534', '529', 'BaS', '2021-03-04', 0.0, 'BC', 27, False),
('2135480820370', '13', 'GA', '2016-12-15', 475.43, 'NC', 8, False),
('6276551600022', '307', 'GA', '2017-04-25', 299.13, 'CC', 16, False),
('4837408795722', '132', 'GA', '2022-08-21', 159.31, 'DC', 30, False),
('0257795029418', '19', 'GA', '2014-10-17', 58.87, 'BC', 4, False),
('1545746994364', '460', 'GA', '2021-02-11', 344.0, 'CC', 25, False),
('0073353058282', '113', 'GA', '2016-08-23', 71.59, 'DC', 8, False),
('9450938024430', '175', 'GA', '2016-10-09', 313.43, 'NC', 5, False),
('6699751626707', '410', 'GA', '2015-02-06', 408.73, 'NC', 4, False),
('0919533449537', '67', 'GA', '2017-11-16', 61.23, 'CC', 15, False),
('1565757730703', '126', 'GA', '2018-09-17', 466.3, 'CC', 17, False),
('1744111919659', '496', 'GA', '2016-02-08', 492.97, 'CC', 8, False),
('5491537293015', '173', 'GA', '2020-07-25', 177.72, 'CC', 23, False),
('1784361665376', '268', 'GA', '2015-09-09', 401.52, 'BC', 1, False),
('5987476068237', '206', 'GA', '2015-07-03', 444.91, 'BC', 2, False),
('5584229666118', '372', 'VIP', '2017-08-15', 2009.49, 'NC', 16, False),
('4373630371564', '484', 'GA', '2016-03-31', 415.1, 'CC', 5, False),
('1258477997648', '430', 'GA', '2020-05-23', 307.87, 'NC', 22, False),
('6079418370714', '382', 'GA', '2017-05-10', 496.08, 'CC', 13, False),
('0894176565634', '434', 'GA', '2018-08-23', 364.79, 'DC', 18, False),
('3829522741278', '22', 'GA', '2016-02-17', 53.12, 'BC', 6, False),
('5096723251196', '445', 'GA', '2018-03-12', 421.12, 'BC', 15, False),
('4778238188081', '323', 'GA', '2020-05-14', 419.09, 'DC', 22, False),
('6011118567256', '581', 'GA', '2015-09-09', 413.9, 'DC', 1, False),
('7164362664408', '464', 'GA', '2018-10-21', 164.56, 'DC', 20, False),
('3718816354241', '585', 'VIP', '2017-05-04', 1330.45, 'DC', 10, False),
('2783299497196', '344', 'GA', '2014-12-10', 249.03, 'CC', 2, False),
('9565588500433', '486', 'GA', '2017-12-09', 390.01, 'CC', 14, False),
('2519016404952', '380', 'GA', '2018-03-26', 82.35, 'NC', 14, False),
('0633075451545', '555', 'GA', '2018-01-02', 449.76, 'DC', 14, False),
('7009244563554', '107', 'GA', '2019-01-31', 478.14, 'BC', 19, False),
('7922279861510', '310', 'GA', '2017-09-22', 155.03, 'BC', 10, False),
('4141638161477', '305', 'GA', '2020-10-16', 61.4, 'NC', 22, False),
('5010918724692', '291', 'GA', '2018-04-12', 482.65, 'DC', 19, False),
('8963204517618', '208', 'GA', '2021-01-17', 350.44, 'DC', 26, False),
('9780448842154', '44', 'VIP', '2020-10-27', 1131.21, 'BC', 26, False),
('1737786431114', '129', 'GA', '2021-03-17', 344.97, 'BC', 26, False),
('9759111832070', '420', 'GA', '2017-09-08', 499.64, 'CC', 14, False),
('9864105550887', '71', 'BaS', '2020-04-12', 0.0, 'BC', 22, False),
('8171979659395', '99', 'GA', '2015-06-06', 276.05, 'BC', 4, False),
('4829266950388', '249', 'GA', '2016-06-20', 448.43, 'NC', 6, False),
('0806081817585', '582', 'GA', '2022-04-13', 178.0, 'BC', 29, False),
('3649966280426', '498', 'BaS', '2017-10-25', 0.0, 'CC', 15, False),
('9747243295434', '495', 'GA', '2017-09-08', 203.12, 'NC', 14, False),
('7513269767267', '182', 'BaS', '2020-06-23', 0.0, 'CC', 24, False),
('9057901376722', '23', 'GA', '2020-03-24', 419.32, 'BC', 21, False),
('1486361526904', '17', 'GA', '2020-03-19', 335.4, 'DC', 24, False),
('9085976056921', '589', 'GA', '2020-05-27', 264.68, 'CC', 24, False),
('7174132230955', '232', 'VIP', '2018-02-24', 883.81, 'CC', 17, False),
('8213142305959', '370', 'BaS', '2020-09-27', 0.0, 'BC', 24, False),
('0134276582766', '89', 'GA', '2021-11-07', 299.03, 'BC', 30, False),
('9459251465570', '526', 'GA', '2015-06-26', 305.6, 'CC', 1, False),
('5863730059403', '513', 'GA', '2022-01-15', 344.57, 'BC', 30, False),
('2434570843353', '7', 'GA', '2017-10-17', 219.5, 'BC', 15, False),
('1146973344618', '142', 'GA', '2015-10-02', 69.74, 'CC', 4, False),
('3458746812260', '162', 'BaS', '2018-09-27', 0.0, 'BC', 20, False),
('8347977399664', '123', 'GA', '2020-04-16', 181.5, 'DC', 23, False),
('1327058145090', '146', 'GA', '2016-02-04', 333.46, 'NC', 8, False),
('6817641533901', '133', 'GA', '2017-01-17', 478.45, 'NC', 11, False),
('2168580691612', '251', 'GA', '2022-02-22', 187.9, 'DC', 29, False),
('6160340617357', '58', 'VIP', '2016-01-27', 2071.99, 'DC', 6, False),
('2115911669684', '191', 'BaS', '2020-03-10', 0.0, 'CC', 24, False),
('9930750586474', '75', 'GA', '2015-08-31', 360.14, 'NC', 1, False),
('8928968940556', '554', 'GA', '2017-04-09', 299.97, 'NC', 11, False),
('4989335834787', '109', 'GA', '2017-07-18', 349.39, 'DC', 11, False),
('0445642832811', '336', 'GA', '2015-09-28', 170.16, 'BC', 1, False),
('9288201038046', '178', 'GA', '2017-04-11', 368.3, 'NC', 16, False),
('7125898683215', '399', 'GA', '2019-12-13', 458.35, 'NC', 23, False),
('6989549562913', '72', 'GA', '2017-06-10', 66.8, 'BC', 16, False),
('3716255212557', '371', 'GA', '2018-02-02', 480.83, 'DC', 14, False),
('2386703660242', '489', 'GA', '2017-01-22', 59.77, 'DC', 9, False),
('1848943197510', '535', 'GA', '2016-03-30', 390.78, 'DC', 7, False),
('9807671081325', '501', 'GA', '2019-01-07', 266.52, 'CC', 17, False),
('8894159592355', '424', 'GA', '2018-09-08', 485.09, 'CC', 19, False),
('5768417034579', '233', 'GA', '2020-07-11', 80.12, 'NC', 22, False),
('1431742109270', '81', 'BaS', '2015-08-31', 0.0, 'CC', 3, False),
('6120633783182', '421', 'GA', '2015-03-20', 223.15, 'CC', 2, False),
('8595565907516', '591', 'GA', '2018-08-20', 430.0, 'BC', 19, False),
('3535260688956', '306', 'GA', '2020-12-24', 344.07, 'CC', 28, False),
('1035935316371', '352', 'GA', '2016-10-29', 122.03, 'CC', 12, False),
('9250992471659', '110', 'GA', '2020-10-22', 65.31, 'NC', 24, False),
('0858502124138', '163', 'GA', '2017-11-30', 212.28, 'BC', 16, False),
('6389355661818', '351', 'GA', '2015-04-20', 96.03, 'DC', 3, False),
('6684134055347', '599', 'GA', '2022-08-13', 335.19, 'BC', 29, False),
('9548049102986', '34', 'GA', '2016-11-07', 96.85, 'BC', 7, False),
('9389083629587', '346', 'GA', '2017-02-22', 241.84, 'CC', 10, False),
('7338065714504', '450', 'GA', '2017-02-06', 478.28, 'DC', 12, False),
('2452402013663', '455', 'GA', '2016-03-17', 134.81, 'DC', 7, False),
('0487224214790', '533', 'GA', '2016-08-22', 174.27, 'CC', 7, False),
('6223758167013', '547', 'GA', '2015-08-22', 467.37, 'CC', 4, False),
('2782192803601', '4', 'GA', '2015-02-17', 370.61, 'DC', 3, False),
('6116171223022', '269', 'GA', '2017-05-30', 376.5, 'NC', 12, False),
('4108456703433', '512', 'GA', '2017-09-10', 368.86, 'BC', 11, False),
('5610540102222', '297', 'GA', '2016-12-30', 426.46, 'BC', 11, False),
('0005162717073', '288', 'GA', '2016-03-01', 442.68, 'CC', 6, False),
('3986043052013', '284', 'BaS', '2018-07-18', 0.0, 'BC', 17, False),
('1292934136248', '224', 'GA', '2015-01-28', 66.17, 'DC', 3, False),
('4738870442783', '334', 'GA', '2015-03-07', 217.86, 'BC', 4, False),
('0824799633373', '57', 'GA', '2018-09-04', 393.11, 'DC', 18, False),
('3403597726008', '459', 'BaS', '2017-08-15', 0.0, 'DC', 9, False),
('6251506669230', '45', 'GA', '2017-06-26', 199.77, 'BC', 15, False),
('8688797484818', '228', 'GA', '2020-07-30', 126.3, 'DC', 24, False),
('3211727517221', '12', 'GA', '2015-07-25', 299.8, 'CC', 1, False),
('6612468487726', '134', 'GA', '2021-01-17', 373.8, 'DC', 26, False),
('9219459537695', '523', 'GA', '2015-01-25', 406.29, 'BC', 4, False),
('7888607090777', '194', 'GA', '2014-11-23', 80.71, 'DC', 3, False),
('6549351711848', '202', 'GA', '2017-08-27', 93.05, 'BC', 10, False),
('5205571868147', '580', 'GA', '2018-04-18', 148.75, 'BC', 19, False),
('9650548084358', '522', 'GA', '2017-04-20', 73.79, 'DC', 15, False),
('5049027927184', '2', 'GA', '2020-07-31', 343.98, 'BC', 25, False),
('3510624598505', '111', 'GA', '2022-01-19', 177.43, 'CC', 30, False),
('5360782505506', '442', 'GA', '2020-03-27', 311.99, 'BC', 22, False),
('0851209980741', '388', 'GA', '2017-05-11', 67.16, 'CC', 9, False),
('0407979446548', '335', 'GA', '2018-07-09', 102.27, 'NC', 19, False),
('5273372327221', '246', 'BaS', '2017-10-12', 0.0, 'CC', 14, False),
('7413350883841', '446', 'GA', '2018-08-16', 445.86, 'DC', 20, False);

INSERT INTO evaluation  (artist_performance , sound_lighting, stage_presence, organization, overall_impression) VALUES
(1,4,2,1,2),
(3,2,2,4,3),
(4,3,1,4,1),
(1,2,3,5,5),
(1,5,3,5,2),
(4,1,5,5,3),
(5,5,4,5,4),
(4,5,2,2,1),
(3,1,1,2,3),
(3,4,2,5,3),
(2,2,5,4,2),
(3,2,2,1,5),
(2,1,1,5,3),
(1,4,3,3,2),
(3,4,2,1,3),
(4,5,5,1,4),
(5,2,4,3,5),
(1,2,2,4,1),
(3,4,4,1,3),
(2,2,4,4,2),
(1,5,4,3,4),
(3,1,2,3,3),
(3,3,1,4,4),
(3,5,5,5,1),
(3,1,2,5,4),
(4,5,1,3,5),
(1,2,2,5,5),
(4,1,3,5,4),
(5,5,3,2,5),
(1,1,5,2,2),
(5,5,1,2,2),
(4,4,5,5,5),
(2,4,3,5,2),
(2,4,1,3,4),
(3,3,5,3,5),
(4,2,2,4,3),
(1,5,2,3,1),
(5,1,5,1,4),
(2,5,2,1,1),
(3,2,3,1,1),
(4,5,2,5,3),
(2,4,1,1,5),
(4,3,4,3,5),
(4,1,2,2,1),
(5,3,3,3,2),
(2,5,4,1,5),
(3,2,5,3,3),
(2,2,4,2,3),
(4,5,1,2,2),
(2,1,2,4,5),
(2,1,4,3,1),
(3,3,4,3,4),
(2,4,2,1,1),
(3,3,3,5,5),
(5,5,2,5,1),
(3,4,5,1,3),
(3,2,5,3,3),
(5,5,4,5,3),
(1,2,4,1,1),
(5,3,5,1,4),
(3,4,1,2,2),
(2,5,5,1,1),
(2,5,5,3,1),
(5,2,3,4,4),
(2,5,5,5,2),
(5,2,3,1,5),
(5,3,3,3,1),
(5,3,5,5,4),
(5,2,1,4,1),
(2,1,5,5,1),
(4,2,2,5,4),
(4,2,2,2,3),
(3,4,2,5,1),
(5,1,4,2,2),
(5,3,5,4,4),
(2,2,3,5,4),
(3,4,5,4,4),
(1,4,3,5,3),
(2,4,5,4,3),
(4,1,2,2,4),
(5,1,5,3,1),
(4,4,5,2,3),
(5,1,4,2,3),
(5,3,5,3,5),
(5,1,3,5,3),
(2,2,2,2,4),
(5,3,3,3,4),
(5,1,1,4,2),
(3,2,1,2,4),
(2,4,5,1,5),
(2,5,2,3,3),
(2,4,4,2,5),
(4,1,2,5,2),
(1,1,1,3,5),
(5,5,3,4,5),
(1,5,1,1,1),
(2,3,4,5,2),
(4,3,1,5,1),
(4,5,1,5,3),
(5,5,2,2,1),
(2,4,5,1,1),
(3,2,1,4,1),
(5,3,4,5,3),
(5,2,1,2,3),
(3,3,3,4,5),
(1,1,3,4,1),
(3,4,2,2,2),
(1,1,2,1,5),
(4,1,4,5,4),
(3,1,5,1,5),
(4,1,3,4,5),
(4,4,1,5,4),
(4,4,4,1,1),
(1,4,3,3,3),
(4,2,2,5,4),
(4,5,2,3,5),
(4,2,3,4,3),
(3,2,4,3,5),
(3,1,3,5,1),
(3,5,4,4,1),
(2,1,5,4,4),
(3,1,2,4,4),
(3,5,1,1,4),
(5,3,4,3,1),
(3,2,3,5,2),
(2,2,3,3,3),
(1,5,2,3,5),
(3,2,4,1,4),
(4,2,2,4,4),
(5,5,1,3,4),
(3,2,2,2,4),
(4,4,3,4,4),
(1,4,2,1,3),
(3,1,5,4,4),
(3,2,4,2,4),
(5,3,2,2,2),
(5,1,1,4,3),
(2,5,4,2,2),
(4,4,3,5,3),
(2,1,4,3,1),
(2,5,1,3,1),
(3,1,1,5,4),
(1,2,1,5,2),
(2,2,2,4,5),
(2,3,4,4,3),
(1,4,2,1,1),
(2,4,5,3,1),
(1,3,4,2,2),
(1,2,4,3,3),
(1,2,1,4,3),
(2,4,5,3,3),
(1,1,4,1,3),
(4,1,2,1,4),
(2,3,4,5,2),
(4,3,1,5,3),
(5,4,4,3,3),
(4,5,2,4,5),
(3,1,2,3,5),
(3,5,1,1,2),
(4,3,3,1,1),
(3,1,2,3,4),
(1,2,3,5,5),
(2,2,2,1,1),
(3,5,2,5,3),
(5,2,5,5,2),
(2,1,2,5,2),
(5,2,5,3,1),
(2,2,4,5,3),
(4,4,5,5,3),
(1,5,2,3,3),
(1,4,4,2,1),
(3,3,4,2,1),
(3,3,4,1,3),
(1,5,3,1,4),
(1,3,5,4,2),
(2,3,1,2,1),
(2,1,3,2,3),
(5,2,2,4,1),
(1,1,1,3,3),
(5,3,4,2,3),
(3,1,5,4,5),
(5,4,3,5,2),
(4,3,4,2,4),
(1,2,3,1,4),
(3,1,2,1,3),
(1,2,3,2,5),
(3,2,3,2,4),
(3,5,1,5,2),
(3,3,3,1,3),
(1,3,3,4,1),
(3,2,2,1,1),
(4,3,2,5,2),
(3,2,5,4,4),
(2,2,4,5,5),
(1,2,1,4,5),
(2,2,5,4,2),
(2,2,1,4,5),
(3,4,4,2,3),
(1,5,1,4,2),
(5,3,5,2,4),
(5,2,4,2,1),
(3,5,3,2,2),
(2,5,2,2,5),
(5,3,4,2,4),
(1,5,2,1,5),
(2,4,3,3,1),
(2,5,1,1,3),
(3,1,1,5,1),
(2,3,1,5,5),
(4,2,1,3,5),
(2,3,3,2,2),
(3,3,5,3,1),
(4,4,5,2,4),
(5,4,5,1,5),
(5,2,4,2,3),
(4,2,1,1,5),
(5,2,1,3,5),
(2,4,2,5,3),
(3,2,2,1,5),
(4,4,5,3,5),
(5,4,1,3,3),
(5,2,2,5,2),
(2,5,1,5,1),
(1,3,3,4,3),
(2,1,3,2,4),
(4,1,4,4,5),
(5,2,2,5,4),
(3,3,3,3,1),
(3,5,5,5,4),
(5,3,4,5,5),
(3,2,3,2,5),
(1,3,2,3,5),
(4,3,3,3,2),
(5,5,4,4,5),
(4,3,3,3,3),
(2,5,3,1,2),
(3,4,5,4,5),
(1,4,4,1,1),
(2,4,1,3,3),
(3,4,5,3,4),
(5,3,5,4,4),
(4,3,3,3,3),
(4,1,2,3,4),
(5,1,2,4,5),
(2,5,3,5,5),
(3,3,2,3,4),
(3,5,1,1,4),
(3,3,1,4,1),
(1,5,5,5,2),
(4,5,1,1,4),
(3,3,1,3,4),
(2,2,2,4,4),
(1,5,3,3,2),
(2,4,3,3,3),
(3,2,1,1,2),
(5,1,2,4,5),
(3,5,2,3,3),
(4,1,2,5,5),
(1,1,5,3,5),
(3,2,2,5,3),
(5,1,1,3,2),
(5,2,1,3,2),
(2,1,3,1,5),
(3,1,1,2,2),
(2,1,1,4,2),
(2,2,5,2,3),
(2,5,1,1,2),
(4,3,3,2,4),
(1,1,4,4,1),
(3,2,5,1,4),
(3,5,5,5,4),
(1,3,1,5,2),
(4,4,4,3,1),
(1,1,4,3,3),
(3,1,1,4,3),
(1,4,3,4,2),
(3,4,1,2,1),
(2,2,1,2,5),
(1,1,5,5,2),
(5,3,1,3,1),
(2,3,2,5,2),
(2,3,4,3,3),
(4,2,3,3,2),
(2,3,5,1,4),
(5,4,4,3,4),
(1,2,5,1,3),
(5,2,5,4,5),
(2,5,3,2,4),
(1,4,2,5,4),
(5,3,3,2,1),
(2,5,2,1,1),
(5,3,4,2,3),
(4,4,2,1,4),
(3,5,2,2,3),
(1,2,5,1,3),
(3,5,4,4,4),
(2,5,1,1,4),
(1,1,3,2,4),
(5,2,3,4,2),
(2,1,1,4,5),
(3,1,5,2,1),
(1,4,5,4,3),
(2,1,3,2,2),
(5,5,4,5,2),
(1,3,3,3,1),
(3,1,3,2,4),
(5,2,2,3,4),
(1,2,4,2,4),
(5,5,5,4,5),
(5,4,4,1,3),
(4,4,4,4,1),
(2,5,2,3,5),
(3,5,5,2,5),
(3,3,4,3,2),
(2,1,5,3,5),
(5,4,1,3,4),
(2,3,1,2,4),
(2,4,4,5,4),
(4,3,4,1,3),
(2,4,5,4,2),
(4,1,4,2,5),
(4,3,1,2,4),
(3,4,2,4,5),
(1,2,5,5,1),
(2,1,1,4,4),
(1,1,4,2,3),
(2,4,5,4,2),
(2,1,1,1,5),
(5,4,5,5,2),
(2,2,3,5,5),
(5,2,1,1,5),
(1,3,3,4,1),
(2,1,3,2,1),
(5,2,3,1,1),
(5,3,1,1,2),
(5,4,4,2,2),
(2,1,4,3,4),
(1,1,5,2,5),
(3,3,5,4,3),
(5,4,3,3,3),
(4,4,2,2,2),
(4,1,2,1,2),
(4,4,4,3,2),
(5,4,5,3,1),
(5,1,3,3,1),
(5,4,4,3,4),
(5,5,1,2,3),
(1,3,2,5,5),
(1,4,5,3,1),
(3,1,3,1,3),
(5,2,2,4,3),
(5,1,1,3,5),
(2,2,3,5,5),
(4,4,4,5,5),
(3,3,5,2,5),
(1,1,5,5,5),
(3,2,4,3,2),
(3,1,4,3,5),
(1,1,2,2,5),
(5,3,2,2,4),
(5,2,2,1,4),
(4,1,2,3,5),
(2,5,3,2,2),
(3,2,2,3,5),
(5,1,1,2,2),
(5,4,3,4,1),
(4,2,2,4,5),
(5,3,1,3,5),
(1,2,3,4,5),
(3,3,2,5,4),
(2,4,2,2,4),
(1,4,5,2,5),
(1,2,2,5,2),
(4,2,4,4,2),
(3,1,4,3,3),
(4,4,1,1,3),
(1,1,2,1,5),
(2,1,1,3,2),
(5,3,4,1,4),
(1,2,3,4,1),
(1,4,1,4,5),
(1,3,4,3,3),
(3,4,1,2,2),
(5,5,2,1,2),
(5,4,4,5,5),
(3,2,4,3,4),
(4,5,5,2,4),
(2,4,4,1,2),
(2,3,3,3,1),
(4,3,4,1,4),
(3,4,1,3,2),
(2,2,4,5,4),
(2,2,1,4,5),
(5,2,4,5,5),
(4,5,1,1,3),
(4,4,1,3,2),
(3,2,1,5,3),
(2,2,4,2,3),
(3,5,3,5,3),
(5,4,1,2,4),
(5,2,2,2,3),
(3,2,1,4,1),
(1,5,2,3,3),
(3,3,3,3,5),
(1,3,5,2,4),
(1,3,3,2,2),
(5,4,5,2,4),
(5,4,3,4,2),
(1,5,1,2,5),
(1,4,3,3,3),
(5,5,3,1,1),
(5,2,3,4,1),
(5,1,4,2,3),
(3,5,4,3,4),
(3,1,5,1,1),
(1,3,3,3,5),
(4,4,4,3,3),
(1,4,5,1,1),
(3,3,3,3,2),
(2,1,1,4,5),
(2,1,1,3,4),
(2,3,5,4,3),
(5,4,2,1,4),
(2,1,4,1,5),
(2,5,2,1,1),
(3,5,4,3,4),
(3,1,4,2,2),
(2,2,1,4,5),
(1,4,1,4,5),
(5,4,5,4,2),
(2,3,1,4,5),
(3,5,2,3,5),
(3,2,4,4,5),
(3,1,5,3,1),
(3,2,1,4,5),
(3,3,4,2,2),
(3,4,3,4,3),
(2,4,4,5,3),
(4,5,4,5,3),
(2,1,5,3,2),
(5,2,3,2,5),
(3,3,5,4,1),
(5,3,4,2,2),
(1,3,3,4,2),
(1,4,1,3,2),
(5,3,3,3,3),
(4,1,3,3,5),
(5,5,2,3,3),
(5,4,2,1,5),
(3,5,5,1,4),
(2,5,5,1,1),
(3,2,2,1,5),
(1,4,5,3,4),
(2,1,4,2,5),
(3,1,3,4,1),
(4,3,3,5,5),
(4,1,3,4,1),
(3,5,3,3,2),
(3,3,1,3,5),
(1,2,1,4,1),
(4,4,1,2,4),
(2,4,4,5,3),
(4,5,3,1,4),
(1,2,3,5,2),
(5,5,5,1,1),
(2,4,5,1,2),
(1,5,1,5,1),
(2,5,1,3,1),
(2,1,3,3,2),
(3,2,3,1,3),
(2,1,3,5,2),
(2,5,4,3,4),
(2,4,3,1,2),
(5,3,2,5,1),
(1,3,5,2,3),
(1,4,5,2,3),
(1,5,1,4,3),
(4,4,1,2,3),
(5,5,4,3,2),
(4,2,3,1,1),
(5,2,2,1,5),
(5,4,3,3,5),
(2,2,2,5,2),
(5,1,4,5,3),
(1,2,2,5,3),
(3,4,5,3,5),
(5,1,1,4,1),
(2,3,1,2,2),
(2,3,5,3,1),
(3,3,5,3,3),
(2,5,4,2,4),
(2,5,2,2,2),
(4,1,4,5,4),
(2,3,1,3,2),
(5,5,3,3,4),
(4,1,5,1,5),
(1,2,2,3,1),
(1,3,2,4,3),
(2,1,2,2,4),
(1,3,4,5,5),
(2,3,2,1,5),
(3,1,4,3,5),
(4,1,5,5,3),
(3,1,2,1,5),
(4,1,2,1,3),
(4,1,3,1,1),
(3,4,5,5,2),
(4,4,4,5,5),
(2,2,1,5,3),
(2,2,1,1,1),
(5,1,3,4,2),
(1,3,2,5,2),
(4,2,2,4,4),
(4,3,2,5,3),
(3,2,5,5,2),
(2,1,4,3,5),
(5,3,5,1,4),
(5,1,1,4,1),
(4,3,3,4,4),
(1,5,2,4,2),
(1,4,5,2,4),
(4,2,1,3,3),
(2,2,2,3,4),
(4,1,1,3,3),
(4,4,5,5,4),
(5,1,1,2,5),
(2,3,5,2,2),
(3,4,1,3,5),
(3,5,4,4,5),
(1,2,5,2,5),
(5,3,2,5,4),
(2,5,1,4,3),
(4,4,2,3,5),
(2,3,2,1,4),
(4,3,3,4,2),
(3,1,4,2,5),
(1,3,5,3,2),
(2,1,5,3,3),
(3,1,1,3,5),
(3,2,2,5,4),
(4,2,2,4,5),
(5,4,5,2,5),
(1,3,3,2,1),
(5,2,5,4,1),
(4,2,5,3,3),
(3,5,3,2,4),
(4,2,1,1,2),
(5,2,1,1,5),
(2,5,4,4,2),
(3,1,1,3,5),
(2,5,1,2,2),
(2,1,3,2,5),
(5,3,2,3,4),
(3,3,3,2,4),
(1,5,3,4,4),
(3,5,5,1,4),
(4,3,4,2,3),
(1,2,4,1,5),
(3,4,4,1,2),
(5,4,5,5,5),
(2,2,5,2,2),
(1,4,5,1,1),
(4,4,3,4,3),
(2,5,3,4,3),
(3,3,5,3,2),
(1,5,3,2,2),
(5,4,1,3,5),
(2,5,2,1,4),
(5,1,4,4,1),
(5,2,3,5,5),
(3,2,1,1,1),
(2,4,4,2,4),
(5,2,1,4,1),
(1,4,2,3,1),
(2,3,1,5,1),
(3,4,3,4,2),
(4,3,1,1,2),
(2,5,4,2,5),
(5,4,4,5,3),
(3,3,3,2,1),
(3,5,4,1,2),
(2,4,1,4,3),
(1,2,5,1,4),
(5,1,5,1,5),
(1,4,4,5,2),
(1,4,1,2,1),
(2,2,3,5,1),
(2,5,1,2,3),
(5,1,3,5,5),
(5,3,4,4,5),
(4,5,2,3,5),
(2,5,5,5,5),
(3,5,3,2,5),
(2,4,3,1,3),
(2,2,5,1,3),
(3,3,2,4,3),
(2,3,4,1,2),
(1,4,5,4,4),
(5,3,5,2,5),
(5,2,5,3,3),
(3,2,5,2,2),
(1,1,4,2,4),
(4,4,1,2,3),
(4,3,2,2,4),
(3,3,1,5,5),
(1,2,1,4,2),
(2,2,1,2,5),
(5,1,5,5,5),
(2,5,5,3,2),
(3,3,3,2,2),
(1,4,1,4,5),
(4,3,1,5,2),
(2,2,4,2,2),
(4,3,5,1,5),
(3,1,5,4,2),
(1,5,1,2,4),
(4,5,4,3,5),
(2,5,4,5,3),
(5,2,2,1,4),
(2,3,1,1,2),
(4,1,5,4,3),
(1,3,1,3,1),
(2,1,3,2,5),
(3,1,4,5,3),
(2,4,2,2,3),
(5,2,5,5,1),
(2,4,3,4,5),
(4,3,3,1,5),
(5,3,5,5,1),
(5,4,1,4,5),
(4,4,1,1,2),
(5,3,4,1,5),
(1,5,5,5,4),
(3,3,5,3,2),
(3,5,4,3,5),
(3,1,1,5,5),
(4,3,3,4,4),
(1,5,5,1,1),
(1,5,3,5,2),
(4,3,1,2,2),
(1,4,5,3,5),
(5,3,1,2,4),
(3,1,1,2,2),
(2,3,4,2,5),
(4,1,5,4,3),
(3,1,5,4,3),
(2,4,3,5,4),
(5,3,1,2,5),
(2,5,4,4,4),
(4,1,4,1,1);

INSERT INTO rates (visitor_id, performance_id, evaluation_id, rating_date) VALUES
(423, 71, 1, '2018-05-08'),
(404, 64, 2, '2018-04-22'),
(304, 36, 3, '2017-01-08'),
(530, 101, 4, '2019-12-25'),
(440, 15, 5, '2016-01-09'),
(565, 1, 6, '2015-10-20'),
(408, 176, 7, '2023-09-22'),
(489, 29, 8, '2017-03-16'),
(336, 125, 9, '2021-12-16'),
(421, 110, 10, '2020-08-23'),
(520, 121, 11, '2020-12-08'),
(360, 156, 12, '2022-10-06'),
(163, 146, 13, '2022-07-25'),
(174, 131, 14, '2021-09-05'),
(144, 5, 15, '2016-01-16'),
(173, 106, 16, '2020-11-07'),
(230, 162, 17, '2022-06-01'),
(294, 167, 18, '2023-07-19'),
(192, 112, 19, '2020-05-26'),
(167, 37, 20, '2017-12-01'),
(598, 103, 21, '2019-11-21'),
(369, 151, 22, '2022-12-12'),
(326, 16, 23, '2016-08-27'),
(490, 145, 24, '2022-02-21'),
(151, 127, 25, '2021-08-20'),
(459, 116, 26, '2020-12-12'),
(242, 131, 27, '2021-12-21'),
(597, 79, 28, '2018-10-15'),
(22, 20, 29, '2015-10-25'),
(317, 32, 30, '2017-12-01'),
(392, 121, 31, '2021-10-09'),
(595, 103, 32, '2020-11-07'),
(180, 77, 33, '2018-06-10'),
(257, 68, 34, '2018-11-20'),
(155, 176, 35, '2023-08-07'),
(168, 155, 36, '2022-06-13'),
(71, 90, 37, '2019-03-15'),
(28, 22, 38, '2015-12-28'),
(108, 55, 39, '2018-07-06'),
(577, 50, 40, '2017-10-18'),
(424, 17, 41, '2016-12-14'),
(513, 56, 42, '2018-09-01'),
(341, 59, 43, '2018-05-19'),
(69, 138, 44, '2021-11-22'),
(52, 68, 45, '2018-08-15'),
(435, 144, 46, '2022-10-10'),
(41, 88, 47, '2019-03-14'),
(330, 82, 48, '2019-09-20'),
(51, 39, 49, '2017-02-20'),
(1, 31, 50, '2017-03-21'),
(101, 141, 51, '2021-12-13'),
(235, 157, 52, '2022-05-13'),
(191, 9, 53, '2016-12-08'),
(253, 75, 54, '2019-11-07'),
(234, 77, 55, '2019-04-08'),
(576, 174, 56, '2022-12-02'),
(149, 171, 57, '2023-09-05'),
(249, 79, 58, '2018-10-07'),
(493, 149, 59, '2021-08-03'),
(159, 93, 60, '2020-07-15'),
(158, 9, 61, '2016-08-09'),
(434, 54, 62, '2018-08-09'),
(472, 17, 63, '2016-10-14'),
(458, 106, 64, '2020-03-09'),
(350, 87, 65, '2018-12-22'),
(169, 101, 66, '2020-08-02'),
(183, 18, 67, '2016-01-29'),
(438, 19, 68, '2016-05-14'),
(523, 103, 69, '2019-08-13'),
(298, 78, 70, '2018-12-29'),
(514, 165, 71, '2022-07-12'),
(30, 115, 72, '2020-06-09'),
(307, 150, 73, '2022-01-24'),
(563, 43, 74, '2017-07-09'),
(250, 53, 75, '2017-10-14'),
(92, 137, 76, '2021-10-16'),
(262, 26, 77, '2017-05-01'),
(305, 8, 78, '2016-07-23'),
(100, 89, 79, '2019-06-06'),
(558, 156, 80, '2021-09-20'),
(261, 106, 81, '2019-08-26'),
(14, 137, 82, '2021-02-06'),
(370, 67, 83, '2018-10-07'),
(17, 110, 84, '2019-03-16'),
(32, 21, 85, '2015-12-30'),
(19, 89, 86, '2019-08-15'),
(272, 94, 87, '2020-12-23'),
(223, 5, 88, '2016-05-27'),
(446, 148, 89, '2022-06-17'),
(248, 64, 90, '2018-02-10'),
(275, 21, 91, '2016-05-19'),
(301, 145, 92, '2022-03-09'),
(303, 157, 93, '2022-02-09'),
(104, 15, 94, '2016-07-30'),
(372, 150, 95, '2021-12-07'),
(310, 13, 96, '2016-10-04'),
(276, 16, 97, '2016-02-01'),
(20, 102, 98, '2020-08-01'),
(441, 32, 99, '2016-12-19'),
(115, 74, 100, '2019-03-25'),
(324, 113, 101, '2019-10-28'),
(483, 11, 102, '2016-11-03'),
(16, 143, 103, '2022-02-12'),
(457, 144, 104, '2022-02-20'),
(124, 116, 105, '2019-11-26'),
(375, 48, 106, '2017-10-28'),
(260, 54, 107, '2018-07-31'),
(277, 9, 108, '2016-11-20'),
(352, 25, 109, '2017-06-10'),
(503, 129, 110, '2021-05-15'),
(237, 50, 111, '2018-04-15'),
(325, 133, 112, '2021-06-05'),
(302, 159, 113, '2022-08-23'),
(540, 167, 114, '2023-10-10'),
(270, 13, 115, '2016-08-10'),
(407, 98, 116, '2019-09-01'),
(202, 123, 117, '2021-05-20'),
(292, 104, 118, '2019-12-31'),
(291, 66, 119, '2018-11-20'),
(254, 115, 120, '2020-03-04'),
(204, 98, 121, '2020-11-16'),
(491, 44, 122, '2017-04-20'),
(12, 112, 123, '2020-07-26'),
(110, 146, 124, '2022-03-28'),
(78, 62, 125, '2018-08-10'),
(559, 17, 126, '2016-02-25'),
(246, 60, 127, '2018-08-19'),
(112, 91, 128, '2019-10-13'),
(415, 10, 129, '2015-10-20'),
(474, 151, 130, '2022-07-22'),
(402, 135, 131, '2021-02-13'),
(543, 37, 132, '2017-08-03'),
(476, 52, 133, '2018-08-05'),
(211, 162, 134, '2022-05-27'),
(181, 106, 135, '2019-03-02'),
(501, 36, 136, '2017-05-10'),
(53, 121, 137, '2021-08-06'),
(196, 49, 138, '2018-12-03'),
(7, 67, 139, '2018-05-15'),
(232, 37, 140, '2017-11-23'),
(99, 136, 141, '2021-12-21'),
(346, 169, 142, '2023-01-31'),
(571, 157, 143, '2022-03-17'),
(349, 56, 144, '2018-08-22'),
(449, 141, 145, '2021-02-05'),
(8, 93, 146, '2019-08-27'),
(321, 53, 147, '2018-05-28'),
(359, 63, 148, '2018-05-09'),
(460, 76, 149, '2018-12-22'),
(319, 128, 150, '2021-07-02'),
(432, 59, 151, '2018-05-23'),
(343, 64, 152, '2018-01-16'),
(258, 100, 153, '2019-12-29'),
(198, 118, 154, '2021-03-23'),
(593, 104, 155, '2019-09-18'),
(382, 28, 156, '2017-11-21'),
(119, 134, 157, '2021-01-29'),
(266, 126, 158, '2021-09-20'),
(233, 83, 159, '2019-05-24'),
(187, 128, 160, '2020-12-19'),
(197, 122, 161, '2021-02-19'),
(502, 74, 162, '2018-06-22'),
(162, 176, 163, '2022-10-25'),
(295, 120, 164, '2021-01-31'),
(170, 82, 165, '2019-11-03'),
(368, 18, 166, '2015-11-25'),
(316, 137, 167, '2021-12-20'),
(130, 52, 168, '2018-09-08'),
(388, 7, 169, '2015-10-21'),
(412, 18, 170, '2016-12-14'),
(475, 51, 171, '2018-08-28'),
(214, 2, 172, '2016-05-28'),
(562, 73, 173, '2019-08-03'),
(205, 121, 174, '2021-11-29'),
(225, 3, 175, '2015-10-24'),
(521, 101, 176, '2019-06-07'),
(556, 82, 177, '2018-05-02'),
(143, 27, 178, '2017-07-18'),
(470, 108, 179, '2019-09-27'),
(54, 4, 180, '2015-12-17'),
(416, 92, 181, '2019-05-11'),
(454, 51, 182, '2018-01-06'),
(531, 164, 183, '2022-07-12'),
(36, 148, 184, '2022-01-02'),
(569, 29, 185, '2017-01-02'),
(468, 115, 186, '2019-07-12'),
(409, 165, 187, '2022-02-15'),
(154, 121, 188, '2021-12-27'),
(60, 148, 189, '2021-09-11'),
(308, 87, 190, '2019-02-24'),
(394, 56, 191, '2018-03-21'),
(121, 90, 192, '2019-03-16'),
(146, 56, 193, '2018-11-23'),
(564, 90, 194, '2019-05-28'),
(318, 75, 195, '2019-08-27'),
(85, 76, 196, '2018-10-28'),
(279, 43, 197, '2017-05-02'),
(289, 97, 198, '2019-10-04'),
(165, 108, 199, '2020-03-08'),
(134, 111, 200, '2019-12-22'),
(299, 88, 201, '2018-08-13'),
(590, 84, 202, '2019-09-07'),
(93, 170, 203, '2023-02-18'),
(377, 137, 204, '2021-05-17'),
(215, 30, 205, '2017-06-04'),
(572, 113, 206, '2019-04-28'),
(410, 171, 207, '2023-04-19'),
(367, 94, 208, '2020-12-17'),
(586, 38, 209, '2017-06-09'),
(311, 101, 210, '2019-08-23'),
(61, 155, 211, '2022-06-11'),
(357, 89, 212, '2018-12-29'),
(448, 1, 213, '2016-02-19'),
(547, 84, 214, '2019-03-25'),
(511, 170, 215, '2023-04-14'),
(218, 118, 216, '2021-08-27'),
(453, 108, 217, '2019-10-12'),
(185, 6, 218, '2016-10-02'),
(210, 50, 219, '2018-07-10'),
(13, 164, 220, '2021-09-12'),
(585, 77, 221, '2018-11-21'),
(544, 105, 222, '2020-02-19'),
(433, 139, 223, '2021-01-02'),
(390, 129, 224, '2021-06-01'),
(337, 125, 225, '2020-12-04'),
(80, 21, 226, '2016-07-19'),
(106, 48, 227, '2018-08-14'),
(594, 140, 228, '2021-05-28'),
(546, 59, 229, '2018-11-29'),
(344, 117, 230, '2021-06-27'),
(177, 7, 231, '2016-09-05'),
(413, 13, 232, '2016-12-12'),
(312, 19, 233, '2016-08-04'),
(555, 12, 234, '2016-05-07'),
(147, 79, 235, '2018-12-27'),
(213, 38, 236, '2017-05-08'),
(519, 8, 237, '2016-01-11'),
(56, 14, 238, '2016-11-20'),
(259, 145, 239, '2021-08-17'),
(283, 94, 240, '2019-12-24'),
(398, 39, 241, '2017-09-06'),
(417, 124, 242, '2021-05-20'),
(414, 135, 243, '2021-10-30'),
(570, 21, 244, '2016-09-27'),
(222, 89, 245, '2019-02-11'),
(327, 129, 246, '2021-12-11'),
(541, 98, 247, '2019-12-24'),
(403, 155, 248, '2021-07-07'),
(164, 25, 249, '2017-11-28'),
(138, 159, 250, '2022-12-07'),
(285, 3, 251, '2016-06-09'),
(208, 138, 252, '2020-12-28'),
(527, 27, 253, '2017-10-03'),
(148, 133, 254, '2021-11-26'),
(591, 15, 255, '2016-04-14'),
(288, 73, 256, '2018-04-17'),
(322, 165, 257, '2021-06-14'),
(238, 74, 258, '2019-06-20'),
(397, 73, 259, '2019-09-29'),
(188, 24, 260, '2017-03-28'),
(206, 118, 261, '2021-09-13'),
(479, 17, 262, '2016-11-22'),
(376, 142, 263, '2021-07-30'),
(532, 25, 264, '2017-09-21'),
(26, 156, 265, '2022-05-02'),
(428, 31, 266, '2017-08-30'),
(425, 70, 267, '2018-08-06'),
(497, 99, 268, '2019-07-23'),
(244, 61, 269, '2018-04-28'),
(160, 138, 270, '2021-09-21'),
(401, 138, 271, '2021-08-23'),
(48, 33, 272, '2017-11-22'),
(300, 164, 273, '2021-07-18'),
(11, 144, 274, '2021-07-15'),
(157, 31, 275, '2017-11-26'),
(140, 117, 276, '2021-11-17'),
(132, 78, 277, '2019-03-05'),
(194, 49, 278, '2018-04-16'),
(84, 123, 279, '2021-02-22'),
(484, 123, 280, '2020-12-23'),
(518, 24, 281, '2017-02-08'),
(557, 68, 282, '2017-11-17'),
(286, 30, 283, '2017-07-29'),
(422, 127, 284, '2021-07-07'),
(331, 47, 285, '2017-10-23'),
(83, 95, 286, '2019-09-27'),
(347, 63, 287, '2018-12-10'),
(171, 18, 288, '2015-11-08'),
(67, 29, 289, '2017-11-26'),
(75, 127, 290, '2020-11-27'),
(599, 81, 291, '2019-10-25'),
(264, 62, 292, '2017-11-13'),
(113, 50, 293, '2018-08-13'),
(31, 14, 294, '2016-02-21'),
(452, 103, 295, '2019-09-23'),
(450, 4, 296, '2016-10-10'),
(102, 166, 297, '2022-09-03'),
(252, 7, 298, '2016-10-27'),
(268, 143, 299, '2021-11-15'),
(500, 87, 300, '2019-03-23'),
(290, 102, 301, '2020-07-25'),
(251, 89, 302, '2019-08-06'),
(482, 11, 303, '2016-07-07'),
(117, 7, 304, '2016-05-14'),
(581, 117, 305, '2021-09-14'),
(152, 133, 306, '2021-05-02'),
(201, 175, 307, '2022-11-22'),
(105, 96, 308, '2019-06-24'),
(263, 122, 309, '2021-03-30'),
(49, 35, 310, '2017-12-21'),
(29, 171, 311, '2023-02-25'),
(328, 136, 312, '2021-11-08'),
(478, 110, 313, '2019-07-08'),
(496, 74, 314, '2019-08-16'),
(329, 55, 315, '2017-10-26'),
(507, 165, 316, '2021-06-13'),
(395, 142, 317, '2021-09-02'),
(554, 25, 318, '2017-12-05'),
(278, 145, 319, '2022-03-27'),
(334, 130, 320, '2021-01-24'),
(203, 14, 321, '2015-11-09'),
(175, 103, 322, '2020-11-27'),
(44, 125, 323, '2021-07-04'),
(427, 146, 324, '2022-12-09'),
(550, 168, 325, '2023-05-19'),
(354, 137, 326, '2021-01-21'),
(588, 110, 327, '2019-12-14'),
(6, 100, 328, '2020-04-04'),
(153, 113, 329, '2019-10-26'),
(243, 21, 330, '2016-10-22'),
(227, 29, 331, '2017-03-08'),
(293, 22, 332, '2016-09-18'),
(217, 34, 333, '2017-01-21'),
(560, 147, 334, '2021-10-27'),
(33, 38, 335, '2017-11-13'),
(18, 38, 336, '2017-10-19'),
(269, 166, 337, '2022-02-16'),
(332, 105, 338, '2020-05-11'),
(231, 151, 339, '2022-10-20'),
(499, 160, 340, '2022-12-17'),
(24, 40, 341, '2017-02-10'),
(133, 168, 342, '2023-01-26'),
(127, 115, 343, '2020-05-17'),
(128, 168, 344, '2022-12-07'),
(568, 130, 345, '2021-10-08'),
(150, 49, 346, '2018-10-24'),
(236, 9, 347, '2015-10-26'),
(526, 150, 348, '2022-11-12'),
(411, 26, 349, '2017-05-30'),
(226, 86, 350, '2018-05-02'),
(536, 156, 351, '2022-10-01'),
(34, 164, 352, '2022-03-27'),
(495, 57, 353, '2018-02-28'),
(464, 75, 354, '2018-07-13'),
(190, 116, 355, '2020-05-17'),
(73, 22, 356, '2016-03-03'),
(189, 54, 357, '2018-04-26'),
(245, 131, 358, '2021-12-06'),
(419, 144, 359, '2022-12-25'),
(456, 100, 360, '2019-06-29'),
(179, 58, 361, '2018-02-16'),
(486, 16, 362, '2016-11-16'),
(161, 24, 363, '2017-12-02'),
(439, 36, 364, '2017-08-16'),
(567, 146, 365, '2021-06-20'),
(355, 79, 366, '2018-12-09'),
(114, 21, 367, '2016-05-14'),
(509, 138, 368, '2021-06-03'),
(282, 6, 369, '2016-07-05'),
(396, 68, 370, '2018-07-14'),
(90, 45, 371, '2017-01-17'),
(582, 30, 372, '2017-05-21'),
(494, 166, 373, '2022-06-28'),
(378, 161, 374, '2022-12-03'),
(23, 78, 375, '2019-02-05'),
(96, 83, 376, '2019-08-15'),
(70, 79, 377, '2019-11-05'),
(374, 112, 378, '2020-01-05'),
(37, 48, 379, '2017-12-11'),
(573, 161, 380, '2022-08-29'),
(240, 83, 381, '2018-06-02'),
(271, 143, 382, '2022-02-22'),
(193, 61, 383, '2018-05-13'),
(545, 16, 384, '2016-01-18'),
(566, 46, 385, '2016-12-21'),
(129, 117, 386, '2021-08-21'),
(94, 2, 387, '2016-07-05'),
(361, 114, 388, '2020-07-04'),
(297, 102, 389, '2019-04-24'),
(387, 107, 390, '2019-05-01'),
(15, 113, 391, '2019-05-27'),
(280, 23, 392, '2016-06-15'),
(131, 100, 393, '2019-03-19'),
(406, 54, 394, '2017-12-19'),
(517, 43, 395, '2017-04-09'),
(220, 121, 396, '2021-05-17'),
(471, 144, 397, '2021-09-27'),
(267, 141, 398, '2021-05-07'),
(156, 129, 399, '2021-08-28'),
(596, 132, 400, '2021-05-10'),
(592, 50, 401, '2018-10-12'),
(529, 131, 402, '2021-04-28'),
(462, 74, 403, '2019-10-28'),
(393, 37, 404, '2017-02-13'),
(583, 88, 405, '2019-08-17'),
(40, 92, 406, '2019-09-11'),
(469, 89, 407, '2018-10-26'),
(522, 105, 408, '2019-10-04'),
(510, 15, 409, '2016-03-12'),
(380, 165, 410, '2021-12-25'),
(447, 123, 411, '2021-07-28'),
(539, 139, 412, '2021-08-21'),
(345, 160, 413, '2022-08-07'),
(255, 60, 414, '2018-01-01'),
(320, 140, 415, '2021-11-01'),
(461, 6, 416, '2016-05-14'),
(95, 65, 417, '2018-05-23'),
(186, 78, 418, '2019-01-15'),
(109, 40, 419, '2017-03-04'),
(371, 12, 420, '2016-07-10'),
(313, 78, 421, '2019-12-15'),
(145, 29, 422, '2017-12-28'),
(287, 92, 423, '2019-11-05'),
(465, 41, 424, '2017-05-20'),
(296, 81, 425, '2019-02-07'),
(76, 6, 426, '2016-03-14'),
(524, 25, 427, '2017-03-28'),
(103, 9, 428, '2016-07-29'),
(420, 139, 429, '2021-11-16'),
(385, 18, 430, '2016-06-11'),
(600, 65, 431, '2017-12-29'),
(551, 97, 432, '2020-07-18'),
(3, 111, 433, '2019-11-04'),
(391, 154, 434, '2021-12-21'),
(323, 146, 435, '2022-06-29'),
(47, 54, 436, '2018-05-09'),
(123, 37, 437, '2017-11-04'),
(126, 77, 438, '2019-01-02'),
(10, 48, 439, '2018-05-31'),
(418, 124, 440, '2021-09-24'),
(120, 86, 441, '2019-05-23'),
(444, 90, 442, '2019-09-21'),
(111, 122, 443, '2021-11-04'),
(431, 43, 444, '2017-05-26'),
(505, 52, 445, '2018-05-21'),
(400, 169, 446, '2022-09-29'),
(281, 151, 447, '2021-06-13'),
(273, 40, 448, '2017-01-04'),
(508, 128, 449, '2021-01-09'),
(528, 42, 450, '2017-11-17'),
(443, 90, 451, '2018-05-14'),
(200, 9, 452, '2015-12-03'),
(535, 94, 453, '2020-07-22'),
(379, 68, 454, '2018-06-14'),
(137, 61, 455, '2018-03-07'),
(139, 162, 456, '2021-09-08'),
(533, 149, 457, '2022-06-07'),
(363, 83, 458, '2019-09-17'),
(141, 85, 459, '2019-04-30'),
(351, 138, 460, '2021-04-22'),
(587, 165, 461, '2022-09-18'),
(45, 102, 462, '2020-07-22'),
(534, 119, 463, '2021-08-03'),
(467, 88, 464, '2019-08-09'),
(182, 29, 465, '2017-07-16'),
(59, 14, 466, '2016-04-28'),
(247, 44, 467, '2017-10-21'),
(306, 120, 468, '2021-07-11'),
(383, 10, 469, '2015-11-01'),
(386, 168, 470, '2022-12-07'),
(358, 80, 471, '2018-09-12'),
(50, 69, 472, '2018-07-20'),
(199, 56, 473, '2017-12-14'),
(333, 32, 474, '2017-12-08'),
(256, 38, 475, '2017-01-23'),
(9, 3, 476, '2016-08-25'),
(342, 31, 477, '2017-02-17'),
(338, 149, 478, '2021-10-04'),
(538, 165, 479, '2022-05-01'),
(504, 63, 480, '2018-01-06'),
(364, 170, 481, '2023-11-30'),
(339, 51, 482, '2018-05-29'),
(561, 67, 483, '2018-08-13'),
(506, 8, 484, '2016-10-01'),
(381, 101, 485, '2019-03-11'),
(82, 68, 486, '2018-11-17'),
(241, 163, 487, '2022-08-11'),
(466, 78, 488, '2019-09-12'),
(135, 72, 489, '2019-02-24'),
(348, 144, 490, '2022-11-07'),
(437, 132, 491, '2021-12-27'),
(485, 177, 492, '2023-12-05'),
(284, 84, 493, '2019-06-09'),
(55, 75, 494, '2019-06-03'),
(46, 48, 495, '2018-05-02'),
(542, 135, 496, '2021-09-21'),
(207, 134, 497, '2021-12-10'),
(97, 53, 498, '2017-11-12'),
(66, 26, 499, '2017-01-22'),
(4, 134, 500, '2021-05-04'),
(209, 167, 501, '2023-07-01'),
(399, 173, 502, '2022-12-06'),
(548, 46, 503, '2017-11-21'),
(430, 47, 504, '2018-08-15'),
(429, 87, 505, '2019-04-14'),
(356, 161, 506, '2022-09-03'),
(35, 50, 507, '2018-07-04'),
(86, 36, 508, '2017-07-25'),
(72, 35, 509, '2017-04-09'),
(487, 13, 510, '2016-10-05'),
(580, 72, 511, '2019-06-11'),
(216, 60, 512, '2018-01-17'),
(57, 33, 513, '2017-04-02'),
(463, 68, 514, '2018-10-05'),
(195, 15, 515, '2015-12-11'),
(5, 135, 516, '2021-02-23'),
(451, 107, 517, '2020-03-02'),
(584, 67, 518, '2018-03-14'),
(136, 96, 519, '2020-05-02'),
(89, 1, 520, '2016-10-15'),
(21, 156, 521, '2022-01-03'),
(98, 78, 522, '2019-11-02'),
(166, 84, 523, '2019-04-05'),
(176, 77, 524, '2018-09-27'),
(365, 41, 525, '2017-06-05'),
(537, 85, 526, '2018-05-27'),
(224, 147, 527, '2021-12-31'),
(389, 30, 528, '2017-01-20'),
(274, 20, 529, '2016-07-04'),
(62, 63, 530, '2018-04-29'),
(65, 2, 531, '2016-08-26'),
(81, 60, 532, '2018-04-09'),
(125, 23, 533, '2015-11-16'),
(314, 90, 534, '2019-03-03'),
(39, 149, 535, '2021-07-31'),
(184, 73, 536, '2019-01-24'),
(373, 160, 537, '2021-11-10'),
(335, 143, 538, '2022-12-25'),
(74, 29, 539, '2017-11-18'),
(309, 80, 540, '2018-11-07'),
(481, 30, 541, '2017-02-09'),
(553, 16, 542, '2016-12-25'),
(228, 98, 543, '2020-03-09'),
(122, 160, 544, '2022-09-05'),
(436, 107, 545, '2020-03-24'),
(445, 159, 546, '2021-10-01'),
(107, 61, 547, '2018-04-07'),
(362, 44, 548, '2017-01-17'),
(27, 146, 549, '2022-03-25'),
(118, 65, 550, '2017-11-27'),
(340, 53, 551, '2018-02-05'),
(575, 99, 552, '2019-11-19'),
(578, 97, 553, '2020-11-17'),
(579, 40, 554, '2017-09-25'),
(38, 154, 555, '2022-11-10'),
(212, 98, 556, '2020-01-25'),
(87, 114, 557, '2020-02-22'),
(68, 120, 558, '2021-05-07'),
(79, 100, 559, '2020-10-09'),
(515, 99, 560, '2020-05-27'),
(229, 5, 561, '2016-07-17'),
(384, 75, 562, '2018-04-12'),
(488, 34, 563, '2017-06-29'),
(455, 126, 564, '2021-10-12'),
(516, 45, 565, '2017-07-06'),
(480, 3, 566, '2016-02-20'),
(477, 109, 567, '2020-07-18'),
(525, 7, 568, '2016-01-25'),
(315, 158, 569, '2022-07-12'),
(91, 35, 570, '2017-07-16'),
(43, 137, 571, '2021-08-15'),
(552, 146, 572, '2022-01-28'),
(64, 27, 573, '2017-04-08'),
(512, 156, 574, '2021-06-20'),
(77, 97, 575, '2020-06-19'),
(239, 90, 576, '2019-02-06'),
(58, 107, 577, '2020-08-25'),
(221, 154, 578, '2022-05-11'),
(549, 8, 579, '2016-12-06'),
(353, 30, 580, '2017-11-25'),
(405, 108, 581, '2020-10-08'),
(88, 38, 582, '2017-05-12'),
(42, 176, 583, '2023-06-05'),
(142, 136, 584, '2021-12-02'),
(178, 31, 585, '2017-03-26'),
(219, 98, 586, '2020-02-19'),
(426, 121, 587, '2021-03-30'),
(574, 78, 588, '2018-05-06'),
(25, 19, 589, '2016-08-04'),
(116, 126, 590, '2021-04-29'),
(442, 64, 591, '2018-12-13'),
(63, 68, 592, '2018-11-12'),
(589, 165, 593, '2022-07-08'),
(473, 113, 594, '2019-03-07'),
(172, 9, 595, '2016-07-28'),
(265, 69, 596, '2018-01-28'),
(498, 104, 597, '2019-08-09'),
(492, 159, 598, '2022-10-28'),
(2, 126, 599, '2021-06-30'),
(366, 51, 600, '2018-04-03'),
(9, 44, 601, '2017-11-03'),
(201, 20, 602, '2016-08-03'),
(214, 153, 603, '2022-02-18'),
(438, 73, 604, '2019-01-04'),
(480, 146, 605, '2022-10-05'),
(186, 46, 606, '2017-11-15'),
(61, 119, 607, '2021-06-14'),
(525, 62, 608, '2018-02-16'),
(277, 87, 609, '2019-02-18'),
(550, 35, 610, '2017-05-11'),
(452, 91, 611, '2018-05-29'),
(390, 61, 612, '2017-10-29'),
(325, 21, 613, '2016-11-20'),
(596, 165, 614, '2022-06-29'),
(590, 116, 615, '2019-09-20'),
(165, 117, 616, '2021-06-21'),
(64, 136, 617, '2021-07-22'),
(257, 103, 618, '2020-12-11'),
(378, 176, 619, '2023-06-25'),
(473, 18, 620, '2016-12-22'),
(153, 71, 621, '2018-07-15'),
(262, 110, 622, '2019-03-25'),
(184, 54, 623, '2018-07-23'),
(304, 50, 624, '2018-06-14'),
(296, 32, 625, '2017-10-26'),
(181, 34, 626, '2017-12-19'),
(41, 7, 627, '2016-08-23'),
(538, 70, 628, '2018-12-29'),
(205, 176, 629, '2023-10-23'),
(595, 24, 630, '2017-02-21'),
(286, 53, 631, '2018-02-06'),
(293, 87, 632, '2018-12-16'),
(177, 120, 633, '2021-07-13'),
(472, 112, 634, '2020-03-24'),
(376, 56, 635, '2017-11-23'),
(598, 70, 636, '2017-10-08'),
(385, 119, 637, '2021-06-27'),
(210, 13, 638, '2016-07-12'),
(570, 104, 639, '2019-06-16'),
(551, 174, 640, '2023-07-23'),
(519, 119, 641, '2021-02-04'),
(507, 129, 642, '2021-08-13'),
(219, 12, 643, '2016-08-07'),
(377, 41, 644, '2016-12-30'),
(117, 164, 645, '2022-11-12'),
(93, 43, 646, '2017-02-02'),
(131, 168, 647, '2022-12-31'),
(171, 156, 648, '2021-11-30'),
(324, 137, 649, '2021-12-22'),
(333, 102, 650, '2019-09-29');

INSERT INTO `festivalPhotos` (`festival_year`, `photo`) VALUES
(2015,79),
(2016,77),
(2017,73),
(2018,72),
(2019,78),
(2020,71),
(2021,80),
(2022,74),
(2023,76),
(2024,75);

INSERT INTO `buyer_queue` (`buy_id`, `visitor_id`, `event_id`, `ticket_type`, `status`) VALUES
(1, 331, 12, 'GA', 'pending'),
(2, 323, 29, 'BaS', 'pending'),
(3, 152, 16, 'GA', 'pending'),
(4, 176, 24, 'GA', 'completed'),
(5, 155, 19, 'VIP', 'cancelled'),
(6, 65, 6, 'Any', 'cancelled'),
(7, 264, 12, 'GA', 'pending'),
(8, 536, 26, 'Any', 'pending'),
(9, 55, 5, 'GA', 'cancelled'),
(10, 156, 5, 'BaS', 'cancelled'),
(11, 564, 20, 'GA', 'pending'),
(12, 220, 17, 'GA', 'pending'),
(13, 43, 22, 'VIP', 'pending'),
(14, 295, 5, 'Any', 'pending'),
(15, 77, 16, 'GA', 'cancelled'),
(16, 178, 11, 'Any', 'pending'),
(17, 355, 27, 'Any', 'completed'),
(18, 439, 26, 'GA', 'cancelled'),
(19, 230, 6, 'GA', 'pending'),
(20, 361, 29, 'GA', 'pending'),
(21, 339, 25, 'VIP', 'pending'),
(22, 282, 12, 'VIP', 'completed'),
(23, 69, 11, 'BaS', 'pending'),
(24, 407, 27, 'GA', 'pending'),
(25, 399, 10, 'BaS', 'pending'),
(26, 484, 2, 'BaS', 'pending'),
(27, 31, 22, 'VIP', 'cancelled'),
(28, 278, 16, 'VIP', 'cancelled'),
(29, 179, 23, 'BaS', 'pending'),
(30, 423, 8, 'Any', 'pending'),
(31, 275, 2, 'Any', 'pending'),
(32, 249, 30, 'GA', 'pending'),
(33, 168, 18, 'GA', 'pending'),
(34, 471, 27, 'GA', 'pending'),
(35, 376, 6, 'GA', 'pending'),
(36, 414, 13, 'BaS', 'pending'),
(37, 251, 28, 'GA', 'pending'),
(38, 96, 17, 'Any', 'pending'),
(39, 43, 15, 'Any', 'pending'),
(40, 5, 19, 'GA', 'pending'),
(41, 453, 16, 'VIP', 'completed'),
(42, 553, 13, 'VIP', 'pending'),
(43, 298, 26, 'VIP', 'pending'),
(44, 161, 3, 'GA', 'pending'),
(45, 239, 4, 'GA', 'pending'),
(46, 463, 10, 'GA', 'pending'),
(47, 129, 18, 'GA', 'pending'),
(48, 239, 5, 'GA', 'pending'),
(49, 118, 19, 'GA', 'cancelled'),
(50, 558, 17, 'GA', 'pending'),
(51, 91, 3, 'GA', 'completed'),
(52, 426, 3, 'VIP', 'cancelled'),
(53, 167, 15, 'BaS', 'pending'),
(54, 297, 24, 'Any', 'pending'),
(55, 144, 25, 'GA', 'completed'),
(56, 323, 10, 'GA', 'cancelled'),
(57, 450, 24, 'GA', 'pending'),
(58, 369, 7, 'VIP', 'pending'),
(59, 597, 28, 'GA', 'pending'),
(60, 565, 21, 'Any', 'cancelled'),
(61, 356, 24, 'GA', 'pending'),
(62, 96, 5, 'GA', 'pending'),
(63, 37, 9, 'Any', 'pending'),
(64, 443, 23, 'GA', 'pending'),
(65, 426, 28, 'GA', 'pending'),
(66, 246, 26, 'BaS', 'cancelled'),
(67, 224, 22, 'GA', 'pending'),
(68, 174, 7, 'BaS', 'pending'),
(69, 8, 26, 'GA', 'cancelled'),
(70, 231, 25, 'Any', 'pending'),
(71, 459, 23, 'GA', 'pending'),
(72, 470, 15, 'Any', 'pending'),
(73, 279, 3, 'GA', 'pending'),
(74, 580, 23, 'GA', 'completed'),
(75, 169, 9, 'VIP', 'completed'),
(76, 125, 17, 'GA', 'pending'),
(77, 529, 26, 'GA', 'pending'),
(78, 578, 4, 'GA', 'pending'),
(79, 166, 5, 'GA', 'pending'),
(80, 464, 5, 'Any', 'cancelled'),
(81, 518, 19, 'VIP', 'pending'),
(82, 347, 1, 'GA', 'pending'),
(83, 166, 17, 'GA', 'pending'),
(84, 412, 2, 'GA', 'cancelled'),
(85, 502, 9, 'GA', 'pending'),
(86, 99, 30, 'Any', 'cancelled'),
(87, 7, 26, 'GA', 'pending'),
(88, 471, 2, 'Any', 'pending'),
(89, 191, 7, 'GA', 'pending'),
(90, 483, 18, 'VIP', 'pending'),
(91, 488, 10, 'VIP', 'completed'),
(92, 253, 10, 'GA', 'pending'),
(93, 418, 15, 'GA', 'pending'),
(94, 467, 19, 'Any', 'pending'),
(95, 367, 28, 'Any', 'pending'),
(96, 349, 29, 'GA', 'cancelled'),
(97, 49, 17, 'GA', 'cancelled'),
(98, 195, 25, 'Any', 'pending'),
(99, 238, 8, 'VIP', 'pending'),
(100, 158, 20, 'VIP', 'pending');

INSERT INTO `seller_queue` (`sell_id`, `visitor_id`, `ticket_id`, `list_date`, `status`) VALUES
(1, 281, '3064780141355', '2016-07-22 01:42:36', 'pending'),
(2, 19, '0257795029418', '2015-02-06 10:16:41', 'cancelled'),
(3, 363, '6461783975837', '2020-09-15 12:44:00', 'completed'),
(4, 552, '5276995184112', '2020-11-07 05:24:46', 'completed'),
(5, 76, '1320169853514', '2018-03-13 21:29:20', 'pending'),
(6, 104, '5792045269208', '2021-01-24 09:09:53', 'pending'),
(7, 232, '7174132230955', '2018-05-17 06:05:23', 'completed'),
(8, 70, '0973658749612', '2018-08-26 18:35:19', 'cancelled'),
(9, 132, '4837408795722', '2022-09-16 10:49:22', 'completed'),
(10, 271, '3507235723384', '2016-05-22 04:29:21', 'completed'),
(11, 18, '7583840100468', '2020-05-06 23:29:27', 'pending'),
(12, 401, '2066766597335', '2021-02-08 14:30:35', 'completed'),
(13, 244, '2896912328012', '2016-12-16 09:53:37', 'pending'),
(14, 261, '3096986235589', '2016-12-05 03:11:11', 'completed'),
(15, 208, '8963204517618', '2021-01-17 20:47:38', 'pending'),
(16, 341, '6934599464760', '2016-12-11 12:47:51', 'pending'),
(17, 135, '6429797693156', '2016-12-02 14:29:34', 'pending'),
(18, 420, '9759111832070', '2018-01-16 15:53:56', 'pending'),
(19, 371, '3716255212557', '2018-03-06 03:21:08', 'completed'),
(20, 189, '9438622045433', '2022-09-10 22:05:21', 'pending'),
(21, 338, '1786246264887', '2022-07-12 23:27:13', 'pending'),
(22, 170, '8165567604790', '2022-07-26 08:32:35', 'pending'),
(23, 578, '5751923165158', '2017-09-11 05:30:54', 'cancelled'),
(24, 532, '0092695737483', '2018-03-15 01:21:13', 'pending'),
(25, 100, '3070802797947', '2020-08-31 06:21:44', 'pending'),
(26, 148, '3813107146435', '2015-08-10 18:55:46', 'completed'),
(27, 310, '7922279861510', '2017-09-25 21:09:10', 'pending'),
(28, 105, '9289571723321', '2018-03-31 21:16:55', 'completed'),
(29, 375, '6973119364119', '2020-11-18 21:31:07', 'completed'),
(30, 138, '4030279577381', '2016-12-02 20:41:24', 'cancelled'),
(31, 103, '6041017876406', '2018-03-25 12:02:24', 'pending'),
(32, 96, '2820087000858', '2015-02-14 04:47:44', 'completed'),
(33, 136, '9001460525627', '2018-03-12 12:38:15', 'pending'),
(34, 196, '2883460275893', '2022-08-07 19:22:31', 'cancelled'),
(35, 118, '0834317495709', '2015-05-15 15:25:40', 'pending'),
(36, 518, '8253568941633', '2015-10-09 11:11:21', 'cancelled'),
(37, 301, '4667159406927', '2017-05-31 10:51:28', 'cancelled'),
(38, 471, '9772103513296', '2015-07-12 23:17:47', 'completed'),
(39, 29, '6842950464665', '2017-05-23 06:38:44', 'pending'),
(40, 193, '2269623114963', '2015-08-05 14:35:53', 'cancelled'),
(41, 97, '9894641267632', '2016-04-30 18:39:52', 'completed'),
(42, 282, '9085762532221', '2018-12-15 12:55:11', 'pending'),
(43, 346, '9389083629587', '2017-07-11 13:46:48', 'completed'),
(44, 127, '1331166456300', '2020-07-30 08:06:03', 'pending'),
(45, 179, '7190532928277', '2021-04-21 15:41:21', 'pending'),
(46, 353, '4075334456721', '2021-05-19 05:23:55', 'pending'),
(47, 175, '9450938024430', '2016-11-27 20:44:19', 'pending'),
(48, 173, '5491537293015', '2020-10-07 05:42:06', 'cancelled'),
(49, 442, '5360782505506', '2020-04-27 10:21:42', 'pending'),
(50, 592, '8769557381733', '2016-09-04 13:54:53', 'pending');

COMMIT;
