BEGIN;

INSERT INTO `visitor` (`id`, `first_name`, `last_name`, `age`, `email`, `phone`) VALUES
(1, 'Sarah', 'Simmons', 25, 'sparks@example.net', '3545914355'),
(2, 'Leslie', 'Richardson', 56, 'james44@example.com', '4920718914'),
(3, 'Rachel', 'Mckinney', 67, 'harpernathan@example.com', '1940782494'),
(4, 'Diane', 'Krueger', 54, 'fisheralex@example.com', '8965104860'),
(5, 'Jacob', 'Nunez', 27, 'watsonheather@example.org', '2291436821'),
(6, 'Brad', 'Norton', 41, 'hwall@example.com', '5864258123'),
(7, 'Teresa', 'Moran', 32, 'bryantanner@example.net', '7020069933'),
(8, 'David', 'Williams', 32, 'courtneywalters@example.org', '2904868055'),
(9, 'Cynthia', 'Nolan', 21, 'ucooper@example.net', '1172573642'),
(10, 'Emily', 'Bentley', 65, 'courtney02@example.net', '4043459996'),
(11, 'Duane', 'King', 65, 'margaret29@example.net', '6809938216'),
(12, 'Jessica', 'Scott', 22, 'brian12@example.org', '6072360475'),
(13, 'David', 'Aguirre', 69, 'nortonmichelle@example.net', '1747523731'),
(14, 'Michael', 'Warner', 20, 'egarcia@example.org', '8567860082'),
(15, 'Robert', 'Sweeney', 31, 'robertwest@example.net', '1836638085'),
(16, 'Sheryl', 'Johnson', 48, 'edwinpreston@example.org', '7557567711'),
(17, 'Samantha', 'Thornton', 54, 'danielmarie@example.net', '4148353575'),
(18, 'Sara', 'Wade', 61, 'geoffreybender@example.com', '8258398405'),
(19, 'Christopher', 'Porter', 55, 'amack@example.org', '1054423906'),
(20, 'Kelly', 'Clements', 48, 'candicebrown@example.org', '8997678368'),
(21, 'James', 'Armstrong', 33, 'bflowers@example.org', '7198150641'),
(22, 'Todd', 'Turner', 60, 'hoalison@example.net', '8800481547'),
(23, 'Alicia', 'Jackson', 70, 'swilliams@example.org', '8831832108'),
(24, 'John', 'Garrett', 68, 'alvareztammy@example.net', '8612402248'),
(25, 'Christina', 'Young', 32, 'allenwanda@example.org', '8533854512'),
(26, 'Ricky', 'Simon', 24, 'harperjohn@example.net', '4862738138'),
(27, 'Michael', 'Young', 41, 'jamesmorgan@example.org', '1545768288'),
(28, 'Antonio', 'Swanson', 59, 'qlewis@example.com', '4737289570'),
(29, 'Shawn', 'Griffith', 54, 'heatherwhitney@example.net', '7403767803'),
(30, 'Julia', 'Atkins', 43, 'gomezbrad@example.com', '8356757163'),
(31, 'Joseph', 'Mckenzie', 20, 'justin57@example.net', '7615232991'),
(32, 'Julie', 'Lane', 39, 'patelarthur@example.net', '2360819098'),
(33, 'Gwendolyn', 'Gonzalez', 35, 'smitholivia@example.com', '4936407663'),
(34, 'Eduardo', 'Kemp', 29, 'ashley40@example.com', '5145100084'),
(35, 'Jeffrey', 'Jones', 39, 'christopher15@example.net', '1279202350'),
(36, 'David', 'Best', 23, 'melanie44@example.com', '7783620798'),
(37, 'Lisa', 'Howell', 26, 'kendravelasquez@example.net', '3329477862'),
(38, 'Karen', 'Walters', 19, 'millsgeorge@example.org', '0518583925'),
(39, 'Matthew', 'Miller', 46, 'jorge37@example.com', '1748819014'),
(40, 'Jacob', 'Santiago', 18, 'swood@example.net', '6004678359'),
(41, 'Lisa', 'Bauer', 25, 'pjones@example.org', '4256685469'),
(42, 'Lauren', 'Huffman', 60, 'jpruitt@example.com', '9277531977'),
(43, 'Blake', 'Atkins', 22, 'jessicagood@example.net', '1393660810'),
(44, 'John', 'Moore', 35, 'stacyjohnson@example.org', '4193079306'),
(45, 'Dustin', 'Andrews', 21, 'anita01@example.org', '1133937053'),
(46, 'Melinda', 'Wright', 23, 'grahamnicholas@example.org', '8168296696'),
(47, 'Ronald', 'Rodriguez', 39, 'wkim@example.net', '3341952532'),
(48, 'Kenneth', 'Wright', 26, 'smithedward@example.net', '3594108025'),
(49, 'Bradley', 'Taylor', 70, 'ubell@example.org', '9588665115'),
(50, 'Rebecca', 'Bass', 56, 'murraymichael@example.org', '9926429876'),
(51, 'Maria', 'Sanders', 36, 'alex47@example.com', '1906866566'),
(52, 'Gabriella', 'Mckinney', 34, 'mary38@example.com', '5593879639'),
(53, 'Michael', 'Bender', 34, 'jimclay@example.org', '4800030081'),
(54, 'Sarah', 'Cisneros', 28, 'oanderson@example.com', '9290560724'),
(55, 'Sheila', 'Wells', 56, 'fuentesmichael@example.net', '7516055033'),
(56, 'Tyler', 'Jackson', 25, 'john70@example.net', '5583111932'),
(57, 'Carol', 'Henry', 48, 'christopher81@example.com', '4199457258'),
(58, 'Lisa', 'Hoffman', 28, 'patrick15@example.com', '0303074168'),
(59, 'Paige', 'Miranda', 40, 'carolynbarnes@example.org', '6456264104'),
(60, 'Timothy', 'Johnston', 48, 'chutchinson@example.com', '8497534191'),
(61, 'Raymond', 'Jackson', 19, 'imartinez@example.net', '1668179838'),
(62, 'Paula', 'Foster', 20, 'jasonrhodes@example.net', '2470599015'),
(63, 'Johnathan', 'Smith', 21, 'trevor96@example.org', '6970607004'),
(64, 'Luis', 'Morgan', 65, 'ustewart@example.net', '6548212244'),
(65, 'Yvonne', 'Eaton', 60, 'sanchezlinda@example.net', '4452649258'),
(66, 'Lindsay', 'Burgess', 29, 'aorozco@example.net', '0054344578'),
(67, 'Olivia', 'Lin', 62, 'seth42@example.org', '7256739144'),
(68, 'Stacy', 'Grimes', 36, 'theresacook@example.net', '4284318835'),
(69, 'Samantha', 'Williams', 48, 'johnsontonya@example.com', '5489549689'),
(70, 'Bradley', 'Munoz', 70, 'scott13@example.org', '7925520713'),
(71, 'Savannah', 'Duncan', 51, 'robertmitchell@example.org', '3590728147'),
(72, 'Michael', 'Mills', 60, 'susan09@example.org', '4200443500'),
(73, 'Timothy', 'Fuentes', 61, 'zwhite@example.com', '1923387966'),
(74, 'Shannon', 'Rose', 47, 'corybaldwin@example.org', '3752120669'),
(75, 'Tracy', 'Davis', 50, 'ashleysanchez@example.org', '9377434556'),
(76, 'Daniel', 'Kaiser', 65, 'duartejoshua@example.org', '3129460717'),
(77, 'Wanda', 'Nicholson', 63, 'alisondominguez@example.com', '1107881861'),
(78, 'Christina', 'Steele', 41, 'michaelwhite@example.net', '1295103776'),
(79, 'Kevin', 'Reynolds', 35, 'carolynraymond@example.net', '0563693222'),
(80, 'Anthony', 'Coleman', 32, 'tinageorge@example.org', '3016901269'),
(81, 'Eric', 'May', 27, 'lgreer@example.net', '8763162191'),
(82, 'Claudia', 'Watts', 46, 'baileyjulie@example.com', '0197367179'),
(83, 'Renee', 'Chen', 45, 'harrisaaron@example.org', '7217215088'),
(84, 'Brandon', 'Stewart', 49, 'christine66@example.com', '7436021472'),
(85, 'Lori', 'Martinez', 61, 'cjones@example.net', '4831114703'),
(86, 'Alexander', 'Sanchez', 40, 'nathanrodriguez@example.net', '5426388191'),
(87, 'Amy', 'Smith', 66, 'derrick44@example.net', '4478355653'),
(88, 'Michelle', 'Hanson', 68, 'jennifer29@example.org', '0995334808'),
(89, 'James', 'Mcdaniel', 59, 'lgonzalez@example.net', '6008323008'),
(90, 'Melanie', 'Reynolds', 61, 'mitchellandrew@example.com', '8538892345'),
(91, 'Catherine', 'Castillo', 65, 'jdonovan@example.net', '7547028703'),
(92, 'Kim', 'Mason', 28, 'heather52@example.org', '5837113547'),
(93, 'Leah', 'Goodman', 47, 'sarah93@example.com', '7529293996'),
(94, 'Jeff', 'Elliott', 19, 'snydertravis@example.com', '5516243693'),
(95, 'Michael', 'Roberts', 22, 'todd27@example.net', '3492922628'),
(96, 'Elizabeth', 'Wallace', 69, 'danielwilliams@example.org', '7832519214'),
(97, 'Nathan', 'Norris', 61, 'eric04@example.net', '7066521392'),
(98, 'Maria', 'Brock', 68, 'randyjones@example.com', '2559859782'),
(99, 'Amber', 'Taylor', 38, 'oblevins@example.org', '2484375631'),
(100, 'Ashley', 'Garner', 67, 'randallschmitt@example.net', '2792203504'),
(101, 'Raymond', 'Klein', 49, 'erodriguez@example.com', '4112379880'),
(102, 'Ronald', 'Mullins', 67, 'cheryldavis@example.net', '7468937693'),
(103, 'Melanie', 'Mccoy', 51, 'knightcharles@example.com', '2204193137'),
(104, 'Robert', 'Mitchell', 20, 'gardnertodd@example.com', '7314307072'),
(105, 'Laura', 'Moody', 51, 'amanda02@example.com', '4321171571'),
(106, 'Alex', 'Fleming', 33, 'alyssa32@example.com', '2067705552'),
(107, 'Stacey', 'Jackson', 46, 'margaretsmith@example.net', '7933096670'),
(108, 'Jessica', 'Marshall', 63, 'jeffreygood@example.net', '4329138327'),
(109, 'Michael', 'Monroe', 60, 'gsmith@example.org', '7728876830'),
(110, 'Allison', 'Sutton', 22, 'daniel44@example.net', '2598550921'),
(111, 'Hannah', 'Cervantes', 54, 'katrinamcdaniel@example.com', '8441561901'),
(112, 'Kelly', 'Keller', 38, 'reedjames@example.com', '2690140931'),
(113, 'Emily', 'Brown', 45, 'richardwarren@example.org', '6463017743'),
(114, 'Marc', 'Cross', 51, 'uparrish@example.net', '8264839285'),
(115, 'Annette', 'Holmes', 69, 'davislisa@example.com', '6921039525'),
(116, 'Whitney', 'Silva', 25, 'kmcguire@example.org', '9913324739'),
(117, 'Margaret', 'Padilla', 26, 'jordantiffany@example.com', '2899453186'),
(118, 'Brooke', 'Warner', 57, 'bgarcia@example.net', '8719365781'),
(119, 'Heather', 'Simmons', 54, 'howardzamora@example.net', '3113152272'),
(120, 'Michelle', 'Hogan', 42, 'theresa97@example.com', '9677689604'),
(121, 'Andre', 'Hanson', 64, 'jcox@example.net', '4800320222'),
(122, 'Mark', 'Thompson', 22, 'vhoward@example.com', '5179992266'),
(123, 'Theresa', 'Rodriguez', 56, 'brandicarpenter@example.com', '7414996943'),
(124, 'Natalie', 'Joseph', 40, 'lancewilliamson@example.net', '8701029866'),
(125, 'Mark', 'Brennan', 62, 'xmcmahon@example.org', '4505155695'),
(126, 'Deborah', 'Marsh', 39, 'jason70@example.com', '6659121108'),
(127, 'Raymond', 'Carpenter', 36, 'qpham@example.org', '2418444190'),
(128, 'Rebecca', 'Rivera', 61, 'michellecopeland@example.org', '8427479609'),
(129, 'Andrew', 'Pace', 30, 'sararogers@example.org', '5060909218'),
(130, 'Gregory', 'Schneider', 61, 'sjennings@example.com', '2795919808'),
(131, 'Mark', 'Smith', 56, 'osmith@example.com', '5911704633'),
(132, 'Katherine', 'Anderson', 55, 'qwelch@example.org', '9826855292'),
(133, 'Teresa', 'Davis', 20, 'travis32@example.org', '8366552178'),
(134, 'Heidi', 'Thompson', 37, 'wcarney@example.org', '9944379230'),
(135, 'Natalie', 'Sanchez', 56, 'william08@example.net', '5188587013'),
(136, 'Sandy', 'Cook', 67, 'andrewgrimes@example.org', '3232226573'),
(137, 'William', 'Cooper', 23, 'slopez@example.com', '5866625036'),
(138, 'Natalie', 'Santiago', 23, 'michelle30@example.net', '1953753147'),
(139, 'James', 'Becker', 20, 'spencerkayla@example.com', '8133016912'),
(140, 'Priscilla', 'Johnson', 26, 'johnsonkaren@example.com', '7577047944'),
(141, 'Tiffany', 'Smith', 47, 'jacksonsteven@example.com', '1976671461'),
(142, 'Tracy', 'Russell', 18, 'michaelrichards@example.net', '5834815573'),
(143, 'Kenneth', 'Gross', 21, 'dawnlee@example.org', '0273649648'),
(144, 'Julia', 'Spears', 54, 'thomas89@example.com', '4154544016'),
(145, 'Christopher', 'Osborn', 58, 'palmerchristopher@example.org', '7818709882'),
(146, 'Reginald', 'Singleton', 50, 'jordancarrie@example.net', '3323671396'),
(147, 'John', 'Rice', 67, 'phamgary@example.org', '7537410411'),
(148, 'Wesley', 'Reynolds', 56, 'nicholasadams@example.com', '8840310549'),
(149, 'Eddie', 'Lynch', 58, 'kellyjoshua@example.com', '6718491364'),
(150, 'John', 'Solomon', 65, 'john31@example.com', '7419035300'),
(151, 'Stephen', 'Robinson', 34, 'dreeves@example.org', '7210150954'),
(152, 'Drew', 'Riddle', 22, 'coopertheresa@example.org', '0075911420'),
(153, 'Amber', 'Pace', 56, 'qmurray@example.org', '3790920771'),
(154, 'Stephanie', 'Moore', 22, 'lwells@example.com', '9582007098'),
(155, 'Russell', 'Rojas', 27, 'jocelynwhite@example.net', '1385725486'),
(156, 'Maria', 'Dean', 26, 'rrussell@example.com', '1011623932'),
(157, 'Amber', 'Guzman', 65, 'briannaray@example.com', '6573105974'),
(158, 'Kevin', 'Morrison', 27, 'valenciastuart@example.net', '6484554184'),
(159, 'Ricardo', 'Gillespie', 60, 'katelyncooper@example.org', '3016932386'),
(160, 'Kristina', 'Reed', 43, 'cooleytammy@example.org', '2644538213'),
(161, 'Steven', 'Watson', 52, 'johnschneider@example.net', '0337805332'),
(162, 'Gregory', 'Maddox', 27, 'padilladerek@example.net', '4828426220'),
(163, 'Abigail', 'Kelly', 43, 'cstephens@example.org', '7486674370'),
(164, 'Lisa', 'Parker', 51, 'youngdavid@example.com', '1980659454'),
(165, 'Paul', 'Moore', 52, 'rebeccacastro@example.net', '3834935607'),
(166, 'Kristine', 'Choi', 53, 'richardcisneros@example.net', '7173432392'),
(167, 'Daniel', 'Rodgers', 58, 'harrishunter@example.net', '6198741719'),
(168, 'Richard', 'Russo', 55, 'elizabethmejia@example.net', '3364114603'),
(169, 'Patricia', 'Silva', 25, 'rebecca76@example.org', '2779892135'),
(170, 'Tanya', 'Pierce', 50, 'millerwillie@example.net', '4729169844'),
(171, 'Madeline', 'Peterson', 40, 'xwatkins@example.net', '2781716911'),
(172, 'Charles', 'Holmes', 57, 'boylechad@example.org', '4967322145'),
(173, 'Olivia', 'Walker', 51, 'williamsautumn@example.net', '5135841489'),
(174, 'Larry', 'Farmer', 54, 'fergusonchristopher@example.org', '3484242178'),
(175, 'Stephen', 'Smith', 57, 'jamesallen@example.com', '8361137549'),
(176, 'Regina', 'Downs', 53, 'adamstodd@example.net', '6718013339'),
(177, 'Thomas', 'Morales', 53, 'markthompson@example.net', '2082877597'),
(178, 'Tony', 'Powers', 65, 'sabrina38@example.org', '9121044755'),
(179, 'Brenda', 'Lopez', 38, 'lisaleach@example.org', '7660855055'),
(180, 'Gary', 'Knapp', 44, 'stevenkelley@example.org', '8154531615'),
(181, 'Kyle', 'Roberts', 52, 'amylewis@example.com', '7467466794'),
(182, 'Teresa', 'Conrad', 63, 'stephen76@example.com', '7305266325'),
(183, 'Crystal', 'Santiago', 53, 'aboyd@example.net', '5923508623'),
(184, 'Tammy', 'Sandoval', 62, 'ericcollins@example.net', '7077571073'),
(185, 'Jose', 'Mcdonald', 57, 'collinsderrick@example.com', '9809556906'),
(186, 'Maria', 'Dennis', 20, 'gregoryarmstrong@example.com', '8814534922'),
(187, 'Nicholas', 'Shepard', 24, 'katherinechan@example.com', '9829979769'),
(188, 'David', 'Wilson', 36, 'grice@example.net', '1103578432'),
(189, 'Karla', 'Ruiz', 65, 'xbowman@example.net', '1450178426'),
(190, 'Matthew', 'Hill', 49, 'newmanjames@example.com', '1361112489'),
(191, 'William', 'Nguyen', 39, 'melissa20@example.org', '7785018109'),
(192, 'Brittany', 'Blair', 32, 'fevans@example.com', '8440108144'),
(193, 'Larry', 'Hubbard', 56, 'melindagutierrez@example.org', '4787308472'),
(194, 'Monique', 'Williams', 26, 'zturner@example.org', '4302814384'),
(195, 'Wendy', 'Smith', 62, 'sara92@example.org', '5133468655'),
(196, 'Damon', 'Wright', 43, 'jacob39@example.net', '7090037424'),
(197, 'Angela', 'Washington', 31, 'stephanie10@example.com', '6083338471'),
(198, 'Erica', 'Krueger', 39, 'michael95@example.net', '2256955872'),
(199, 'Amber', 'Townsend', 28, 'ymcgee@example.org', '1093215328'),
(200, 'Paul', 'Walker', 30, 'sarahrivera@example.net', '2577770668'),
(201, 'David', 'Smith', 67, 'freemankatherine@example.org', '9354270761'),
(202, 'Erin', 'Rogers', 70, 'carterpatricia@example.org', '2190740395'),
(203, 'Jacob', 'Kelly', 45, 'eschwartz@example.com', '0143670085'),
(204, 'Stephanie', 'Rodriguez', 20, 'kcoleman@example.org', '4045121223'),
(205, 'Deborah', 'Boyd', 61, 'gonzaleschristopher@example.net', '3257337596'),
(206, 'Alexis', 'Mitchell', 26, 'sfigueroa@example.org', '9526782046'),
(207, 'Jesus', 'Wallace', 39, 'paul39@example.net', '9311108863'),
(208, 'Ryan', 'Pollard', 20, 'lisa66@example.com', '8408441455'),
(209, 'Steven', 'Parker', 36, 'boyerbrenda@example.net', '2156771727'),
(210, 'Sarah', 'Cordova', 44, 'mejiajake@example.net', '1443732818'),
(211, 'Loretta', 'Rice', 30, 'johnjames@example.net', '4630072305'),
(212, 'Henry', 'Anderson', 47, 'bjones@example.net', '3273930132'),
(213, 'Dakota', 'Mcgrath', 62, 'pacenicholas@example.com', '6764780872'),
(214, 'Michael', 'Bradley', 60, 'katrina47@example.com', '0551068127'),
(215, 'Russell', 'Harris', 46, 'kaitlynhudson@example.net', '3878109344'),
(216, 'Kayla', 'Compton', 41, 'ngallegos@example.net', '4744332564'),
(217, 'John', 'Gonzales', 61, 'connieellis@example.org', '3352589514'),
(218, 'Stephanie', 'Johnson', 66, 'khoover@example.org', '4452214772'),
(219, 'Sonia', 'Taylor', 48, 'jhudson@example.net', '1950797304'),
(220, 'Anita', 'Anderson', 43, 'laramarissa@example.org', '3902094474'),
(221, 'Darrell', 'Johnson', 45, 'zmyers@example.org', '4654363065'),
(222, 'Laura', 'Phillips', 54, 'davisnatalie@example.com', '9535554402'),
(223, 'Brandon', 'Jones', 61, 'hannahclark@example.org', '1016526062'),
(224, 'Steven', 'Orr', 26, 'omooney@example.net', '7525636398'),
(225, 'Richard', 'Rodriguez', 39, 'gmoore@example.org', '5674689289'),
(226, 'Lisa', 'Kirby', 32, 'rodriguezphillip@example.org', '0900756079'),
(227, 'Ruben', 'Anderson', 24, 'cathy08@example.org', '4619290438'),
(228, 'Heather', 'Thompson', 51, 'stephen18@example.net', '2302838728'),
(229, 'Kevin', 'Lewis', 58, 'kmcdowell@example.net', '2994496821'),
(230, 'Kelly', 'Franklin', 26, 'xchandler@example.net', '6941774739'),
(231, 'Bryan', 'Gonzalez', 18, 'brandonwallace@example.net', '5000612636'),
(232, 'Roberto', 'Wright', 33, 'smithdiana@example.com', '1061985259'),
(233, 'Jennifer', 'Williams', 20, 'alexandergonzalez@example.net', '7403410600'),
(234, 'Cheryl', 'Stevens', 35, 'blackburnerin@example.com', '3748020229'),
(235, 'Linda', 'Gonzalez', 20, 'cheryl36@example.org', '2565368058'),
(236, 'Gary', 'Bowen', 30, 'coreynelson@example.net', '7157937120'),
(237, 'Melissa', 'Holland', 27, 'jwest@example.org', '4085784472'),
(238, 'Emily', 'Lamb', 23, 'jonathan84@example.net', '3530482478'),
(239, 'Emily', 'Mora', 57, 'stacy61@example.com', '0543119596'),
(240, 'Javier', 'Reynolds', 42, 'archermatthew@example.net', '2658737017'),
(241, 'Kristin', 'Ibarra', 45, 'lerickson@example.org', '4578217337'),
(242, 'Robert', 'Dorsey', 55, 'charlenestark@example.org', '1852296333'),
(243, 'Renee', 'Harrison', 32, 'smithelizabeth@example.com', '6981703356'),
(244, 'Kristin', 'Mcdowell', 39, 'melvin58@example.com', '6783423466'),
(245, 'Kathryn', 'Morton', 64, 'amy26@example.net', '3333267575'),
(246, 'Kaitlin', 'Delgado', 38, 'sarah03@example.com', '0423884459'),
(247, 'Michelle', 'Garcia', 60, 'melanie34@example.net', '9898841208'),
(248, 'Jacqueline', 'Allen', 68, 'jacobsonbrittany@example.org', '5870119980'),
(249, 'Jessica', 'Miller', 45, 'hodgesdaniel@example.com', '7237473648'),
(250, 'Isabella', 'Roberts', 54, 'yoderkaren@example.net', '6014831630'),
(251, 'Robert', 'Dominguez', 36, 'fblackwell@example.net', '3521781619'),
(252, 'Michael', 'Sanchez', 61, 'kevin21@example.com', '6012087767'),
(253, 'Jenna', 'Powers', 70, 'dennis82@example.com', '7335700439'),
(254, 'Juan', 'Noble', 69, 'derek59@example.com', '7421188137'),
(255, 'Charles', 'Castillo', 22, 'gregory69@example.com', '1582926964'),
(256, 'Janice', 'Rojas', 35, 'norman08@example.org', '8837602649'),
(257, 'Kenneth', 'Reyes', 34, 'monicasalas@example.net', '8130435648'),
(258, 'Anthony', 'Case', 59, 'heatherallison@example.com', '5628344318'),
(259, 'Olivia', 'Moore', 65, 'jenniferritter@example.com', '6943726934'),
(260, 'Elizabeth', 'Gross', 30, 'sellersamanda@example.org', '1917702781'),
(261, 'Shannon', 'Jackson', 48, 'poolejason@example.com', '7007202190'),
(262, 'Anthony', 'Lopez', 31, 'nancy05@example.net', '6967776036'),
(263, 'Logan', 'Ramirez', 39, 'zford@example.com', '6265762140'),
(264, 'Michael', 'Blair', 23, 'charles83@example.net', '9018132046'),
(265, 'Rachel', 'Taylor', 52, 'tracy47@example.org', '6989194466'),
(266, 'Cody', 'Hernandez', 34, 'ghopkins@example.org', '2541067958'),
(267, 'Justin', 'Glover', 44, 'danielwilliam@example.org', '1851528377'),
(268, 'Tanya', 'Baker', 46, 'zbriggs@example.org', '4091121966'),
(269, 'Nathaniel', 'Russell', 52, 'owade@example.net', '9605031758'),
(270, 'Kerri', 'Patel', 43, 'dmiranda@example.net', '7451248572'),
(271, 'Jeffrey', 'Guerra', 51, 'trodriguez@example.com', '8762766664'),
(272, 'Raymond', 'Anthony', 23, 'xsullivan@example.net', '8457141871'),
(273, 'Alex', 'Bond', 19, 'renee82@example.org', '9611624570'),
(274, 'Haley', 'Mccarthy', 30, 'derek16@example.org', '2885646664'),
(275, 'Shane', 'Cunningham', 37, 'daniel50@example.net', '5678765931'),
(276, 'Louis', 'Cervantes', 32, 'allen99@example.com', '9853954311'),
(277, 'Robert', 'Smith', 62, 'rebekahbrown@example.com', '9320482250'),
(278, 'Kevin', 'Hale', 61, 'dfisher@example.com', '1751129463'),
(279, 'Kendra', 'Galvan', 54, 'qaustin@example.net', '8231723944'),
(280, 'Madeline', 'Adams', 56, 'rachel24@example.org', '6204956248'),
(281, 'Rebecca', 'Warner', 20, 'robert47@example.org', '4982153304'),
(282, 'Mary', 'Wilson', 44, 'huangkaren@example.org', '0985882893'),
(283, 'Laurie', 'Anderson', 44, 'robertssue@example.org', '0742156262'),
(284, 'Victoria', 'Walker', 20, 'brianpierce@example.org', '0300983171'),
(285, 'Gary', 'Allen', 19, 'richard10@example.org', '1667588496'),
(286, 'Carla', 'Meyer', 53, 'granttravis@example.net', '8059329148'),
(287, 'Katelyn', 'Stewart', 43, 'teresa66@example.com', '8887134804'),
(288, 'Michael', 'Owens', 28, 'jessicadavidson@example.org', '0973944767'),
(289, 'Chelsea', 'Gibson', 62, 'jeffrey20@example.com', '7010583922'),
(290, 'Jonathan', 'Rice', 42, 'yhernandez@example.org', '6278562715'),
(291, 'Cheryl', 'Weiss', 51, 'debra51@example.org', '4198384808'),
(292, 'Barbara', 'Hampton', 23, 'kevin47@example.org', '1466255468'),
(293, 'Stephanie', 'Oliver', 43, 'waltersrobert@example.com', '0864841158'),
(294, 'Ashley', 'Castillo', 21, 'brandtadam@example.org', '4418925929'),
(295, 'Brandon', 'Mendoza', 65, 'brooke89@example.org', '1798087271'),
(296, 'Robert', 'Brown', 47, 'andrewward@example.net', '7760933116'),
(297, 'Erik', 'Boone', 49, 'denise08@example.net', '9363959235'),
(298, 'Jonathan', 'Lynn', 48, 'aaron97@example.net', '3899055599'),
(299, 'Jennifer', 'Kennedy', 66, 'zoehubbard@example.net', '8138675774'),
(300, 'Anne', 'Ramirez', 29, 'laura17@example.com', '2774606791'),
(301, 'Lindsey', 'Johnson', 39, 'lbenson@example.com', '7113658849'),
(302, 'Damon', 'Brown', 45, 'cody07@example.com', '8485987006'),
(303, 'Tony', 'Tucker', 43, 'henry39@example.net', '1741609411'),
(304, 'Rebecca', 'Fleming', 59, 'joy38@example.net', '2366920708'),
(305, 'Gregory', 'Brewer', 69, 'pamelastewart@example.net', '0916057544'),
(306, 'Robert', 'Smith', 18, 'smithjane@example.org', '8254755462'),
(307, 'Krystal', 'Huffman', 57, 'meganhunter@example.org', '2801264920'),
(308, 'Christopher', 'Lewis', 68, 'doyledavid@example.com', '8860369044'),
(309, 'Marco', 'Jones', 19, 'ocervantes@example.org', '1747499888'),
(310, 'Tamara', 'Peters', 31, 'smithelizabeth@example.org', '2375693267'),
(311, 'Brenda', 'Diaz', 39, 'angelatucker@example.org', '9820517823'),
(312, 'Holly', 'Anderson', 39, 'jasonbolton@example.org', '1793273371'),
(313, 'Kurt', 'Hart', 60, 'susan48@example.org', '7450679481'),
(314, 'Tina', 'Davis', 30, 'angela69@example.org', '6559129270'),
(315, 'Paul', 'Stein', 41, 'caitlyn42@example.com', '8823101747'),
(316, 'Tammy', 'Johnson', 58, 'esanchez@example.org', '5340812622'),
(317, 'David', 'Goodwin', 33, 'tramirez@example.com', '0274282649'),
(318, 'Austin', 'Payne', 35, 'debrafisher@example.org', '5081106482'),
(319, 'Christopher', 'Ruiz', 22, 'schmidtharry@example.com', '2777908701'),
(320, 'Mark', 'Stewart', 45, 'tpowell@example.net', '6043650010'),
(321, 'Sandra', 'Phillips', 65, 'qhayes@example.org', '4473991695'),
(322, 'Robert', 'Butler', 51, 'allisonstanley@example.com', '5897181957'),
(323, 'Rachel', 'Franklin', 41, 'kennethalvarado@example.com', '7943248898'),
(324, 'Jeffery', 'Owens', 49, 'kathleenmccormick@example.org', '2907771576'),
(325, 'Jonathan', 'Williams', 65, 'bakerkim@example.net', '2768837390'),
(326, 'Michael', 'Clark', 52, 'kimberlyavery@example.net', '6806428059'),
(327, 'Ryan', 'Giles', 44, 'richardsondawn@example.net', '9961989357'),
(328, 'Steven', 'Ruiz', 24, 'frenchkatherine@example.com', '7215467126'),
(329, 'Donald', 'Buckley', 32, 'mark09@example.org', '6987804603'),
(330, 'Lauren', 'Duran', 45, 'paige87@example.com', '8702643617'),
(331, 'Scott', 'Henson', 47, 'jeffreyfuentes@example.com', '3661219524'),
(332, 'Carla', 'Mccoy', 46, 'alicia43@example.net', '5852590292'),
(333, 'Micheal', 'Casey', 18, 'daniel24@example.com', '3429614685'),
(334, 'Monica', 'Johns', 25, 'arnolderica@example.org', '6120293960'),
(335, 'Stephanie', 'Stephenson', 62, 'danielpayne@example.net', '9288352580'),
(336, 'Roger', 'Walker', 61, 'lorettagallegos@example.net', '0565128124'),
(337, 'Brittany', 'Moore', 56, 'maryhess@example.com', '2344841372'),
(338, 'Pamela', 'Clark', 40, 'christina65@example.com', '2868837684'),
(339, 'Earl', 'Roach', 19, 'daniel45@example.org', '0099429386'),
(340, 'James', 'Cook', 26, 'mross@example.net', '9443172293'),
(341, 'Jeffrey', 'Baldwin', 70, 'debbie47@example.org', '9667989411'),
(342, 'Andrea', 'Moreno', 25, 'privera@example.org', '0431425946'),
(343, 'Michael', 'Sandoval', 32, 'nholloway@example.com', '9700144508'),
(344, 'John', 'Johnson', 40, 'brownjoseph@example.org', '0302148158'),
(345, 'Emily', 'Nunez', 34, 'ngarza@example.org', '8351015533'),
(346, 'Jacob', 'Wagner', 53, 'dmora@example.org', '8892470506'),
(347, 'Matthew', 'Stevenson', 65, 'ggarcia@example.net', '5743804046'),
(348, 'Paul', 'Thompson', 27, 'eschwartz@example.org', '3681221983'),
(349, 'Christy', 'Mcintosh', 46, 'paul37@example.org', '8619300185'),
(350, 'Aaron', 'Robinson', 63, 'john64@example.com', '2175640146'),
(351, 'Katie', 'Davis', 66, 'fallen@example.com', '3955899198'),
(352, 'Ashley', 'Smith', 20, 'andrew36@example.org', '1210513291'),
(353, 'Shane', 'Allen', 37, 'monicaparker@example.com', '5112161318'),
(354, 'Denise', 'Clark', 58, 'millermaria@example.org', '5745900510'),
(355, 'Alexis', 'Gonzales', 25, 'matthew35@example.net', '4848244620'),
(356, 'Destiny', 'Butler', 47, 'vlang@example.com', '8923245008'),
(357, 'Marcus', 'Hopkins', 27, 'keith33@example.com', '1669915155'),
(358, 'Joel', 'Martinez', 42, 'hammondstephen@example.org', '3859970110'),
(359, 'Justin', 'Cook', 50, 'christinetorres@example.com', '2651318543'),
(360, 'Jeanne', 'Brooks', 39, 'samuelmcdaniel@example.org', '6811466582'),
(361, 'Joseph', 'Shaffer', 54, 'tammywilliams@example.com', '7988449778'),
(362, 'Kari', 'Zavala', 26, 'zrice@example.net', '8644466431'),
(363, 'Theresa', 'Schmidt', 40, 'cramirez@example.org', '7122031447'),
(364, 'Darren', 'Davis', 22, 'rodriguezmary@example.org', '3547093399'),
(365, 'Brandon', 'Williams', 53, 'harperruth@example.net', '3987555197'),
(366, 'Ashley', 'Williams', 18, 'ycowan@example.net', '0740863298'),
(367, 'Samuel', 'Arias', 57, 'beanmatthew@example.net', '6916080989'),
(368, 'Steven', 'Yang', 42, 'xdavidson@example.org', '5917905173'),
(369, 'Derrick', 'White', 26, 'kellywhite@example.com', '2637415484'),
(370, 'Isaac', 'Daniels', 35, 'harrisonkatie@example.org', '4102250970'),
(371, 'Mario', 'Thomas', 45, 'lyoung@example.net', '4770912063'),
(372, 'Elizabeth', 'Mccoy', 38, 'pcook@example.org', '7253847181'),
(373, 'Robert', 'Clark', 35, 'megan89@example.net', '1196332542'),
(374, 'Kimberly', 'Martinez', 49, 'phillipsryan@example.com', '0742578539'),
(375, 'John', 'Benjamin', 24, 'kevin82@example.net', '2317610465'),
(376, 'Lance', 'Ortiz', 38, 'robert54@example.com', '2074532846'),
(377, 'Carlos', 'Ochoa', 57, 'banderson@example.net', '4978216729'),
(378, 'Joseph', 'Cook', 18, 'epatterson@example.net', '8628570315'),
(379, 'Elijah', 'Gordon', 49, 'whitedonald@example.org', '6206345351'),
(380, 'Steven', 'Clark', 31, 'robert98@example.org', '7011323264'),
(381, 'Michael', 'Morris', 64, 'choijoshua@example.org', '6498932839'),
(382, 'Lisa', 'Wolf', 36, 'gabrielle28@example.net', '5072592584'),
(383, 'Dillon', 'Pope', 50, 'jwarren@example.org', '1734023500'),
(384, 'Michael', 'Chang', 52, 'qwarren@example.com', '0121822736'),
(385, 'Justin', 'Anderson', 61, 'epham@example.net', '2230087343'),
(386, 'David', 'Garrison', 24, 'cody92@example.com', '7752505898'),
(387, 'Jill', 'Chung', 36, 'thomasperez@example.org', '5299715826'),
(388, 'Ryan', 'Dickerson', 59, 'jwelch@example.net', '7743389131'),
(389, 'Jessica', 'Stephens', 69, 'mark16@example.com', '6152950814'),
(390, 'David', 'Harris', 53, 'sarah43@example.net', '1322694128'),
(391, 'Gregory', 'Smith', 41, 'ubryant@example.com', '5477006755'),
(392, 'Chelsea', 'Douglas', 44, 'annablack@example.com', '3926910827'),
(393, 'Amy', 'Sims', 46, 'anaherman@example.org', '7885604174'),
(394, 'Sonia', 'Miller', 27, 'carlsonstephanie@example.com', '4761050618'),
(395, 'Lauren', 'Bryant', 33, 'tuckerethan@example.net', '5284734129'),
(396, 'Philip', 'Campbell', 20, 'bjackson@example.com', '7931471877'),
(397, 'Rachael', 'Estrada', 28, 'hrichards@example.com', '5772879827'),
(398, 'Brandon', 'Hatfield', 32, 'bergtara@example.net', '4504224072'),
(399, 'Emily', 'Jackson', 62, 'james65@example.com', '4944750788'),
(400, 'Kevin', 'Gutierrez', 47, 'kaitlynhubbard@example.com', '7619793564'),
(401, 'William', 'Cox', 46, 'jonathansmith@example.org', '3778946985'),
(402, 'Anita', 'Ray', 44, 'andrew42@example.net', '1697623553'),
(403, 'Tiffany', 'Greene', 23, 'matthew82@example.org', '8265196855'),
(404, 'Edward', 'Bell', 42, 'lewisrachel@example.net', '4592668177'),
(405, 'Wayne', 'Fitzgerald', 55, 'ashley41@example.org', '9970653363'),
(406, 'Hannah', 'Schneider', 28, 'collinsjessica@example.net', '9732577802'),
(407, 'Cheryl', 'Jones', 20, 'zrose@example.com', '8784981147'),
(408, 'Michelle', 'Johnson', 47, 'shawnhanson@example.com', '3801524923'),
(409, 'Kristin', 'Davis', 21, 'linda24@example.net', '7971303756'),
(410, 'Mary', 'Dean', 30, 'kingjerry@example.org', '5754175379'),
(411, 'Jasmine', 'Patterson', 20, 'jensenandrea@example.org', '5275228783'),
(412, 'Stephanie', 'Newton', 24, 'dlee@example.net', '9854300816'),
(413, 'Cheryl', 'Reynolds', 44, 'xrios@example.com', '0075495074'),
(414, 'Jeffrey', 'Morrow', 44, 'molly54@example.net', '9712752564'),
(415, 'Donald', 'Wright', 47, 'rknight@example.org', '3301908747'),
(416, 'Stanley', 'Rodriguez', 31, 'edwardholmes@example.net', '0669569201'),
(417, 'Melissa', 'Barrett', 37, 'chenkathleen@example.org', '6525304408'),
(418, 'Phillip', 'Nguyen', 33, 'tbrady@example.org', '1820032483'),
(419, 'Debbie', 'Ayers', 45, 'wrightpamela@example.org', '6227247375'),
(420, 'John', 'Phillips', 60, 'caldwelltyler@example.org', '8150443725'),
(421, 'Lee', 'Craig', 57, 'marshallrachael@example.org', '7378303239'),
(422, 'Stephanie', 'Fox', 70, 'hooverbrian@example.net', '8269081847'),
(423, 'Gabriela', 'Mcgee', 24, 'oconnellchristian@example.com', '7405840076'),
(424, 'Dylan', 'Vasquez', 60, 'bentleymadison@example.com', '8814874485'),
(425, 'John', 'Washington', 64, 'rebecca10@example.net', '3822009353'),
(426, 'Jacob', 'Odonnell', 70, 'robinmcguire@example.net', '8270378989'),
(427, 'Lori', 'Michael', 64, 'williampena@example.com', '8084904754'),
(428, 'Jeremy', 'Hicks', 63, 'taylorashley@example.net', '9044726722'),
(429, 'Jennifer', 'Williams', 53, 'phillipwiley@example.org', '2536512283'),
(430, 'Tammy', 'Clark', 48, 'jspears@example.net', '1495835575'),
(431, 'Linda', 'Ramirez', 59, 'woneal@example.com', '8881237932'),
(432, 'Stephen', 'Lucero', 37, 'wheelerkatie@example.net', '8898494678'),
(433, 'Deborah', 'Lucas', 21, 'melissa78@example.net', '2181309399'),
(434, 'Peter', 'Kline', 42, 'cameronlynch@example.com', '2794432597'),
(435, 'Jeremy', 'Hayes', 59, 'hpugh@example.net', '7972131825'),
(436, 'Kristin', 'Hernandez', 39, 'cannonbailey@example.org', '1530599465'),
(437, 'Sean', 'Clay', 70, 'jamespeterson@example.com', '9062157951'),
(438, 'Kathy', 'Arias', 27, 'marydavis@example.net', '0188310984'),
(439, 'Eric', 'Rivera', 19, 'kara57@example.net', '5438000137'),
(440, 'Paul', 'Wagner', 58, 'kavila@example.org', '6578206224'),
(441, 'Jackson', 'Kelly', 66, 'perezsue@example.org', '6803657257'),
(442, 'Loretta', 'Cunningham', 23, 'james96@example.org', '9054506798'),
(443, 'Christopher', 'Stephens', 67, 'whiterodney@example.com', '8592086168'),
(444, 'Jamie', 'Mendoza', 19, 'wjohnson@example.net', '7522740604'),
(445, 'Heather', 'Ochoa', 27, 'anitaharris@example.net', '1938067342'),
(446, 'Brenda', 'King', 27, 'brad46@example.com', '2883762437'),
(447, 'Lynn', 'Guzman', 31, 'yharris@example.net', '6080625703'),
(448, 'Nicole', 'Ruiz', 31, 'michaelgreen@example.org', '6711100092'),
(449, 'Edward', 'Compton', 30, 'elliottbrian@example.org', '2070344512'),
(450, 'Joshua', 'Garcia', 47, 'brianking@example.com', '1307249688'),
(451, 'Timothy', 'Young', 23, 'bradshawsarah@example.net', '8055727368'),
(452, 'Diane', 'Long', 56, 'kathryn31@example.org', '7081886796'),
(453, 'Lee', 'Murphy', 68, 'vancewendy@example.com', '4461091019'),
(454, 'Tracey', 'Hatfield', 50, 'taylorjesse@example.net', '2590144447'),
(455, 'Melanie', 'Hall', 38, 'zanderson@example.net', '5170657426'),
(456, 'Joseph', 'Montgomery', 25, 'julie47@example.org', '1350057386'),
(457, 'Timothy', 'Smith', 30, 'sdunn@example.com', '9206215183'),
(458, 'Emily', 'Webb', 63, 'sbrown@example.com', '3355264599'),
(459, 'Heather', 'Tapia', 66, 'ulong@example.com', '1789631292'),
(460, 'Joanne', 'Rhodes', 23, 'zsandoval@example.org', '7662009910'),
(461, 'Timothy', 'Jensen', 50, 'gonzalezjeffery@example.com', '4875041409'),
(462, 'Alexis', 'Baldwin', 55, 'maciaslaura@example.com', '6830384733'),
(463, 'Steven', 'Johnson', 21, 'cstewart@example.org', '2168494529'),
(464, 'Jason', 'Jacobs', 60, 'johnhunter@example.org', '8444802982'),
(465, 'Stephanie', 'Young', 22, 'youngjackson@example.com', '4293395370'),
(466, 'Jessica', 'Barnett', 60, 'joshuawalker@example.com', '3212724794'),
(467, 'Jesse', 'Johnson', 57, 'mary82@example.com', '4856860171'),
(468, 'Wayne', 'Martinez', 28, 'andersonbrenda@example.org', '0159420237'),
(469, 'Donald', 'James', 54, 'heather03@example.org', '0629308823'),
(470, 'Lisa', 'Rivera', 52, 'russellvictor@example.net', '3239322213'),
(471, 'Joshua', 'Webb', 63, 'finleyjames@example.org', '5930460920'),
(472, 'Jessica', 'Johnson', 63, 'thomas95@example.org', '5801309094'),
(473, 'Mark', 'Fisher', 57, 'jstanley@example.org', '8418010501'),
(474, 'Noah', 'Clarke', 41, 'lisa68@example.net', '7425677134'),
(475, 'Stephanie', 'Schmidt', 49, 'ronnie55@example.com', '9333845376'),
(476, 'Antonio', 'Gomez', 24, 'lhiggins@example.org', '3667840033'),
(477, 'Ryan', 'Thompson', 29, 'zacharymcclain@example.net', '0013485986'),
(478, 'Ryan', 'Reed', 57, 'larrypeterson@example.net', '2559535193'),
(479, 'Lisa', 'Gardner', 45, 'perezmaria@example.com', '2224259936'),
(480, 'Jessica', 'Richardson', 29, 'kelly52@example.org', '4917313996'),
(481, 'Laura', 'Perez', 22, 'rharris@example.com', '0780804072'),
(482, 'Jennifer', 'Avery', 27, 'brittneyreed@example.org', '5572925871'),
(483, 'Kayla', 'Cummings', 58, 'bfrench@example.com', '6329791271'),
(484, 'Mary', 'Dennis', 29, 'gwoods@example.com', '6760879649'),
(485, 'Leonard', 'Parrish', 65, 'watsonwilliam@example.org', '1479100456'),
(486, 'Carolyn', 'West', 69, 'jennifer35@example.net', '7985412767'),
(487, 'Shane', 'Bowers', 33, 'edwardfrazier@example.net', '6908740095'),
(488, 'Joshua', 'Richardson', 53, 'gonzalezjennifer@example.org', '7111154842'),
(489, 'Stacey', 'Cole', 51, 'matthewknight@example.com', '5388810796'),
(490, 'James', 'Davis', 51, 'george29@example.org', '9342112154'),
(491, 'Michael', 'Perry', 63, 'ojames@example.com', '5439207477'),
(492, 'Morgan', 'Harris', 64, 'sean76@example.net', '7070786665'),
(493, 'Nathaniel', 'Burns', 56, 'richardhess@example.com', '2443160503'),
(494, 'Stephen', 'Newman', 47, 'rwilson@example.net', '2710958044'),
(495, 'Jimmy', 'Lucas', 34, 'john17@example.net', '5564122560'),
(496, 'Aaron', 'Holder', 19, 'irwinjason@example.com', '5493255851'),
(497, 'Chelsea', 'Torres', 53, 'njohnson@example.org', '1868438850'),
(498, 'Diana', 'Bates', 58, 'oparker@example.net', '9729804311'),
(499, 'Peter', 'Wright', 35, 'karensandoval@example.org', '7822989104'),
(500, 'Kathleen', 'Berry', 30, 'jamessoto@example.com', '9087172374'),
(501, 'Whitney', 'Gonzales', 37, 'seanwilliams@example.com', '2182305413'),
(502, 'Jessica', 'Smith', 35, 'fisherbilly@example.com', '2220547524'),
(503, 'Jessica', 'Velazquez', 51, 'cindy39@example.org', '1878767379'),
(504, 'Brittany', 'Butler', 45, 'caitlyn28@example.org', '6610434445'),
(505, 'Jessica', 'Stone', 56, 'tammy49@example.org', '6556006986'),
(506, 'Sarah', 'Abbott', 28, 'elliottrichard@example.net', '5816400012'),
(507, 'Charles', 'Knight', 54, 'hannahcannon@example.com', '5194264090'),
(508, 'Trevor', 'Richard', 44, 'ywagner@example.net', '3879133516'),
(509, 'Thomas', 'Mccarthy', 59, 'nshelton@example.com', '3327774991'),
(510, 'Evan', 'Davis', 51, 'tapiasharon@example.org', '2427992965'),
(511, 'Jeremy', 'Pena', 37, 'andrea59@example.org', '9153229810'),
(512, 'Sherry', 'Stewart', 36, 'williamrivera@example.org', '3911472216'),
(513, 'Adam', 'Kirby', 60, 'halllinda@example.net', '1796284353'),
(514, 'Kenneth', 'Henderson', 53, 'kimberlyadams@example.net', '7059008227'),
(515, 'Donald', 'Jackson', 34, 'gpatterson@example.com', '1264716638'),
(516, 'Austin', 'Stone', 35, 'joann72@example.org', '4663581627'),
(517, 'Nicole', 'Woodward', 18, 'joshuaguzman@example.net', '6083207834'),
(518, 'James', 'Davis', 62, 'lindsey51@example.org', '8028570658'),
(519, 'Kristina', 'Mcgrath', 26, 'deckertammy@example.org', '2867482527'),
(520, 'Keith', 'Bailey', 69, 'jhaynes@example.net', '0783217932'),
(521, 'Catherine', 'Sherman', 27, 'anthonyberry@example.net', '0913162241'),
(522, 'Micheal', 'Evans', 32, 'danielsbrittany@example.net', '4675872959'),
(523, 'David', 'Ferguson', 60, 'yorkzachary@example.com', '8754163404'),
(524, 'Shelby', 'Allen', 24, 'droach@example.net', '1012117193'),
(525, 'Samuel', 'Harper', 50, 'jackson01@example.net', '8933220938'),
(526, 'Michael', 'Gomez', 61, 'wberry@example.org', '8949459532'),
(527, 'Clayton', 'Oconnor', 26, 'imckee@example.net', '1288370900'),
(528, 'Elizabeth', 'Colon', 21, 'julie76@example.com', '1532525524'),
(529, 'Gary', 'Thompson', 50, 'howellluis@example.com', '6710899236'),
(530, 'Christopher', 'Chavez', 63, 'jameslevine@example.org', '0132762623'),
(531, 'Justin', 'Holder', 28, 'alexanderbennett@example.net', '8856952864'),
(532, 'Megan', 'Snyder', 48, 'ayersvictoria@example.com', '2063111786'),
(533, 'Zachary', 'Lyons', 18, 'christopher74@example.net', '0005577627'),
(534, 'Martha', 'Johnson', 30, 'vegadiana@example.com', '4621564830'),
(535, 'Stephanie', 'Perry', 53, 'james46@example.org', '4989184466'),
(536, 'Raymond', 'Wagner', 66, 'othomas@example.net', '7261787437'),
(537, 'Jeffrey', 'Hale', 56, 'george43@example.org', '6573736609'),
(538, 'Joshua', 'Woods', 70, 'wendybranch@example.net', '9579479461'),
(539, 'Sarah', 'Francis', 69, 'guerreroelizabeth@example.org', '5016113421'),
(540, 'Heather', 'Black', 61, 'rfields@example.com', '0833472739'),
(541, 'Mike', 'Brooks', 34, 'jaime17@example.org', '8545012644'),
(542, 'Kenneth', 'Smith', 39, 'bryantzachary@example.org', '7364029898'),
(543, 'James', 'Brandt', 63, 'rachael48@example.net', '2026556192'),
(544, 'Vickie', 'Ross', 27, 'yford@example.net', '5942553835'),
(545, 'Brent', 'Reynolds', 46, 'michaelnichols@example.org', '7952216820'),
(546, 'Lisa', 'Clements', 36, 'arthur30@example.org', '1613858362'),
(547, 'Robert', 'Ayala', 24, 'jaime53@example.net', '2495262045'),
(548, 'Edward', 'Valdez', 40, 'wallsjohn@example.org', '7528980141'),
(549, 'Scott', 'Wright', 23, 'nsmith@example.net', '3817571135'),
(550, 'Stephanie', 'Castaneda', 66, 'andersonlaura@example.com', '3172395394'),
(551, 'Maria', 'Tucker', 64, 'kingethan@example.com', '5108628884'),
(552, 'Christopher', 'Herrera', 28, 'ecruz@example.com', '0567538317'),
(553, 'Russell', 'Carr', 40, 'gilbertamy@example.com', '2172068476'),
(554, 'Matthew', 'Williams', 34, 'vmyers@example.net', '6311809004'),
(555, 'Brenda', 'Grant', 64, 'robertskrista@example.org', '9120044963'),
(556, 'Heather', 'Wu', 44, 'ggutierrez@example.net', '9174011864'),
(557, 'Andrew', 'Woods', 58, 'gcook@example.com', '6619139011'),
(558, 'Daniel', 'Fields', 34, 'rmccoy@example.com', '6076377177'),
(559, 'Sarah', 'Lee', 20, 'jillterry@example.org', '1213611970'),
(560, 'Jason', 'Williams', 67, 'jonesmichaela@example.net', '1782393835'),
(561, 'Amanda', 'Conway', 58, 'matthew06@example.com', '3689048421'),
(562, 'David', 'Li', 65, 'scott15@example.org', '2791782941'),
(563, 'Judy', 'Rowe', 56, 'fdiaz@example.org', '7115849457'),
(564, 'Michael', 'Harris', 26, 'ujones@example.net', '1174082040'),
(565, 'David', 'Miller', 31, 'khoward@example.org', '1918310648'),
(566, 'Lisa', 'Thomas', 64, 'kelly82@example.com', '7139340998'),
(567, 'John', 'Horton', 58, 'cruzchristina@example.com', '2345908888'),
(568, 'Jennifer', 'Arnold', 28, 'morseelizabeth@example.net', '3000800543'),
(569, 'Brandon', 'Middleton', 47, 'bwiggins@example.com', '6245190794'),
(570, 'Jeremy', 'Cunningham', 51, 'fcooley@example.org', '5782085982'),
(571, 'Mark', 'Waller', 39, 'flemingtimothy@example.com', '3931599663'),
(572, 'Tiffany', 'Fox', 49, 'martinezphyllis@example.org', '9949149228'),
(573, 'Glen', 'Miller', 34, 'mary01@example.net', '9732233638'),
(574, 'Billy', 'Jenkins', 53, 'david91@example.net', '1450611222'),
(575, 'Brandon', 'Rice', 49, 'daniel56@example.org', '6495100656'),
(576, 'Theresa', 'Grimes', 63, 'william25@example.org', '0558149259'),
(577, 'Debra', 'Blankenship', 67, 'andres40@example.com', '8921688856'),
(578, 'Elizabeth', 'Oliver', 64, 'angelamurphy@example.com', '8086610837'),
(579, 'Megan', 'Rivera', 45, 'jonesjohn@example.com', '0543650064'),
(580, 'Benjamin', 'Moore', 66, 'fcarlson@example.com', '5356846652'),
(581, 'Tom', 'Wolfe', 19, 'bwhite@example.net', '1687347782'),
(582, 'Edward', 'Miller', 25, 'gmiller@example.org', '3727526202'),
(583, 'Matthew', 'Hanson', 54, 'austin54@example.com', '5194949684'),
(584, 'Edwin', 'Allison', 68, 'megan66@example.net', '2338019545'),
(585, 'Christine', 'Wang', 61, 'rachaelgarcia@example.net', '1085503917'),
(586, 'Sandra', 'Bates', 68, 'pedrogarcia@example.org', '0366388688'),
(587, 'Pamela', 'Henderson', 54, 'ericbryant@example.org', '4881441545'),
(588, 'Michelle', 'Ashley', 37, 'xblanchard@example.com', '0728687242'),
(589, 'Laura', 'Taylor', 57, 'juliejohnson@example.net', '4396870170'),
(590, 'Michele', 'Salinas', 36, 'kim90@example.org', '3034535027'),
(591, 'Victor', 'Green', 57, 'paul01@example.org', '1422083610'),
(592, 'Jasmine', 'Nielsen', 54, 'tiffany10@example.net', '8306626142'),
(593, 'Michael', 'Anderson', 63, 'cynthia00@example.net', '3424499034'),
(594, 'William', 'Cook', 50, 'valdezpamela@example.org', '4305113247'),
(595, 'Elizabeth', 'Ray', 31, 'kyle17@example.net', '7394697399'),
(596, 'Margaret', 'White', 32, 'travis49@example.org', '6263646990'),
(597, 'Cheryl', 'Gilbert', 53, 'reedtonya@example.org', '3660292842'),
(598, 'Sarah', 'Adams', 70, 'bryantisaac@example.com', '8470383450'),
(599, 'Joan', 'Boyd', 39, 'alexis50@example.net', '9597722688'),
(600, 'Jennifer', 'Mcdowell', 63, 'bankstroy@example.com', '3242628633');

INSERT INTO `images` (`image_id`, `description`, `image_file`) VALUES
(1, 'Eum aperiam atque quibusdam consequatur porro animi, expedita quasi voluptatibus impedit ipsa distinctio accusamus tenetur vero nemo at quaerat, provident sint distinctio nulla vel quam quae ut itaque ipsam voluptatibus blanditiis?', 'https://dummyimage.com/503x241/'),
(2, 'Laboriosam accusantium aliquam iure porro mollitia, illo architecto eum similique praesentium nesciunt, maxime odio incidunt deleniti?', 'https://placekitten.com/65/685/'),
(3, 'Quia odio asperiores consequatur quam corrupti ducimus obcaecati, cupiditate hic illo aspernatur suscipit obcaecati minima, nam natus nisi voluptas.', 'https://dummyimage.com/726x714/'),
(4, 'Sequi commodi est vel officia ducimus minima ipsam magni nisi neque, fugiat suscipit laudantium hic corrupti molestiae corporis, totam odit vero quia quasi iste eveniet voluptatum deleniti, modi doloremque ex quisquam molestiae numquam minima ducimus dolore labore quo.', 'https://dummyimage.com/259x492/'),
(5, 'Harum qui exercitationem, repudiandae numquam quasi iure facilis aliquam, excepturi eligendi eveniet corrupti ullam sapiente nulla accusantium, neque minima vitae sed sequi veniam alias?', 'https://dummyimage.com/328x868/'),
(6, 'Harum commodi accusamus aspernatur culpa dolor, nisi placeat distinctio iste beatae unde dolore error fugiat sit, reprehenderit aperiam nulla nihil esse eveniet similique, soluta fugit cum mollitia quam modi sequi officiis qui, aliquam vel modi consequuntur dolorum dolor debitis fugiat.', 'https://picsum.photos/310/868/'),
(7, 'Culpa sed impedit dolorum exercitationem asperiores nihil numquam molestias officiis nulla, omnis odit mollitia ipsum molestiae minus error eveniet consequuntur, vitae suscipit at temporibus assumenda.', 'https://picsum.photos/911/869/'),
(8, 'Voluptatem saepe corporis, dolorum odio a porro sed pariatur numquam libero recusandae, commodi assumenda alias eaque ipsa accusantium architecto quas exercitationem officiis ad, repellendus voluptatem id, quae alias cum necessitatibus eaque labore hic iusto placeat?', 'https://placekitten.com/140/117/'),
(9, 'Delectus perspiciatis itaque vitae numquam quae quasi, eum culpa doloribus laudantium nobis ducimus, architecto accusantium dolore distinctio omnis aut voluptates consequuntur sed libero porro, velit magnam id illum laboriosam enim alias hic.', 'https://placekitten.com/919/712/'),
(10, 'Provident odio nihil molestias, itaque autem iure neque, laudantium dicta natus sed necessitatibus quibusdam voluptatibus quo similique vero accusamus, quod quam nemo quas ea deserunt?', 'https://dummyimage.com/720x486/'),
(11, 'Ab laborum iste debitis, illum quibusdam quam impedit repudiandae suscipit ex qui minus, rerum iure beatae animi, ratione vero quae minus ipsa alias.', 'https://placekitten.com/347/563/'),
(12, 'Non illo nemo facilis repellendus sint alias minima ea earum consectetur nostrum, quisquam quis doloremque odio quo laudantium tenetur molestiae ipsum facere, eum ea nobis blanditiis quia reiciendis, quae non totam minus delectus in ratione assumenda impedit officia.', 'https://placekitten.com/386/846/'),
(13, 'Doloremque qui quos tenetur numquam enim corrupti non fugit eveniet totam, alias deserunt quam dolor itaque repellat voluptatibus repellendus fugiat iusto nam, quod hic sapiente blanditiis saepe nesciunt voluptatem neque, excepturi temporibus placeat.', 'https://placekitten.com/829/577/'),
(14, 'Blanditiis eligendi quaerat ea laboriosam tenetur odit, repudiandae laborum aspernatur modi voluptatem, ipsum accusantium cum non ut reprehenderit quas error repellendus?', 'https://picsum.photos/252/500/'),
(15, 'Ullam sunt repellendus quas sequi architecto amet itaque nemo, recusandae ab ad, suscipit maxime illum aperiam?', 'https://picsum.photos/620/438/'),
(16, 'Reprehenderit fuga minus repellat recusandae cum rerum labore temporibus nam placeat, veniam modi voluptates, perferendis autem corrupti soluta enim tempore asperiores incidunt sit ex, nemo quae voluptate.', 'https://picsum.photos/881/931/'),
(17, 'Tempore consequuntur quaerat perspiciatis velit eos rerum animi odit molestias modi, itaque perferendis labore consequatur dignissimos.', 'https://dummyimage.com/283x319/'),
(18, 'Quidem odio debitis labore, amet porro accusantium facilis autem distinctio impedit sed explicabo repellat.', 'https://placekitten.com/238/591/'),
(19, 'Reprehenderit quidem rerum aliquam sapiente dolor, sunt corporis soluta placeat a repellat enim vero iste voluptates deleniti, perferendis dolorem beatae distinctio incidunt earum quis est labore, molestiae inventore vero distinctio soluta quam?', 'https://picsum.photos/604/451/'),
(20, 'Voluptate cumque explicabo quidem facilis, quam sit doloribus aspernatur, similique quis animi quod officiis totam, suscipit voluptates blanditiis?', 'https://picsum.photos/397/1017/'),
(21, 'Nemo ad dolorem necessitatibus eligendi qui recusandae quod rem cumque ex sed, saepe distinctio rem eum beatae.', 'https://placekitten.com/482/783/'),
(22, 'Veniam cum voluptatibus consectetur temporibus molestias et nobis voluptates rem enim, aliquam repudiandae officiis voluptates ab quaerat modi accusamus, omnis nulla nisi quod quaerat corrupti tempora.', 'https://placekitten.com/549/873/'),
(23, 'Labore voluptates voluptas rerum suscipit eos adipisci ad error dicta libero inventore, blanditiis ipsa praesentium modi dolorum cumque, optio veritatis reprehenderit assumenda delectus voluptatibus illum expedita corporis odio nulla obcaecati, culpa quae corporis nesciunt aut quo obcaecati tempore natus.', 'https://picsum.photos/300/712/'),
(24, 'Repellendus necessitatibus aperiam minima provident dignissimos nulla neque esse, sapiente distinctio ab earum consequuntur nostrum laborum saepe qui, ab sunt corrupti aut exercitationem veniam sapiente ipsum, culpa harum qui beatae magnam suscipit eius accusamus dolores?', 'https://placekitten.com/845/272/'),
(25, 'Voluptatum obcaecati ipsam nam veniam architecto non consequuntur nobis vero, consequuntur eum facere, eveniet obcaecati iure veniam adipisci praesentium aperiam voluptatibus non error, error iste mollitia et qui repudiandae repellat?', 'https://dummyimage.com/421x563/'),
(26, 'Numquam modi aliquid consequuntur ullam hic consectetur fuga cum asperiores, nulla molestias dignissimos id soluta dolores numquam rem vitae in facilis.', 'https://dummyimage.com/843x667/'),
(27, 'Quasi amet iusto culpa sint recusandae fuga, cumque exercitationem iste?', 'https://dummyimage.com/576x872/'),
(28, 'Itaque dolor minus facilis assumenda enim nulla ullam recusandae iure sapiente, porro quod eveniet ea quasi labore obcaecati cumque dolor, aliquam eligendi magnam modi debitis enim, doloribus debitis ut non laudantium?', 'https://picsum.photos/566/116/'),
(29, 'Reiciendis ducimus numquam deserunt aliquam perferendis a autem soluta fugit, corporis quibusdam laudantium dolorum sunt molestias fugit rem vero, cum fugiat unde eum consectetur maiores in omnis culpa doloribus, libero eveniet provident dicta asperiores dolore?', 'https://dummyimage.com/759x449/'),
(30, 'Voluptatibus ab sed unde ipsam deleniti quo ducimus perferendis laudantium hic dolores, quibusdam qui ullam velit molestias libero, ipsam debitis suscipit deserunt quod sequi rem, totam sapiente corrupti?', 'https://dummyimage.com/24x610/'),
(31, 'Molestias molestiae qui ducimus, optio sed impedit nulla ratione assumenda minus dolorem perspiciatis fuga, consequuntur minus quae ex expedita repellat ullam cupiditate maiores nihil et.', 'https://placekitten.com/544/773/'),
(32, 'Eum eaque enim reprehenderit cum accusantium dolorum dolorem, optio maxime temporibus in beatae fugiat eaque, similique ratione eum officiis omnis excepturi aliquid sapiente nam?', 'https://dummyimage.com/435x174/'),
(33, 'Corrupti incidunt odio laudantium consequatur temporibus quae, at quasi modi eum, ipsa quo ducimus consectetur, deleniti totam voluptate quod dolor asperiores quisquam fuga, tempore totam vel molestias eos?', 'https://picsum.photos/407/604/'),
(34, 'Explicabo quisquam impedit totam quas adipisci asperiores, quibusdam totam voluptate id fugit recusandae eum ratione, maiores dicta quo rem maxime, exercitationem adipisci veritatis non perspiciatis distinctio consectetur vitae architecto expedita, officia unde provident impedit voluptates laudantium iure illo quaerat sequi quos.', 'https://placekitten.com/579/916/'),
(35, 'Consequatur animi quisquam repellendus, corporis numquam distinctio quidem quas explicabo magni suscipit.', 'https://dummyimage.com/941x262/'),
(36, 'Voluptas eum distinctio sunt corporis, tempore necessitatibus doloremque recusandae suscipit temporibus voluptatibus ipsam nam.', 'https://picsum.photos/807/567/'),
(37, 'Voluptates nulla accusantium facere culpa similique quasi maiores quos a, sint libero voluptatum quasi, magni ipsa amet labore animi neque vero esse optio nostrum aut?', 'https://dummyimage.com/21x989/'),
(38, 'Ipsam voluptas alias eius autem eveniet similique sunt quo officia, natus aspernatur tenetur veniam atque consectetur voluptatem soluta porro voluptatum, natus aspernatur sint, perspiciatis ut ex pariatur numquam veniam accusantium?', 'https://placekitten.com/770/1/'),
(39, 'Dolorum enim quia quas a dicta officia magnam, optio omnis corrupti iure veniam placeat soluta consequuntur aut.', 'https://dummyimage.com/427x649/'),
(40, 'Ut et dicta in possimus quaerat pariatur, mollitia odit commodi velit earum explicabo perspiciatis temporibus quas ipsa, tempora ad perspiciatis cum natus.', 'https://picsum.photos/387/836/'),
(41, 'Quam facilis sed obcaecati officiis praesentium sunt, a aspernatur harum blanditiis nostrum accusamus, deserunt saepe unde vero quae, sequi ipsum temporibus perspiciatis neque quaerat.', 'https://placekitten.com/470/0/'),
(42, 'Aut atque rerum ut quas animi, dolore iure quia ullam molestias, eligendi iste quisquam vel incidunt vitae magni magnam quia, omnis error facere tempore enim quos.', 'https://dummyimage.com/725x981/'),
(43, 'Explicabo culpa aliquam molestiae nihil, recusandae atque nihil illum eligendi corporis voluptas sit molestiae suscipit ratione numquam, aspernatur corrupti nulla natus possimus molestias deserunt repudiandae, at nemo excepturi accusantium veritatis?', 'https://dummyimage.com/239x840/'),
(44, 'Odit ullam maxime nam quos a eius quisquam quam modi, id natus voluptatum ab qui repellendus a voluptates explicabo omnis velit, praesentium doloremque delectus facilis itaque iusto et ab, quis et aut obcaecati excepturi sequi deleniti veritatis quibusdam natus sed architecto, dolorem saepe deleniti debitis vero magni?', 'https://picsum.photos/12/89/'),
(45, 'Beatae sunt exercitationem quis sapiente quae ad, rerum dolores porro eos totam incidunt ipsam aperiam perspiciatis dicta?', 'https://placekitten.com/1019/100/'),
(46, 'Quis excepturi voluptates accusamus, enim quod soluta dicta quam corrupti distinctio voluptatem, architecto at similique cumque corrupti aperiam dolor.', 'https://dummyimage.com/708x759/'),
(47, 'Sequi quia cum, quasi animi atque deserunt consectetur, voluptas ipsum exercitationem natus perferendis dolores nisi officia explicabo deleniti.', 'https://placekitten.com/599/22/'),
(48, 'Eaque rerum magni illo similique atque qui non odio veniam, blanditiis ratione minus officia rerum.', 'https://dummyimage.com/234x739/'),
(49, 'Libero aspernatur provident ad sapiente deserunt repellendus, optio sint dignissimos veritatis reiciendis repellat explicabo tempora, aliquid voluptas rem tempore incidunt velit at.', 'https://picsum.photos/200/924/'),
(50, 'Illo labore est earum laboriosam in consectetur expedita dolorum architecto, ex accusamus quidem ratione numquam delectus quae aliquam alias eveniet, quasi voluptates vitae obcaecati hic perspiciatis aliquam vel iusto velit tempora?', 'https://dummyimage.com/238x227/'),
(51, 'Mollitia eaque repellendus eum vel totam animi, quae laudantium cum perspiciatis neque, hic blanditiis eius minima iste repudiandae ipsa ipsum quisquam vitae cupiditate saepe.', 'https://picsum.photos/699/782/'),
(52, 'Alias tenetur quibusdam impedit, perferendis illum ullam cupiditate optio, reiciendis esse quia sit, impedit voluptate eaque, praesentium odit vitae sit sint.', 'https://picsum.photos/728/327/'),
(53, 'Odio corporis possimus totam deleniti saepe assumenda veniam, ducimus veniam beatae sit sint neque omnis, magnam facilis enim mollitia, distinctio quis repellendus saepe sapiente, excepturi at nemo quisquam aut nam?', 'https://placekitten.com/468/224/'),
(54, 'Laborum ab soluta hic magni voluptate quibusdam id eius, porro dicta non rerum?', 'https://dummyimage.com/292x253/'),
(55, 'Voluptatum corrupti tempora in similique dignissimos quae consequuntur odio dolor, corporis consequatur impedit non nesciunt dicta voluptate.', 'https://placekitten.com/314/776/'),
(56, 'Nostrum debitis temporibus saepe aliquid, sapiente et asperiores distinctio ex similique odio, ipsam dolorum repellat quidem voluptatem facere iure omnis quasi ipsum dignissimos, alias dolore amet minima reiciendis, et fugiat distinctio.', 'https://placekitten.com/271/875/'),
(57, 'Hic in iusto, qui ratione nihil ipsa provident dolorem voluptatum deleniti eum?', 'https://dummyimage.com/477x627/'),
(58, 'Natus doloremque ipsum sit facilis non exercitationem quos perferendis, distinctio iure alias atque beatae sequi aspernatur perspiciatis.', 'https://dummyimage.com/278x304/'),
(59, 'Ex corrupti laudantium quam doloribus unde fugiat molestias rerum, incidunt iusto nulla libero ex itaque, provident esse adipisci rem ullam, alias fuga veniam voluptatibus, quidem eveniet assumenda nulla expedita numquam natus reiciendis corrupti magnam vero?', 'https://dummyimage.com/1000x697/'),
(60, 'Repellat distinctio necessitatibus nobis iusto, dolor mollitia odit aspernatur laudantium quidem accusamus iusto, ipsa sed reprehenderit amet quod odio voluptate sit odit vitae.', 'https://picsum.photos/72/627/'),
(61, 'Ullam dolorem veritatis illum ducimus quidem doloribus soluta possimus, pariatur nobis exercitationem deserunt sequi et natus ut labore incidunt, mollitia ut animi, molestiae facere id accusamus dignissimos corrupti rerum.', 'https://dummyimage.com/1018x120/'),
(62, 'Eos explicabo omnis, totam asperiores nobis eius error enim, eos modi dolore aliquam laborum at, aliquid nam exercitationem labore explicabo dicta repellendus illo incidunt facere consectetur asperiores, ratione mollitia temporibus impedit a earum.', 'https://placekitten.com/336/261/'),
(63, 'Dolore illum ullam necessitatibus quam porro molestias nihil quos omnis sunt iure, quos explicabo est distinctio hic eum possimus harum a?', 'https://picsum.photos/732/758/'),
(64, 'Iusto blanditiis pariatur, vel quidem ratione.', 'https://dummyimage.com/692x71/'),
(65, 'Rerum facere aperiam iure optio voluptatum, atque beatae similique ipsa veniam autem obcaecati suscipit facere nisi inventore, officiis veritatis architecto, beatae velit ea officiis eveniet cumque iste et delectus quisquam optio.', 'https://picsum.photos/1021/984/'),
(66, 'Quo nesciunt doloribus modi, quam quasi mollitia assumenda quo temporibus soluta harum corporis, molestiae blanditiis minus asperiores modi cumque mollitia delectus quibusdam rem qui.', 'https://placekitten.com/644/225/'),
(67, 'Veritatis architecto sed fuga id qui harum cupiditate sunt assumenda, pariatur atque reiciendis rerum nobis laborum amet voluptas, magni optio cupiditate ipsa, molestiae harum aut rerum debitis labore quaerat impedit totam.', 'https://dummyimage.com/587x935/'),
(68, 'Velit officia delectus magni, libero qui repellat expedita soluta dolorum hic, sed ut eum voluptas ipsa aspernatur sapiente minima vitae quidem excepturi culpa?', 'https://dummyimage.com/665x701/'),
(69, 'Voluptatum blanditiis at eius quisquam totam natus repellendus ratione debitis voluptatibus neque, iure vitae ad molestias veniam optio provident necessitatibus?', 'https://placekitten.com/687/275/'),
(70, 'Eveniet minus ab laboriosam aliquid ducimus magnam necessitatibus possimus laudantium, fuga commodi veniam, velit aliquid quos, quis inventore itaque blanditiis?', 'https://placekitten.com/676/107/'),
(71, 'Modi fugit assumenda illum, quaerat dolore quos consectetur necessitatibus perspiciatis, in ab voluptates, nesciunt quas asperiores sit dolor sapiente deserunt ea vitae fugiat, eos animi hic unde?', 'https://placekitten.com/623/91/'),
(72, 'Facere et aperiam delectus libero atque eos cumque rerum laboriosam, dolor eos quasi eligendi quaerat obcaecati, quo dignissimos illo accusamus accusantium molestiae ad esse consectetur harum culpa tempora, quibusdam perferendis reprehenderit?', 'https://dummyimage.com/279x873/'),
(73, 'Eaque illum sequi cupiditate vero nesciunt placeat nobis quas hic maxime, molestias veniam laboriosam voluptates ratione asperiores, sunt id corporis tempore rem minus perferendis error illum delectus odit.', 'https://dummyimage.com/751x948/'),
(74, 'Consequatur dicta perferendis dolores eos similique non aperiam amet, magni natus ullam nobis labore nisi omnis deserunt quod quam, expedita optio deserunt nostrum consequuntur magnam.', 'https://dummyimage.com/871x156/'),
(75, 'Voluptates non commodi impedit unde, quo deleniti necessitatibus possimus molestias voluptate architecto ea dolores repudiandae, eaque voluptatem magnam similique?', 'https://picsum.photos/180/569/'),
(76, 'Iusto voluptatibus quidem vitae ipsum officia omnis tempore fugiat cupiditate accusantium, explicabo fugit aliquam repellat animi distinctio vero maxime, dignissimos nemo nihil sapiente id, quo inventore doloribus porro cupiditate, eligendi laborum sunt?', 'https://dummyimage.com/187x23/'),
(77, 'Eligendi labore optio laudantium porro, veniam sed ullam, placeat mollitia earum doloribus expedita animi?', 'https://dummyimage.com/554x233/'),
(78, 'Tenetur excepturi cumque ad at dolore doloremque aut veritatis ullam sint ducimus, quaerat a reprehenderit iste repellendus laudantium consequatur repellat obcaecati itaque facere numquam, ut quis praesentium facilis illo aliquam harum quae sed facere itaque?', 'https://dummyimage.com/763x4/'),
(79, 'Consectetur perspiciatis dolore mollitia maxime maiores ipsum nesciunt similique, tenetur excepturi ipsa natus amet, debitis ea tempore dolores suscipit corrupti, ipsa aut animi cum omnis reiciendis eaque sint fugit?', 'https://picsum.photos/769/417/'),
(80, 'Pariatur facilis ipsa explicabo cumque dolorem est eveniet recusandae expedita quis, vel totam repudiandae dolore in quos ipsam, at tempora rerum ut consectetur aperiam odit nisi ratione delectus assumenda, aliquam non adipisci qui harum dolorum voluptatibus neque facere itaque perspiciatis optio.', 'https://dummyimage.com/143x713/'),
(81, 'Blanditiis aliquid eligendi nemo culpa velit, nihil veritatis tenetur.', 'https://picsum.photos/583/566/'),
(82, 'Iusto ea quisquam aliquam, temporibus quasi et culpa, ex expedita illum provident veniam ipsa illo?', 'https://picsum.photos/703/869/'),
(83, 'Earum delectus debitis aperiam neque, et accusantium impedit assumenda eum nihil tempore, eos nihil laboriosam esse.', 'https://picsum.photos/999/668/'),
(84, 'Praesentium consectetur obcaecati inventore quo deserunt maxime beatae officiis doloribus vel, voluptates voluptate exercitationem, est quasi eaque, amet distinctio sint commodi reiciendis fugiat quae totam nemo minus maxime, iure illum reiciendis alias quidem dicta natus cupiditate?', 'https://placekitten.com/458/570/'),
(85, 'Ex modi sed facere nesciunt iure architecto error officia, molestiae ea a aliquid numquam minus vero et amet, quas nam laboriosam ad totam saepe voluptates in reprehenderit consectetur molestias voluptatem, officia facere deleniti et doloremque doloribus blanditiis?', 'https://picsum.photos/318/915/'),
(86, 'Dolorum id laboriosam accusantium pariatur consequuntur ipsa itaque dolore consectetur possimus, nulla facere pariatur earum?', 'https://picsum.photos/143/573/'),
(87, 'Sunt voluptatum est deleniti nisi, optio est perspiciatis, alias voluptatum earum adipisci velit quisquam voluptatibus aut eum ex voluptatem, explicabo praesentium aut error similique iure dolor voluptatum autem quisquam assumenda id.', 'https://picsum.photos/326/766/'),
(88, 'Iure nisi ea accusamus reprehenderit odio amet architecto laborum porro, eveniet praesentium quo quod maxime eius ducimus, aperiam doloremque voluptas omnis officiis sunt, possimus ipsum sapiente laudantium animi nobis ducimus, amet officiis aliquam impedit libero odio quas cupiditate eum fugiat voluptatibus debitis.', 'https://picsum.photos/343/378/'),
(89, 'Ad eos cum, quibusdam quia illum ut nostrum sed optio eaque quasi hic, in voluptatem rerum eaque porro officia quis molestias modi quisquam facere consequatur?', 'https://picsum.photos/580/414/'),
(90, 'Deleniti dicta harum nesciunt asperiores ipsa corporis voluptatibus impedit incidunt autem temporibus, temporibus minima commodi quam possimus aliquid eligendi nihil natus ex?', 'https://picsum.photos/136/14/'),
(91, 'Unde distinctio magni quae corporis illum iusto, fugiat perferendis nobis recusandae saepe aliquam eum qui dolorum consequuntur delectus quasi, qui sint fugiat suscipit, accusamus harum tenetur ipsam accusantium vel omnis mollitia corrupti assumenda.', 'https://dummyimage.com/547x631/'),
(92, 'Blanditiis ipsam quam optio tempora voluptatum, molestiae aperiam laboriosam dolor nihil, perferendis quod fuga voluptatem veritatis quo repellat optio recusandae?', 'https://placekitten.com/436/330/'),
(93, 'Tempora ducimus repudiandae vitae voluptatibus temporibus aspernatur voluptates dolores suscipit facilis recusandae, eum voluptatum nesciunt, esse omnis inventore alias ut quaerat pariatur praesentium recusandae, natus animi accusamus ea eveniet assumenda veniam quia vel, corporis maiores similique non totam quidem odit a velit.', 'https://dummyimage.com/914x864/'),
(94, 'Fugiat ea odit molestiae nisi possimus, iste repudiandae totam excepturi asperiores non iure eveniet deserunt, provident facilis aliquid officia quos, rem explicabo veniam officia eum, veritatis sapiente ipsum itaque repudiandae eum nisi.', 'https://placekitten.com/203/347/'),
(95, 'Maxime voluptatibus dolor autem iusto provident atque minima aut, voluptas nesciunt ipsum corporis molestias ipsa amet itaque totam sapiente dolores.', 'https://dummyimage.com/706x613/'),
(96, 'Ab fugit assumenda nemo itaque sapiente accusamus possimus voluptas, quis vel consectetur tempore animi quibusdam nesciunt fugit, quasi numquam optio officiis at, labore officiis culpa iure itaque quis consequatur blanditiis reprehenderit quo facilis, excepturi modi illo laudantium autem quas facilis ipsa soluta numquam placeat?', 'https://placekitten.com/338/1000/'),
(97, 'Consectetur vero voluptate optio ipsa quisquam nam doloribus quod, architecto quasi consequuntur ea in.', 'https://placekitten.com/1023/810/'),
(98, 'Mollitia omnis quibusdam excepturi consequatur quae cupiditate cumque illo dolores fuga, dolorem quaerat aliquam harum consequatur necessitatibus ex nesciunt cumque, inventore iste et unde soluta quam nihil provident aspernatur cum ab nostrum, ratione a perferendis odio quidem ea?', 'https://dummyimage.com/474x134/'),
(99, 'Facere sed similique eveniet error architecto aspernatur facilis, tempore reprehenderit quod natus, odio modi porro.', 'https://picsum.photos/849/638/'),
(100, 'Quasi maiores officia quod incidunt, laudantium ex maxime eveniet temporibus aliquid quaerat necessitatibus at fuga, facilis accusantium doloribus exercitationem officiis, dolore id suscipit expedita, cupiditate temporibus optio.', 'https://dummyimage.com/569x536/');

INSERT INTO `location` (`id`, `address`, `geo_coordinates`, `city`, `country`, `continent`) VALUES
(1, "7291 Elizabeth Plains, South Chelsea, IL 78550", "25.217708,50.480924", "North Tammyland", "Bolivia", "Europe"),
(2, "30922 Garcia Turnpike, North Stacey, NH 52706", "75.116158,-159.596083", "Vazquezmouth", "Trinidad and Tobago", "Europe"),
(3, "895 Erin Roads Suite 326, South Alantown, CO 27161", "8.976641,130.507347", "Taylorville", "Holy See (Vatican City State)", "Europe"),
(4, "106 John Ranch, Stacyport, OH 71247", "3.511659,-125.188765", "Lake Brandy", "Northern Mariana Islands", "North America"),
(5, "754 Michelle Common Apt. 204, Atkinsberg, KS 18168", "-70.582776,165.825230", "Salasmouth", "Tajikistan", "Asia"),
(6, "56220 Ethan Mountain Apt. 946, Ramosberg, NV 21774", "-66.607098,-30.810610", "Lake Josephstad", "Gambia", "South America"),
(7, "166 Travis Brook Suite 669, West Allison, NH 44511", "89.270403,151.931457", "Floresview", "Marshall Islands", "South America"),
(8, "226 Erica Hills, Mooreborough, TX 24946", "89.089913,-44.985745", "North Rebeccaside", "Costa Rica", "South America"),
(9, "5225 Barker Island Suite 967, Mccannborough, RI 46891", "-51.725679,173.179044", "Port Donna", "Burundi", "Oceania"),
(10, "0585 Gregory Spurs, Acostamouth, FL 78421", "61.760854,-102.889969", "Lawrenceland", "Martinique", "Europe"),
(11, "98659 Jamie Trace Suite 660, North Joshua, KY 33026", "68.549894,-38.759275", "Mcintoshfurt", "Ethiopia", "Oceania"),
(12, "75446 Snow Forge, West Dylanfurt, HI 28819", "24.722179,-107.432408", "Marissamouth", "Senegal", "Africa"),
(13, "0082 Shane Corners, Lake Raymondburgh, VT 70470", "-38.992440,167.978032", "Jamesbury", "Bahrain", "Oceania"),
(14, "Unit 1760 Box 7355, DPO AE 10502", "51.855378,113.691695", "West Kimmouth", "Ghana", "South America"),
(15, "0697 Rodriguez Ports, North Mikefurt, SD 86130", "-70.589423,-133.757467", "Donovanbury", "Netherlands", "North America"),
(16, "5501 Lindsay Loop, New Thomas, IN 10885", "-81.997834,-178.897821", "Jacksonberg", "Cameroon", "Asia"),
(17, "6241 Ruth Field, North David, VI 60526", "7.070604,87.003034", "Mendozabury", "Equatorial Guinea", "North America"),
(18, "208 Samantha Trafficway, North Toddstad, NM 39842", "4.875458,-117.815870", "North Jeffrey", "Namibia", "Europe"),
(19, "1540 Travis Flats, Lake Amandamouth, VA 70781", "51.799544,60.835894", "Mitchellborough", "Puerto Rico", "Antarctica"),
(20, "58910 Angela Spring, Belltown, NV 27007", "-84.512724,59.969391", "South Carlborough", "New Caledonia", "South America"),
(21, "835 Buck Garden Suite 328, New Lisa, OR 87776", "19.308159,21.168513", "Lake Michaelborough", "United States of America", "Antarctica"),
(22, "PSC 2439, Box 6921, APO AE 82041", "64.082002,112.560365", "West Patriciabury", "Martinique", "South America"),
(23, "43474 Taylor Harbors, Davidfurt, CA 44227", "-30.913204,79.298163", "West Jose", "Slovenia", "North America"),
(24, "18851 Michael Junction, West Audrey, NJ 86669", "-9.065428,84.719094", "Franciston", "United States Minor Outlying Islands", "Oceania"),
(25, "8118 Nichols Plain, New David, IA 11786", "52.210899,-135.226890", "Rodriguezfurt", "Reunion", "South America");

INSERT INTO `locationPhotos` (`location_id`, `photo`) VALUES
(1,21),
(2,30),
(3,36),
(4,26),
(5,27),
(6,31),
(7,24),
(8,37),
(9,33),
(10,35),
(11,32),
(12,23),
(13,40),
(14,39),
(15,22),
(16,29),
(17,34),
(18,38),
(19,25),
(20,28),
(21,NULL),
(22,NULL),
(23,NULL),
(24,NULL),
(25,NULL);

INSERT INTO `artistband` (`id`, `type`, `name`, `alias`, `birthdate_formation_date`, `website`, `instagram`,`image`) VALUES
(1, 'Band', 'Burns Ltd', 'ethompson1', '1984-02-05', 'http://conley.com/', 'https://www.instagram.com/wsksrcoumkqrnudqlesxegfiqgklkool.net/',5 ),
(2, 'Artist', 'Maria Ochoa', 'stewartmatthew2', '2008-10-28', 'http://www.russell.org/', 'https://www.instagram.com/wdbejmwxa.org/',4 ),
(3, 'Band', 'Combs, Hall and Ruiz', 'brenda963', '2016-09-01', 'https://www.hopkins.biz/', 'https://www.instagram.com/kkuegqabkdvlsmnlbatkmjsvwhlliaimaowwldcishlouyexegiwghjkkto.com/',6 ),
(4, 'Artist', 'Betty Smith', 'robersonmaria4', '1983-09-05', 'https://www.wang.com/', 'https://www.instagram.com/jpvhdlpwcrkbvvsnpovucmvyriov.com/',8 ),
(5, 'Artist', 'Larry Miller', 'michaelclark5', '1985-06-20', 'http://www.cooper.com/', 'https://www.instagram.com/kmvpscuyjivxsrxpgcjjownfjcwjipwlgqcyrqjpnmcenbysasjyehwr.com/',10 ),
(6, 'Artist', 'Tyler Johnson', 'bonnieho6', '2006-02-13', 'http://nguyen.com/', 'https://www.instagram.com/wcvpnaerbrjeddxlwsonfvxr.net/',9 ),
(7, 'Artist', 'Vincent Myers', 'ohall7', '2019-06-10', 'https://www.nunez.biz/', 'https://www.instagram.com/umf.com/',7 ),
(8, 'Band', 'Martin-Baird', 'hbarton8', '1993-12-15', 'https://www.may.org/', 'https://www.instagram.com/yttodadmhgoeuwjdoclylchemqped.com/',2 ),
(9, 'Artist', 'Jason Gonzalez', 'elizabethgriffin9', '1979-08-29', 'http://jones.com/', 'https://www.instagram.com/obpckijiriccgccbysrmhlmtwbsmrdtxvfbmptsramfwf.com/',3 ),
(10, 'Artist', 'Brian Garcia', 'jefferygibson10', '1998-11-28', 'http://butler-brown.net/', 'https://www.instagram.com/cvpsncismqwlpukticywojuxtmjhiksnyyeui.com/',1 ),
(11, 'Artist', 'Mitchell Hale', 'jeremyroman11', '2020-08-23', 'http://jones.com/', 'https://www.instagram.com/uhfdcvnakacknuptsfviplnbnpbrsexcmamklxlfsgruqkercmckwptkykyps.biz/',NULL ),
(12, 'Artist', 'Vanessa Hutchinson MD', 'craigbrandon12', '1994-08-26', 'https://moore-johnson.com/', 'https://www.instagram.com/qfpgicexhoyefdkbtgmspxpwbrjqlx.com/',NULL ),
(13, 'Artist', 'Caroline Lee', 'edwin3113', '1974-06-07', 'https://sosa-beard.biz/', 'https://www.instagram.com/cycbcxokuxrkmvufbjhqourthdnvlxscydvjhxdodo.info/',NULL ),
(14, 'Artist', 'Betty Davis', 'ashleyanderson14', '2015-02-06', 'https://www.murphy.info/', 'https://www.instagram.com/rsxcihbim.org/',NULL ),
(15, 'Artist', 'Michael Johnston', 'sabrinamarshall15', '2018-03-13', 'https://www.reynolds-mcclain.net/', 'https://www.instagram.com/jusalhywxspqdvdjfdksxxiubxaqogrlnhuqgudbntdptbhdewenvuosxwtgsex.com/',NULL ),
(16, 'Band', 'Brown PLC', 'fstuart16', '2001-11-07', 'https://www.thompson.com/', 'https://www.instagram.com/csqpieqfstxvtfpgparfklkdmk.biz/',NULL ),
(17, 'Artist', 'Brian Ortiz', 'angelevans17', '2007-02-23', 'http://www.estes.com/', 'https://www.instagram.com/kyiotxgynhqqocfmnlvwqmeyicybtjjbfrxcs.com/',NULL ),
(18, 'Artist', 'Ryan Schultz', 'andrea3518', '2000-04-14', 'http://www.sutton.com/', 'https://www.instagram.com/garlffoafdj.com/',NULL ),
(19, 'Artist', 'William Shaw', 'susanthompson19', '1993-04-14', 'http://www.murphy.info/', 'https://www.instagram.com/mgloeyigojapjuavkseislsiofotyrkjntdoopefv.net/',NULL ),
(20, 'Artist', 'Barry Bradley', 'daniel3720', '2005-06-06', 'http://www.cohen.com/', 'https://www.instagram.com/vlfqhymaaixmnapcms.biz/',NULL ),
(21, 'Band', 'Trevino, Anderson and Day', 'abigail5621', '1997-12-12', 'http://www.collins-castillo.com/', 'https://www.instagram.com/yoxygrgwvnymxymrrlhawnmeldubcvmfeirfghohqylrgoxcndvulkboeiykf.com/',NULL ),
(22, 'Artist', 'Shelley Payne', 'whill22', '1982-12-15', 'https://velez.com/', 'https://www.instagram.com/kfdw.com/',NULL ),
(23, 'Artist', 'Michael Hawkins', 'laurawong23', '1974-10-17', 'https://payne.biz/', 'https://www.instagram.com/ahkboqhygphmbhwpmlhsjmxytfqrucjwlhuaxectniltjv.org/',NULL ),
(24, 'Artist', 'Garrett Crane', 'qlong24', '1999-08-23', 'https://diaz.com/', 'https://www.instagram.com/oiyfifrcxvklmjanocirckviqct.com/',NULL ),
(25, 'Artist', 'Jacob Stevens', 'camposjessica25', '1977-01-27', 'https://www.gonzalez-brown.com/', 'https://www.instagram.com/xhkbjvruwkytrpryachdqkkc.net/',NULL ),
(26, 'Artist', 'Jason Solis', 'duncanangela26', '2006-10-10', 'http://www.berry.com/', 'https://www.instagram.com/sjfgdrbsuiax.com/',NULL ),
(27, 'Artist', 'David Crawford', 'pnicholson27', '2004-06-14', 'http://brady.com/', 'https://www.instagram.com/fgg.com/',NULL ),
(28, 'Artist', 'Jose Cole', 'omoss28', '1982-05-01', 'https://norris-hernandez.com/', 'https://www.instagram.com/hnepaynpbioqrddfxyefbmdfaxywthqjunoj.net/',NULL ),
(29, 'Artist', 'Melissa Vaughn', 'wallerangel29', '1999-12-19', 'https://www.owens.biz/', 'https://www.instagram.com/ookrlamjrrogkkheltfolcgbvxsifkqdqvcunlalestp.com/',NULL ),
(30, 'Artist', 'Meghan Morris', 'thomasberger30', '1998-09-06', 'https://hawkins.com/', 'https://www.instagram.com/lqketdatunulmwfwda.org/',NULL ),
(31, 'Artist', 'Cindy Blair', 'brownandrea31', '2010-04-25', 'http://www.morales.com/', 'https://www.instagram.com/sbilpwbdspfnytbunwyrjadyjmdppdtwtktnttsxymwobdpwyrhdf.org/',NULL ),
(32, 'Band', 'Smith Ltd', 'calvingonzalez32', '2010-07-08', 'http://www.lawrence-ramos.org/', 'https://www.instagram.com/xxavrldusvjbixafiwmybetgvffngjdwxgvefokrlme.com/',NULL ),
(33, 'Artist', 'James Parker', 'jennifer7933', '1985-12-18', 'https://mccoy.biz/', 'https://www.instagram.com/xsiwegvhbnscdomkcnaqviccbmafrtydcrwmuvyabxwjpvteusqxu.com/',NULL ),
(34, 'Band', 'Bates, Bell and Tapia', 'johnking34', '2009-04-13', 'http://anderson.com/', 'https://www.instagram.com/omugsyyppyqpconkojdef.com/',NULL ),
(35, 'Artist', 'Laura Duncan', 'pmcfarland35', '1972-04-04', 'https://www.campbell-rubio.com/', 'https://www.instagram.com/hpbvbrlaebgsciwysymwphuppqvtcweaegwbslmsrfye.biz/',NULL ),
(36, 'Artist', 'Mercedes Preston', 'butlerandrew36', '1984-01-17', 'https://smith.com/', 'https://www.instagram.com/gppgimlfst.com/',NULL ),
(37, 'Artist', 'Seth Pugh', 'andrea9037', '1972-09-15', 'https://www.ellis-delacruz.com/', 'https://www.instagram.com/qpdoustpylpnowhcduyfotbsmbbmbdnjmkydvjuqfbgyvtusmgofmtlnjpeqfs.com/',NULL ),
(38, 'Band', 'Gutierrez Inc', 'nataliebarnes38', '1992-05-20', 'https://www.adams-hicks.com/', 'https://www.instagram.com/dfnluyrnqxaoxuosscbrqmcmqssuvakaskjovojcrywbmtvtsqxsupimkcvo.org/',NULL ),
(39, 'Artist', 'Robert Medina', 'matthew2539', '1997-10-05', 'https://hill.com/', 'https://www.instagram.com/eyfquamioaqtguimcjxufehvswvakhcrfxvplvrfca.com/',NULL ),
(40, 'Artist', 'Kurt Vega', 'edwardphillips40', '2019-08-20', 'http://www.price.info/', 'https://www.instagram.com/orwrwsyjvlxifcwwmyuqwunckperfwcmigefymgbntlywqfdlbyqclfmc.info/',NULL ),
(41, 'Artist', 'Brian Dean', 'brittneysimpson41', '1995-02-07', 'https://www.estrada.com/', 'https://www.instagram.com/taxn.info/',NULL ),
(42, 'Artist', 'Katrina Mendez', 'john3142', '2000-07-28', 'https://may-hood.com/', 'https://www.instagram.com/bkowecfyjvaaqic.com/',NULL ),
(43, 'Artist', 'Joshua Ochoa', 'bobby3043', '2012-10-17', 'https://boyd.com/', 'https://www.instagram.com/dowutpyskumgidrbuognrhso.com/',NULL ),
(44, 'Artist', 'Nathan Burnett', 'josephgarrett44', '2000-01-04', 'https://johnson.com/', 'https://www.instagram.com/tnloaicnjdiixupaktotedfrpckem.org/',NULL ),
(45, 'Artist', 'Joseph Ball', 'sosajames45', '1996-01-28', 'https://www.davis.net/', 'https://www.instagram.com/jprcifnxjrukrppevtyctguemclxohymfjvbbsf.com/',NULL ),
(46, 'Artist', 'Karen Wilson', 'ymccullough46', '1971-03-03', 'https://www.jefferson.com/', 'https://www.instagram.com/eriuebvlukvalfphqwrmvbdtacfpavlxlu.com/',NULL ),
(47, 'Band', 'Brewer PLC', 'longbrandy47', '2006-12-30', 'https://dixon-gomez.biz/', 'https://www.instagram.com/qkuituchaakuanofjbeswwjgoswunvaoylclgfumfdbjgmtekocsatygbbln.com/',NULL ),
(48, 'Band', 'Griffin Inc', 'matthew0648', '1991-07-27', 'https://www.james.com/', 'https://www.instagram.com/rdiihdwncloaqujldpelmpammruxiatgnkevdxyed.com/',NULL ),
(49, 'Artist', 'Stephanie Moon', 'james2449', '1982-08-30', 'http://www.brown.com/', 'https://www.instagram.com/buvtksvrtyiigspghgtvlbsohvtcvaoyntieudddjdpjfeldsdwt.com/',NULL ),
(50, 'Artist', 'Donna Burke', 'jessicakent50', '1973-12-30', 'http://www.anderson.com/', 'https://www.instagram.com/ai.info/',NULL ),
(51, 'Artist', 'William Nguyen', 'meredithmatthews51', '1975-05-26', 'http://www.cochran.com/', 'https://www.instagram.com/dethjh.com/',NULL ),
(52, 'Band', 'Daniels, Green and Nichols', 'travis3852', '1982-05-12', 'http://anderson.com/', 'https://www.instagram.com/ungsyohtsqbiwuuvaewxxlc.com/',NULL ),
(53, 'Artist', 'Tonya Carter', 'deniselester53', '2011-07-02', 'https://www.hicks.net/', 'https://www.instagram.com/qpfupuvtxnpnxbmcrkmuwksuqiqpu.org/',NULL ),
(54, 'Artist', 'Calvin Zamora', 'kimberlywaters54', '1983-05-03', 'http://burns-hopkins.com/', 'https://www.instagram.com/ujooalb.com/',NULL ),
(55, 'Artist', 'Gina Brown', 'fordmartha55', '2006-06-28', 'http://www.fox-jimenez.org/', 'https://www.instagram.com/iyxarwbaqjerequnvpmamnvgw.com/',NULL ),
(56, 'Artist', 'Todd Maynard', 'williamsjacqueline56', '2011-08-08', 'https://www.lucero.org/', 'https://www.instagram.com/baskcoeognicrmmdochhohjuvwlpbljcogmpssqqtvornvqyynexajhkbsf.com/',NULL ),
(57, 'Artist', 'Kayla Gray', 'walkerkelly57', '1999-05-18', 'https://www.washington.com/', 'https://www.instagram.com/klhjsnikxfheogfnnbxh.com/',NULL ),
(58, 'Artist', 'Katherine Cole', 'jared5458', '1981-05-05', 'http://dennis.com/', 'https://www.instagram.com/pafsjhqvxkkidvb.com/',NULL ),
(59, 'Artist', 'Danielle Melton', 'hollyolsen59', '2014-06-24', 'https://peters.info/', 'https://www.instagram.com/ppdcw.net/',NULL ),
(60, 'Band', 'Moore-Wilson', 'rebeccawebb60', '2009-12-22', 'https://www.miranda.com/', 'https://www.instagram.com/ddtcnfjslcinykaqoxef.com/',NULL );

INSERT INTO `genre` (`id`, `genre_name`, `parent_genre`) VALUES
(1, 'Rock', NULL),
(2, 'Hard Rock', 'Rock'),
(3, 'Progressive Rock', 'Rock'),
(4, 'Punk Rock', 'Rock'),
(5, 'Jazz', NULL),
(6, 'Smooth Jazz', 'Jazz'),
(7, 'Bebop', 'Jazz'),
(8, 'Electronic', NULL),
(9, 'House', 'Electronic'),
(10, 'Techno', 'Electronic'),
(11, 'Pop', NULL),
(12, 'K-Pop', 'Pop'),
(13, 'Electropop', 'Pop'),
(14, 'Metal', NULL),
(15, 'Heavy Metal', 'Metal'),
(16, 'Black Metal', 'Metal'),
(17, 'Classical', NULL),
(18, 'Baroque', 'Classical'),
(19, 'Romantic', 'Classical');

INSERT INTO `artist_band_genre` (`artist_band_id`, `genre_id`) VALUES
(1, 13),
(2, 17),
(3, 9),
(4, 3),
(5, 9),
(6, 10),
(7, 15),
(8, 2),
(9, 11),
(10, 8),
(11, 4),
(12, 17),
(13, 19),
(14, 11),
(15, 2),
(16, 2),
(17, 1),
(18, 17),
(19, 13),
(20, 1),
(21, 11),
(22, 15),
(23, 13),
(24, 18),
(25, 18),
(26, 2),
(27, 14),
(28, 5),
(29, 16),
(30, 1),
(31, 13),
(32, 12),
(33, 17),
(34, 12),
(35, 4),
(36, 12),
(37, 15),
(38, 1),
(39, 8),
(40, 19),
(41, 9),
(42, 8),
(43, 13),
(44, 14),
(45, 14),
(46, 7),
(47, 10),
(48, 7),
(49, 4),
(50, 19),
(51, 6),
(52, 3),
(53, 13),
(54, 10),
(55, 5),
(56, 14),
(57, 4),
(58, 8),
(59, 4),
(60, 16);

INSERT INTO `memberof` (`artist_id`, `band_id`, `join_date`, `leave_date`,`role`) VALUES
(6, 1, '2011-07-18', NULL, 'Vocalist'),
(10, 1, '1994-02-18', NULL, 'Piano'),
(18, 1, '1995-05-31', NULL, 'Guitarist'),
(27, 1, '1987-11-30', '1990-02-03', 'Piano'),
(40, 1, '1989-06-12', '2006-06-01', 'Drummer'),
(43, 1, '1994-04-08', NULL, 'Guitarist'),
(55, 1, '1991-02-17', NULL, 'Violin'),
(6, 3, '2019-05-27', NULL, 'Vocalist'),
(12, 3, '2017-11-01', '2020-01-29', 'Bass'),
(24, 3, '2020-07-01', '2020-09-10', 'Piano'),
(40, 3, '2016-06-11', NULL, 'Bass'),
(28, 8, '2004-07-08', NULL, 'Vocalist'),
(45, 8, '1997-04-08', '2017-01-07', 'Guitarist'),
(58, 8, '2019-05-15', NULL, 'Violin'),
(14, 16, '2015-05-31', '2024-01-11', 'Piano'),
(18, 16, '2009-03-03', NULL, 'Piano'),
(27, 16, '2020-11-18', '2024-10-04', 'Piano'),
(36, 16, '2002-08-13', NULL, 'Violin'),
(42, 16, '2006-07-29', NULL, 'Piano'),
(10, 21, '2014-08-27', NULL, 'Bass'),
(12, 21, '2005-11-09', NULL, 'Piano'),
(30, 21, '2015-11-04', NULL, 'Guitarist'),
(24, 32, '2019-06-04', NULL, 'Violin'),
(44, 32, '2011-06-15', NULL, 'Drummer'),
(55, 32, '2012-06-23', NULL, 'Vocalist'),
(17, 34, '2011-07-26', NULL, 'Drummer'),
(39, 34, '2017-05-17', NULL, 'Drummer'),
(49, 34, '2020-07-06', NULL, 'Vocalist'),
(51, 34, '2018-03-15', '2020-03-17', 'Guitarist'),
(2, 38, '2013-08-22', '2013-11-03', 'Drummer'),
(4, 38, '2005-04-21', NULL, 'Drummer'),
(12, 38, '2003-07-12', NULL, 'Guitarist'),
(18, 38, '2018-12-30', NULL, 'Bass'),
(31, 38, '1994-07-31', NULL, 'Guitarist'),
(40, 38, '2000-07-12', NULL, 'Vocalist'),
(43, 38, '2011-03-21', '2011-11-21', 'Vocalist'),
(53, 38, '2003-10-19', '2013-02-15', 'Piano'),
(55, 38, '2001-07-01', NULL, 'Piano'),
(18, 47, '2006-03-23', NULL, 'Vocalist'),
(23, 47, '2018-04-27', NULL, 'Bass'),
(53, 47, '2010-03-26', '2010-08-05', 'Bass'),
(54, 47, '2012-07-23', '2025-02-10', 'Violin'),
(55, 47, '2008-05-07', NULL, 'Vocalist'),
(31, 48, '2019-08-10', '2023-04-27', 'Violin'),
(42, 48, '1995-09-28', NULL, 'Guitarist'),
(45, 48, '2003-01-16', '2003-03-22', 'Piano'),
(50, 48, '1999-10-03', NULL, 'Vocalist'),
(40, 52, '1987-05-27', NULL, 'Guitarist'),
(53, 52, '2013-07-14', NULL, 'Bass'),
(2, 60, '2019-06-20', NULL, 'Guitarist'),
(4, 60, '2010-07-11', NULL, 'Guitarist'),
(5, 60, '2012-10-31', '2016-02-16', 'Piano'),
(20, 60, '2010-03-16', NULL, 'Vocalist'),
(24, 60, '2017-08-05', NULL, 'Vocalist'),
(28, 60, '2012-02-17', NULL, 'Vocalist'),
(35, 60, '2014-09-23', NULL, 'Drummer'),
(37, 60, '2016-01-26', '2021-08-06', 'Guitarist'),
(43, 60, '2010-03-31', '2017-06-23', 'Guitarist'),
(58, 60, '2018-10-28', '2018-11-08', 'Guitarist');

INSERT INTO `festival` (`year`, `start_date`, `end_date`, `location_id`, `poster`) VALUES
(2015, '2015-08-18','2015-08-22', 3, 19),
(2016, '2016-03-28','2016-04-01', 11, 18),
(2017, '2017-05-24','2017-05-25', 21, 17),
(2018, '2018-11-03','2018-11-10', 23, 12),
(2019, '2019-10-18','2019-10-24', 14, 15),
(2020, '2020-11-02','2020-11-06', 12, 14),
(2021, '2021-07-03','2021-07-10', 16, 20),
(2022, '2022-12-04','2022-12-05', 17, 13),
(2023, '2023-06-10','2023-06-12', 19, 11),
(2024, '2024-12-24','2024-12-28', 10, 16);

INSERT INTO `event` (`id`, `festival_year`, `name`, `event_date`, `start_time`, `end_time`, `poster`) VALUES
(1, '2015','thomas94', '2015-08-18', '2015-08-18 19:21:10','2015-08-19 01:21:10', 66),
(2, '2015','garciastephanie', '2015-08-18', '2015-08-18 18:59:35','2015-08-19 06:59:35', 67),
(3, '2015','williamjohnson', '2015-08-18', '2015-08-18 09:50:36','2015-08-18 21:50:36', 70),
(4, '2015','donald51', '2016-03-28', '2016-03-28 18:04:49','2016-03-29 00:04:49', 61),
(5, '2016','nmendoza', '2016-03-28', '2016-03-28 00:26:39','2016-03-28 06:26:39', 69),
(6, '2016','larafrederick', '2016-03-28', '2016-03-28 09:29:52','2016-03-28 18:29:52', 64),
(7, '2016','matthewwilliams', '2016-03-28', '2016-03-28 03:18:29','2016-03-28 06:18:29', 68),
(8, '2016','kingcheryl', '2017-05-24', '2017-05-24 02:30:42','2017-05-24 14:30:42', 63),
(9, '2017','brittany63', '2017-05-24', '2017-05-24 10:32:11','2017-05-24 13:32:11', 65),
(10, '2017','jessicaesparza', '2017-05-24', '2017-05-24 05:45:21','2017-05-24 11:45:21', 62),
(11, '2017','ymejia', '2017-05-24', '2017-05-24 21:25:27','2017-05-25 00:25:27', NULL),
(12, '2017','gabriel34', '2018-11-03', '2018-11-03 03:35:04','2018-11-03 15:35:04', NULL),
(13, '2018','rhampton', '2018-11-03', '2018-11-03 14:51:20','2018-11-03 23:51:20', NULL),
(14, '2018','morgantammy', '2018-11-03', '2018-11-03 16:30:10','2018-11-04 04:30:10', NULL),
(15, '2018','rachel57', '2018-11-03', '2018-11-03 22:56:18','2018-11-04 07:56:18', NULL),
(16, '2018','cohenalicia', '2019-10-18', '2019-10-18 06:15:06','2019-10-18 15:15:06', NULL),
(17, '2019','woodarddavid', '2019-10-18', '2019-10-18 01:33:02','2019-10-18 10:33:02', NULL),
(18, '2019','ychapman', '2019-10-18', '2019-10-18 14:01:18','2019-10-19 02:01:18', NULL),
(19, '2019','chambersshelly', '2019-10-18', '2019-10-18 05:26:11','2019-10-18 17:26:11', NULL),
(20, '2019','eparsons', '2020-11-02', '2020-11-02 23:55:13','2020-11-03 08:55:13', NULL),
(21, '2020','jdavis', '2020-11-02', '2020-11-02 23:37:51','2020-11-03 02:37:51', NULL),
(22, '2020','edixon', '2020-11-02', '2020-11-02 07:37:28','2020-11-02 13:37:28', NULL),
(23, '2020','leonarddennis', '2020-11-02', '2020-11-02 22:39:08','2020-11-03 07:39:08', NULL),
(24, '2020','oconnorangel', '2021-07-03', '2021-07-03 09:25:47','2021-07-03 15:25:47', NULL),
(25, '2021','stephanie27', '2021-07-03', '2021-07-03 00:09:09','2021-07-03 09:09:09', NULL),
(26, '2021','johnsoncharles', '2021-07-03', '2021-07-03 11:07:56','2021-07-03 20:07:56', NULL),
(27, '2021','solson', '2021-07-03', '2021-07-03 04:42:30','2021-07-03 10:42:30', NULL),
(28, '2021','andrew12', '2022-12-04', '2022-12-04 22:10:28','2022-12-05 10:10:28', NULL),
(29, '2022','alexis63', '2022-12-04', '2022-12-04 06:49:43','2022-12-04 18:49:43', NULL),
(30, '2022','randallmoore', '2022-12-04', '2022-12-04 02:36:19','2022-12-04 14:36:19', NULL);

INSERT INTO `venue` (`id`, `name`, `description`, `max_capacity`, `technical_requirements`, `photo`) VALUES
(1, 'Mathis View','Mollitia dolorum ex sint dolore aspernatur porro, nobis cupiditate unde harum natus esse atque officiis dignissimos voluptatibus quaerat amet, omnis quaerat magnam, officia doloribus optio vero fugiat quaerat molestias facilis, voluptatibus consequatur maiores temporibus error minima velit unde est dicta.', 258, 'Microphones,Speakers,Stage Lights', 51),
(2, 'Nina Centers','Doloribus quisquam nemo, rerum totam libero unde debitis placeat molestiae sint quos.', 105, 'Microphones,Stage Lights,Speakers,Microphones,Microphones', 45),
(3, 'Andrea Ranch','Labore reprehenderit itaque, nemo ipsam qui delectus quisquam deleniti, magnam impedit nulla eveniet incidunt maxime molestias accusamus a, eum ab vitae libero, error veniam corporis necessitatibus quo eum nemo maxime.', 232, 'Speakers,Sound Systems', 41),
(4, 'Carrie Dale','Numquam dolorem architecto magnam ducimus qui sint quas dolores minima obcaecati, ratione id quas ad vitae est, ut ipsa similique optio, vel dicta quia quam animi eius sit illo amet non distinctio numquam?', 257, 'Microphones', 54),
(5, 'William Inlet','Maiores consequatur cumque ut maxime porro nam excepturi quae harum, ad amet officia animi nulla, quas maiores quibusdam vero accusamus iusto culpa ullam cum autem?', 241, 'Microphones,Sound Systems,Speakers,Special Effects,Microphones', 49),
(6, 'Valerie Creek','Nam nihil fuga dolores harum nemo numquam id accusamus placeat, nemo ut sapiente sunt molestias cum praesentium corporis pariatur voluptatum in, aliquam adipisci hic ex tempore reprehenderit facere autem labore sequi nostrum quae, voluptatibus doloremque inventore delectus adipisci vero modi quibusdam temporibus impedit dolor.', 249, 'Sound Systems,Stage Lights,Speakers,Speakers,Microphones', 44),
(7, 'Richard Rapids','Fuga perspiciatis rerum amet animi, praesentium vero a quas pariatur quo rem magni quis, amet sunt sed voluptatum in libero qui veniam optio quos, dolor quia iusto?', 154, 'Speakers,Speakers,Microphones,Special Effects,Stage Lights', 52),
(8, 'Lisa Loop','Voluptate maxime provident nulla excepturi voluptas aliquid amet vero praesentium vel, placeat exercitationem eos voluptas doloribus, vero repellendus cumque, iste accusantium sequi ad repellendus minus?', 306, 'Speakers,Speakers,Sound Systems,Sound Systems', 58),
(9, 'Ware Manor','Maxime tempore quidem reprehenderit impedit totam maiores temporibus id, id provident odit molestiae officiis temporibus eligendi optio est, inventore placeat quidem, modi quisquam molestias praesentium odit optio deserunt aspernatur aperiam aliquam consequuntur, nihil dolor necessitatibus facere similique accusantium.', 301, 'Speakers,Sound Systems', 42),
(10, 'Suzanne Fields','Qui ex officia quod accusantium, sed facere iure obcaecati consectetur odit similique numquam rem quis ex.', 114, 'Speakers,Microphones,Special Effects', 56),
(11, 'Barker Vista','Esse atque perspiciatis tenetur, rem eos distinctio obcaecati neque facilis pariatur voluptatum, doloremque dicta labore hic consequatur ullam quae ad, nobis a explicabo ducimus, vero voluptatum qui accusamus assumenda dolor sequi?', 335, 'Microphones,Microphones,Speakers,Speakers', 43),
(12, 'Mcdonald Loaf','Natus perspiciatis at iusto velit modi aperiam, earum tempora sed culpa inventore animi esse iusto tenetur assumenda tempore, dolore id accusamus rerum ab ut consequatur sunt assumenda optio illum neque, fugit minus unde temporibus dignissimos nisi ipsa hic minima assumenda consectetur eum?', 338, 'Speakers,Microphones,Speakers,Stage Lights', 57),
(13, 'Bryant Loop','Quasi quas earum illum dolores aperiam veniam, voluptas asperiores eaque corrupti provident iure, pariatur voluptates obcaecati consectetur nihil quos at odio error nobis nostrum, non ipsam quibusdam sequi modi.', 156, 'Special Effects,Speakers', 55),
(14, 'Amber Meadow','Perspiciatis praesentium molestiae similique sapiente laboriosam tempora perferendis repellat dolor quibusdam, doloremque suscipit repellat tenetur aperiam at molestiae quos ex sint dolores autem, hic doloremque dolor inventore praesentium quae a sapiente consequatur voluptates odit, quam cum error aliquid dolor illo blanditiis, provident porro quod nisi reiciendis illum maiores explicabo?', 251, 'Speakers,Sound Systems', 47),
(15, 'Wilson Plaza','A earum ex tempora natus nisi fugit, repellendus quisquam amet aperiam ad culpa nesciunt commodi cupiditate fugiat, perspiciatis ratione odit laborum, dolores sit nostrum alias velit, eveniet voluptates laborum qui ea temporibus aliquid unde quasi eum sed?', 214, 'Speakers,Stage Lights,Microphones,Sound Systems,Stage Lights', 46),
(16, 'Hunter Lodge','Vel impedit saepe, fugiat aliquid inventore impedit quaerat cumque ab ipsa molestias at atque temporibus.', 319, 'Speakers,Microphones,Microphones,Stage Lights,Speakers', 60),
(17, 'George Orchard','Quasi nulla doloremque esse voluptatum, pariatur aliquid non minima alias magni deleniti eum ipsam unde laboriosam iure, praesentium culpa quos nesciunt vero voluptatibus id necessitatibus laudantium.', 309, 'Speakers', 59),
(18, 'Brandi Prairie','Dolorum quasi numquam ipsum eligendi enim cum laudantium sit suscipit quos, sit dolorem delectus dignissimos ipsa minus iusto quo totam officiis, quod harum dicta architecto eligendi suscipit dolore nulla itaque, et voluptatibus dolore laborum est.', 266, 'Special Effects,Speakers,Speakers', 48),
(19, 'Hunt Highway','Doloremque optio voluptas inventore veniam unde dolor, sit modi dolorem, perspiciatis eius quos ipsam.', 135, 'Microphones,Microphones,Microphones,Speakers,Speakers', 50),
(20, 'Cody Path','Repellat voluptatibus optio officiis dicta alias accusamus ipsam iure nisi, quis sapiente nostrum vitae autem eius molestiae sunt, consequatur inventore molestiae nulla ipsa?', 331, 'Microphones', 53),
(21, 'Ryan Summit','Id ratione voluptatum, ipsam illo temporibus voluptas eos repudiandae et laborum quae ea autem distinctio, in hic culpa natus dolorum dolor?', 248, 'Microphones,Special Effects,Microphones,Microphones,Microphones', NULL),
(22, 'Ortega Shoals','Consequuntur ipsam tempore ea quae fuga eos odio sed ut, aliquam vel distinctio ipsum quaerat culpa placeat repudiandae reprehenderit at fugit, officia ullam sunt odit dicta at quas voluptas consectetur corporis perferendis?', 162, 'Microphones,Microphones,Microphones,Microphones,Special Effects', NULL),
(23, 'Vaughan Mews','Quam officia optio alias tenetur a sequi, tempora placeat itaque accusantium minima quibusdam atque corporis perferendis inventore consectetur quo, animi dignissimos ullam assumenda numquam molestias rerum veniam?', 134, 'Speakers,Special Effects,Speakers,Microphones', NULL),
(24, 'Douglas Trace','Sequi fuga quisquam ipsum omnis eveniet quos, consequuntur cumque exercitationem voluptatem necessitatibus, nisi iure voluptatem, optio voluptatem beatae.', 192, 'Microphones,Special Effects,Sound Systems,Speakers,Microphones', NULL),
(25, 'Michael Spur','Cum earum qui hic commodi, mollitia dolorem amet minus quas neque quis cupiditate a, nisi temporibus voluptatum asperiores quisquam harum molestiae voluptate voluptates similique maxime?', 254, 'Stage Lights,Microphones,Stage Lights,Speakers', NULL),
(26, 'Katherine Radial','Ipsum hic tempora perspiciatis, dolore hic repellat molestiae necessitatibus aliquam voluptate ipsum.', 190, 'Microphones,Sound Systems,Microphones', NULL),
(27, 'Kristen Ramp','Quidem praesentium sint consectetur inventore necessitatibus ratione voluptates possimus dolores cum, omnis neque molestiae numquam alias nulla aliquam voluptatum quod, veritatis vero natus officia esse atque consequuntur est dolore, beatae illum similique, sed ut reprehenderit a dolor excepturi voluptate tempora.', 315, 'Microphones,Microphones,Special Effects', NULL),
(28, 'Rachel Knoll','Doloremque aliquam dolores ad, consectetur quidem quia voluptatem, assumenda placeat ipsum quos, est minima saepe reprehenderit debitis accusantium impedit illo doloremque iste, dignissimos atque quia inventore et ipsam facere?', 332, 'Microphones,Speakers', NULL),
(29, 'Owens Parkway','Ducimus corrupti distinctio quasi quia minus minima voluptatibus, mollitia ratione fuga aliquam ut ipsa veniam qui veritatis animi laborum deserunt, optio doloremque quae dignissimos alias cupiditate quam similique sequi, reprehenderit quidem quia assumenda inventore amet fugiat provident necessitatibus, eveniet eaque reiciendis in consequatur consectetur voluptatum natus voluptas quae?', 252, 'Sound Systems,Speakers,Speakers,Microphones,Stage Lights', NULL),
(30, 'Darrell Square','Doloremque atque inventore officiis id deserunt aspernatur, quas nulla laudantium aut?', 143, 'Stage Lights,Stage Lights,Microphones,Stage Lights', NULL);

INSERT INTO `event_venue` (`event_id`, `venue_id`) VALUES
(1, 1),
(2, 29),
(3, 24),
(4, 23),
(5, 19),
(6, 4),
(7, 21),
(8, 10),
(9, 13),
(10, 17),
(11, 25),
(12, 7),
(13, 4),
(14, 19),
(15, 8),
(16, 19),
(17, 25),
(18, 28),
(19, 16),
(20, 19),
(21, 29),
(22, 13),
(23, 7),
(24, 1),
(25, 10),
(26, 22),
(27, 7),
(28, 11),
(29, 16),
(30, 29);

INSERT INTO `performance` (`id`, `event_id`, `venue_id`, `performance_type`, `start_time`, `duration`, `sequence_number`, `break_duration`) VALUES
(1, 1, 1, 'warm up', '2015-08-18 19:21:10', '0:35:51.428571', '1', '0:22:00'),
(2, 1, 1, 'Special guest', '2015-08-18 20:19:01.428571', '0:35:51.428571', '2', '0:10:00'),
(3, 1, 1, 'headline', '2015-08-18 21:04:52.857142', '0:35:51.428571', '3', '0:25:00'),
(4, 1, 1, 'other', '2015-08-18 22:05:44.285713', '0:35:51.428571', '4', '0:18:00'),
(5, 1, 1, 'Special guest', '2015-08-18 22:59:35.714284', '0:35:51.428571', '5', '0:11:00'),
(6, 1, 1, 'other', '2015-08-18 23:46:27.142855', '0:35:51.428571', '6', '0:13:00'),
(7, 1, 1, 'headline', '2015-08-19 00:35:18.571426', '0:35:51.428571', '7', '0:10:00'),
(8, 2, 29, 'warm up', '2015-08-18 18:59:35', '2:01:48', '1', '0:27:00'),
(9, 2, 29, 'Special guest', '2015-08-18 21:28:23', '2:01:48', '2', '0:29:00'),
(10, 2, 29, 'Special guest', '2015-08-18 23:59:11', '2:01:48', '3', '0:12:00'),
(11, 2, 29, 'Special guest', '2015-08-19 02:12:59', '2:01:48', '4', '0:25:00'),
(12, 2, 29, 'Special guest', '2015-08-19 04:39:47', '2:01:48', '5', '0:18:00'),
(13, 3, 24, 'warm up', '2015-08-18 09:50:36', '1:45:30', '1', '0:13:00'),
(14, 3, 24, 'other', '2015-08-18 11:49:06', '1:45:30', '2', '0:21:00'),
(15, 3, 24, 'other', '2015-08-18 13:55:36', '1:45:30', '3', '0:09:00'),
(16, 3, 24, 'Special guest', '2015-08-18 15:50:06', '1:45:30', '4', '0:12:00'),
(17, 3, 24, 'headline', '2015-08-18 17:47:36', '1:45:30', '5', '0:22:00'),
(18, 3, 24, 'headline', '2015-08-18 19:55:06', '1:45:30', '6', '0:10:00'),
(19, 4, 23, 'warm up', '2016-03-28 18:04:49', '0:51:12', '1', '0:22:00'),
(20, 4, 23, 'other', '2016-03-28 19:18:01', '0:51:12', '2', '0:22:00'),
(21, 4, 23, 'Special guest', '2016-03-28 20:31:13', '0:51:12', '3', '0:27:00'),
(22, 4, 23, 'other', '2016-03-28 21:49:25', '0:51:12', '4', '0:20:00'),
(23, 4, 23, 'Special guest', '2016-03-28 23:00:37', '0:51:12', '5', '0:13:00'),
(24, 5, 19, 'warm up', '2016-03-28 00:26:39', '0:54:24', '1', '0:14:00'),
(25, 5, 19, 'other', '2016-03-28 01:35:03', '0:54:24', '2', '0:13:00'),
(26, 5, 19, 'Special guest', '2016-03-28 02:42:27', '0:54:24', '3', '0:06:00'),
(27, 5, 19, 'headline', '2016-03-28 03:42:51', '0:54:24', '4', '0:30:00'),
(28, 5, 19, 'other', '2016-03-28 05:07:15', '0:54:24', '5', '0:25:00'),
(29, 6, 4, 'warm up', '2016-03-28 09:29:52', '1:00:34.285714', '1', '0:22:00'),
(30, 6, 4, 'headline', '2016-03-28 10:52:26.285714', '1:00:34.285714', '2', '0:05:00'),
(31, 6, 4, 'Special guest', '2016-03-28 11:58:00.571428', '1:00:34.285714', '3', '0:15:00'),
(32, 6, 4, 'other', '2016-03-28 13:13:34.857142', '1:00:34.285714', '4', '0:16:00'),
(33, 6, 4, 'Special guest', '2016-03-28 14:30:09.142856', '1:00:34.285714', '5', '0:17:00'),
(34, 6, 4, 'headline', '2016-03-28 15:47:43.428570', '1:00:34.285714', '6', '0:30:00'),
(35, 6, 4, 'other', '2016-03-28 17:18:17.714284', '1:00:34.285714', '7', '0:11:00'),
(36, 7, 21, 'warm up', '2016-03-28 03:18:29', '0:12:10', '1', '0:08:00'),
(37, 7, 21, 'other', '2016-03-28 03:38:39', '0:12:10', '2', '0:10:00'),
(38, 7, 21, 'Special guest', '2016-03-28 04:00:49', '0:12:10', '3', '0:29:00'),
(39, 7, 21, 'other', '2016-03-28 04:41:59', '0:12:10', '4', '0:24:00'),
(40, 7, 21, 'other', '2016-03-28 05:18:09', '0:12:10', '5', '0:08:00'),
(41, 7, 21, 'headline', '2016-03-28 05:38:19', '0:12:10', '6', '0:28:00'),
(42, 8, 10, 'warm up', '2017-05-24 02:30:42', '1:26:51.428571', '1', '0:13:00'),
(43, 8, 10, 'other', '2017-05-24 04:10:33.428571', '1:26:51.428571', '2', '0:16:00'),
(44, 8, 10, 'other', '2017-05-24 05:53:24.857142', '1:26:51.428571', '3', '0:10:00'),
(45, 8, 10, 'Special guest', '2017-05-24 07:30:16.285713', '1:26:51.428571', '4', '0:22:00'),
(46, 8, 10, 'headline', '2017-05-24 09:19:07.714284', '1:26:51.428571', '5', '0:25:00'),
(47, 8, 10, 'Special guest', '2017-05-24 11:10:59.142855', '1:26:51.428571', '6', '0:18:00'),
(48, 8, 10, 'other', '2017-05-24 12:55:50.571426', '1:26:51.428571', '7', '0:08:00'),
(49, 9, 13, 'warm up', '2017-05-24 10:32:11', '0:22:12', '1', '0:09:00'),
(50, 9, 13, 'headline', '2017-05-24 11:03:23', '0:22:12', '2', '0:19:00'),
(51, 9, 13, 'other', '2017-05-24 11:44:35', '0:22:12', '3', '0:13:00'),
(52, 9, 13, 'other', '2017-05-24 12:19:47', '0:22:12', '4', '0:09:00'),
(53, 9, 13, 'other', '2017-05-24 12:50:59', '0:22:12', '5', '0:19:00'),
(54, 10, 17, 'warm up', '2017-05-24 05:45:21', '0:33:17.142857', '1', '0:25:00'),
(55, 10, 17, 'other', '2017-05-24 06:43:38.142857', '0:33:17.142857', '2', '0:30:00'),
(56, 10, 17, 'headline', '2017-05-24 07:46:55.285714', '0:33:17.142857', '3', '0:07:00'),
(57, 10, 17, 'Special guest', '2017-05-24 08:27:12.428571', '0:33:17.142857', '4', '0:18:00'),
(58, 10, 17, 'Special guest', '2017-05-24 09:18:29.571428', '0:33:17.142857', '5', '0:06:00'),
(59, 10, 17, 'other', '2017-05-24 09:57:46.714285', '0:33:17.142857', '6', '0:27:00'),
(60, 10, 17, 'other', '2017-05-24 10:58:03.857142', '0:33:17.142857', '7', '0:14:00'),
(61, 11, 25, 'warm up', '2017-05-24 21:25:27', '0:07:08.571429', '1', '0:21:00'),
(62, 11, 25, 'other', '2017-05-24 21:53:35.571429', '0:07:08.571429', '2', '0:10:00'),
(63, 11, 25, 'headline', '2017-05-24 22:10:44.142858', '0:07:08.571429', '3', '0:28:00'),
(64, 11, 25, 'headline', '2017-05-24 22:45:52.714287', '0:07:08.571429', '4', '0:15:00'),
(65, 11, 25, 'Special guest', '2017-05-24 23:08:01.285716', '0:07:08.571429', '5', '0:23:00'),
(66, 11, 25, 'Special guest', '2017-05-24 23:38:09.857145', '0:07:08.571429', '6', '0:05:00'),
(67, 11, 25, 'Special guest', '2017-05-24 23:50:18.428574', '0:07:08.571429', '7', '0:28:00'),
(68, 12, 7, 'warm up', '2018-11-03 03:35:04', '1:24:34.285714', '1', '0:15:00'),
(69, 12, 7, 'other', '2018-11-03 05:14:38.285714', '1:24:34.285714', '2', '0:29:00'),
(70, 12, 7, 'other', '2018-11-03 07:08:12.571428', '1:24:34.285714', '3', '0:13:00'),
(71, 12, 7, 'other', '2018-11-03 08:45:46.857142', '1:24:34.285714', '4', '0:13:00'),
(72, 12, 7, 'other', '2018-11-03 10:23:21.142856', '1:24:34.285714', '5', '0:15:00'),
(73, 12, 7, 'headline', '2018-11-03 12:02:55.428570', '1:24:34.285714', '6', '0:30:00'),
(74, 12, 7, 'headline', '2018-11-03 13:57:29.714284', '1:24:34.285714', '7', '0:13:00'),
(75, 13, 4, 'warm up', '2018-11-03 14:51:20', '1:32:48', '1', '0:21:00'),
(76, 13, 4, 'Special guest', '2018-11-03 16:45:08', '1:32:48', '2', '0:28:00'),
(77, 13, 4, 'Special guest', '2018-11-03 18:45:56', '1:32:48', '3', '0:17:00'),
(78, 13, 4, 'other', '2018-11-03 20:35:44', '1:32:48', '4', '0:05:00'),
(79, 13, 4, 'headline', '2018-11-03 22:13:32', '1:32:48', '5', '0:05:00'),
(80, 14, 19, 'warm up', '2018-11-03 16:30:10', '1:48:00', '1', '0:27:00'),
(81, 14, 19, 'other', '2018-11-03 18:45:10', '1:48:00', '2', '0:10:00'),
(82, 14, 19, 'other', '2018-11-03 20:43:10', '1:48:00', '3', '0:13:00'),
(83, 14, 19, 'other', '2018-11-03 22:44:10', '1:48:00', '4', '0:11:00'),
(84, 14, 19, 'headline', '2018-11-04 00:43:10', '1:48:00', '5', '0:06:00'),
(85, 14, 19, 'headline', '2018-11-04 02:37:10', '1:48:00', '6', '0:05:00'),
(86, 15, 8, 'warm up', '2018-11-03 22:56:18', '1:11:20', '1', '0:30:00'),
(87, 15, 8, 'Special guest', '2018-11-04 00:37:38', '1:11:20', '2', '0:26:00'),
(88, 15, 8, 'other', '2018-11-04 02:14:58', '1:11:20', '3', '0:05:00'),
(89, 15, 8, 'headline', '2018-11-04 03:31:18', '1:11:20', '4', '0:09:00'),
(90, 15, 8, 'Special guest', '2018-11-04 04:51:38', '1:11:20', '5', '0:17:00'),
(91, 15, 8, 'other', '2018-11-04 06:19:58', '1:11:20', '6', '0:25:00'),
(92, 16, 19, 'warm up', '2019-10-18 06:15:06', '1:30:48', '1', '0:20:00'),
(93, 16, 19, 'headline', '2019-10-18 08:05:54', '1:30:48', '2', '0:24:00'),
(94, 16, 19, 'Special guest', '2019-10-18 10:00:42', '1:30:48', '3', '0:21:00'),
(95, 16, 19, 'other', '2019-10-18 11:52:30', '1:30:48', '4', '0:06:00'),
(96, 16, 19, 'headline', '2019-10-18 13:29:18', '1:30:48', '5', '0:15:00'),
(97, 17, 25, 'warm up', '2019-10-18 01:33:02', '1:01:25.714286', '1', '0:14:00'),
(98, 17, 25, 'Special guest', '2019-10-18 02:48:27.714286', '1:01:25.714286', '2', '0:09:00'),
(99, 17, 25, 'other', '2019-10-18 03:58:53.428572', '1:01:25.714286', '3', '0:20:00'),
(100, 17, 25, 'headline', '2019-10-18 05:20:19.142858', '1:01:25.714286', '4', '0:23:00'),
(101, 17, 25, 'headline', '2019-10-18 06:44:44.857144', '1:01:25.714286', '5', '0:16:00'),
(102, 17, 25, 'Special guest', '2019-10-18 08:02:10.571430', '1:01:25.714286', '6', '0:13:00'),
(103, 17, 25, 'Special guest', '2019-10-18 09:16:36.285716', '1:01:25.714286', '7', '0:15:00'),
(104, 18, 28, 'warm up', '2019-10-18 14:01:18', '2:02:12', '1', '0:25:00'),
(105, 18, 28, 'headline', '2019-10-18 16:28:30', '2:02:12', '2', '0:29:00'),
(106, 18, 28, 'headline', '2019-10-18 18:59:42', '2:02:12', '3', '0:26:00'),
(107, 18, 28, 'other', '2019-10-18 21:27:54', '2:02:12', '4', '0:24:00'),
(108, 18, 28, 'other', '2019-10-18 23:54:06', '2:02:12', '5', '0:05:00'),
(109, 19, 16, 'warm up', '2019-10-18 05:26:11', '1:43:00', '1', '0:05:00'),
(110, 19, 16, 'Special guest', '2019-10-18 07:14:11', '1:43:00', '2', '0:20:00'),
(111, 19, 16, 'headline', '2019-10-18 09:17:11', '1:43:00', '3', '0:18:00'),
(112, 19, 16, 'Special guest', '2019-10-18 11:18:11', '1:43:00', '4', '0:30:00'),
(113, 19, 16, 'other', '2019-10-18 13:31:11', '1:43:00', '5', '0:10:00'),
(114, 19, 16, 'Special guest', '2019-10-18 15:24:11', '1:43:00', '6', '0:19:00'),
(115, 20, 19, 'warm up', '2020-11-02 23:55:13', '1:32:24', '1', '0:13:00'),
(116, 20, 19, 'Special guest', '2020-11-03 01:40:37', '1:32:24', '2', '0:25:00'),
(117, 20, 19, 'Special guest', '2020-11-03 03:38:01', '1:32:24', '3', '0:22:00'),
(118, 20, 19, 'other', '2020-11-03 05:32:25', '1:32:24', '4', '0:07:00'),
(119, 20, 19, 'headline', '2020-11-03 07:11:49', '1:32:24', '5', '0:11:00'),
(120, 21, 29, 'warm up', '2020-11-02 23:37:51', '0:22:48', '1', '0:18:00'),
(121, 21, 29, 'other', '2020-11-03 00:18:39', '0:22:48', '2', '0:16:00'),
(122, 21, 29, 'headline', '2020-11-03 00:57:27', '0:22:48', '3', '0:11:00'),
(123, 21, 29, 'headline', '2020-11-03 01:31:15', '0:22:48', '4', '0:12:00'),
(124, 21, 29, 'Special guest', '2020-11-03 02:06:03', '0:22:48', '5', '0:09:00'),
(125, 22, 13, 'warm up', '2020-11-02 07:37:28', '0:42:20', '1', '0:26:00'),
(126, 22, 13, 'headline', '2020-11-02 08:45:48', '0:42:20', '2', '0:09:00'),
(127, 22, 13, 'Special guest', '2020-11-02 09:37:08', '0:42:20', '3', '0:13:00'),
(128, 22, 13, 'headline', '2020-11-02 10:32:28', '0:42:20', '4', '0:15:00'),
(129, 22, 13, 'headline', '2020-11-02 11:29:48', '0:42:20', '5', '0:28:00'),
(130, 22, 13, 'other', '2020-11-02 12:40:08', '0:42:20', '6', '0:15:00'),
(131, 23, 7, 'warm up', '2020-11-02 22:39:08', '1:11:00', '1', '0:08:00'),
(132, 23, 7, 'headline', '2020-11-02 23:58:08', '1:11:00', '2', '0:28:00'),
(133, 23, 7, 'headline', '2020-11-03 01:37:08', '1:11:00', '3', '0:25:00'),
(134, 23, 7, 'headline', '2020-11-03 03:13:08', '1:11:00', '4', '0:26:00'),
(135, 23, 7, 'headline', '2020-11-03 04:50:08', '1:11:00', '5', '0:22:00'),
(136, 23, 7, 'other', '2020-11-03 06:23:08', '1:11:00', '6', '0:05:00'),
(137, 24, 1, 'warm up', '2021-07-03 09:25:47', '0:45:30', '1', '0:10:00'),
(138, 24, 1, 'other', '2021-07-03 10:21:17', '0:45:30', '2', '0:10:00'),
(139, 24, 1, 'headline', '2021-07-03 11:16:47', '0:45:30', '3', '0:08:00'),
(140, 24, 1, 'headline', '2021-07-03 12:10:17', '0:45:30', '4', '0:22:00'),
(141, 24, 1, 'other', '2021-07-03 13:17:47', '0:45:30', '5', '0:14:00'),
(142, 24, 1, 'headline', '2021-07-03 14:17:17', '0:45:30', '6', '0:23:00'),
(143, 25, 10, 'warm up', '2021-07-03 00:09:09', '1:02:51.428571', '1', '0:18:00'),
(144, 25, 10, 'other', '2021-07-03 01:30:00.428571', '1:02:51.428571', '2', '0:16:00'),
(145, 25, 10, 'other', '2021-07-03 02:48:51.857142', '1:02:51.428571', '3', '0:11:00'),
(146, 25, 10, 'Special guest', '2021-07-03 04:02:43.285713', '1:02:51.428571', '4', '0:05:00'),
(147, 25, 10, 'other', '2021-07-03 05:10:34.714284', '1:02:51.428571', '5', '0:27:00'),
(148, 25, 10, 'Special guest', '2021-07-03 06:40:26.142855', '1:02:51.428571', '6', '0:15:00'),
(149, 25, 10, 'other', '2021-07-03 07:58:17.571426', '1:02:51.428571', '7', '0:08:00'),
(150, 26, 22, 'warm up', '2021-07-03 11:07:56', '1:30:48', '1', '0:24:00'),
(151, 26, 22, 'Special guest', '2021-07-03 13:02:44', '1:30:48', '2', '0:26:00'),
(152, 26, 22, 'headline', '2021-07-03 14:59:32', '1:30:48', '3', '0:13:00'),
(153, 26, 22, 'Special guest', '2021-07-03 16:43:20', '1:30:48', '4', '0:14:00'),
(154, 26, 22, 'other', '2021-07-03 18:28:08', '1:30:48', '5', '0:09:00'),
(155, 27, 7, 'warm up', '2021-07-03 04:42:30', '0:29:42.857143', '1', '0:20:00'),
(156, 27, 7, 'other', '2021-07-03 05:32:12.857143', '0:29:42.857143', '2', '0:20:00'),
(157, 27, 7, 'Special guest', '2021-07-03 06:21:55.714286', '0:29:42.857143', '3', '0:21:00'),
(158, 27, 7, 'other', '2021-07-03 07:12:38.571429', '0:29:42.857143', '4', '0:17:00'),
(159, 27, 7, 'headline', '2021-07-03 07:59:21.428572', '0:29:42.857143', '5', '0:20:00'),
(160, 27, 7, 'headline', '2021-07-03 08:49:04.285715', '0:29:42.857143', '6', '0:27:00'),
(161, 27, 7, 'headline', '2021-07-03 09:45:47.142858', '0:29:42.857143', '7', '0:27:00'),
(162, 28, 11, 'warm up', '2022-12-04 22:10:28', '1:25:25.714286', '1', '0:25:00'),
(163, 28, 11, 'Special guest', '2022-12-05 00:00:53.714286', '1:25:25.714286', '2', '0:13:00'),
(164, 28, 11, 'Special guest', '2022-12-05 01:39:19.428572', '1:25:25.714286', '3', '0:09:00'),
(165, 28, 11, 'other', '2022-12-05 03:13:45.142858', '1:25:25.714286', '4', '0:06:00'),
(166, 28, 11, 'headline', '2022-12-05 04:45:10.857144', '1:25:25.714286', '5', '0:26:00'),
(167, 28, 11, 'other', '2022-12-05 06:36:36.571430', '1:25:25.714286', '6', '0:28:00'),
(168, 28, 11, 'Special guest', '2022-12-05 08:30:02.285716', '1:25:25.714286', '7', '0:15:00'),
(169, 29, 16, 'warm up', '2022-12-04 06:49:43', '2:06:24', '1', '0:10:00'),
(170, 29, 16, 'other', '2022-12-04 09:06:07', '2:06:24', '2', '0:30:00'),
(171, 29, 16, 'headline', '2022-12-04 11:42:31', '2:06:24', '3', '0:08:00'),
(172, 29, 16, 'headline', '2022-12-04 13:56:55', '2:06:24', '4', '0:23:00'),
(173, 29, 16, 'other', '2022-12-04 16:26:19', '2:06:24', '5', '0:17:00'),
(174, 30, 29, 'warm up', '2022-12-04 02:36:19', '1:41:30', '1', '0:28:00'),
(175, 30, 29, 'other', '2022-12-04 04:45:49', '1:41:30', '2', '0:12:00'),
(176, 30, 29, 'other', '2022-12-04 06:39:19', '1:41:30', '3', '0:29:00'),
(177, 30, 29, 'other', '2022-12-04 08:49:49', '1:41:30', '4', '0:16:00'),
(178, 30, 29, 'Special guest', '2022-12-04 10:47:19', '1:41:30', '5', '0:21:00'),
(179, 30, 29, 'other', '2022-12-04 12:49:49', '1:41:30', '6', '0:05:00');

INSERT INTO `performance_artistband` (`performance_id`, `artist_band_id`) VALUES
(1, 52),
(2, 60),
(3, 20),
(4, 25),
(5, 2),
(6, 13),
(7, 57),
(8, 39),
(9, 51),
(10, 32),
(11, 39),
(12, 50),
(13, 19),
(14, 2),
(15, 7),
(16, 14),
(17, 34),
(18, 35),
(19, 5),
(20, 19),
(21, 40),
(22, 49),
(23, 35),
(24, 28),
(25, 13),
(26, 3),
(27, 12),
(28, 16),
(29, 52),
(30, 57),
(31, 31),
(32, 60),
(33, 11),
(34, 20),
(35, 9),
(36, 51),
(37, 58),
(38, 34),
(39, 12),
(40, 31),
(41, 32),
(42, 38),
(43, 58),
(44, 26),
(45, 7),
(46, 24),
(47, 9),
(48, 37),
(49, 21),
(50, 25),
(51, 59),
(52, 48),
(53, 28),
(54, 42),
(55, 2),
(56, 54),
(57, 31),
(58, 40),
(59, 55),
(60, 40),
(61, 41),
(62, 31),
(63, 49),
(64, 47),
(65, 45),
(66, 6),
(67, 54),
(68, 5),
(69, 34),
(70, 8),
(71, 17),
(72, 6),
(73, 21),
(74, 37),
(75, 47),
(76, 10),
(77, 48),
(78, 26),
(79, 56),
(80, 52),
(81, 53),
(82, 29),
(83, 37),
(84, 55),
(85, 42),
(86, 4),
(87, 1),
(88, 24),
(89, 8),
(90, 29),
(91, 35),
(92, 32),
(93, 4),
(94, 5),
(95, 4),
(96, 20),
(97, 30),
(98, 54),
(99, 36),
(100, 14),
(101, 57),
(102, 14),
(103, 50),
(104, 5),
(105, 32),
(106, 50),
(107, 2),
(108, 20),
(109, 17),
(110, 41),
(111, 19),
(112, 32),
(113, 11),
(114, 46),
(115, 27),
(116, 18),
(117, 56),
(118, 30),
(119, 30),
(120, 50),
(121, 47),
(122, 53),
(123, 59),
(124, 23),
(125, 38),
(126, 38),
(127, 26),
(128, 8),
(129, 53),
(130, 40),
(131, 2),
(132, 22),
(133, 60),
(134, 21),
(135, 6),
(136, 44),
(137, 10),
(138, 22),
(139, 33),
(140, 25),
(141, 54),
(142, 34),
(143, 16),
(144, 25),
(145, 21),
(146, 31),
(147, 17),
(148, 32),
(149, 33),
(150, 55),
(151, 19),
(152, 25),
(153, 59),
(154, 4),
(155, 26),
(156, 16),
(157, 13),
(158, 1),
(159, 44),
(160, 10),
(161, 27),
(162, 18),
(163, 13),
(164, 32),
(165, 33),
(166, 1),
(167, 28),
(168, 16),
(169, 60),
(170, 17),
(171, 7),
(172, 42),
(173, 29),
(174, 29),
(175, 28),
(176, 49),
(177, 40),
(178, 55),
(179, 13);

COMMIT;
