BEGIN;

INSERT INTO `visitor` (`id`, `first_name`, `last_name`, `age`, `email`, `phone`) VALUES
(1, 'Kenneth', 'Day', 62, 'dawncunningham@example.org', '2811229771'),
(2, 'Andre', 'Burgess', 44, 'kimberly36@example.com', '9223924359'),
(3, 'Ashley', 'Bartlett', 44, 'hillkaitlyn@example.net', '0794231950'),
(4, 'Rebecca', 'Bates', 30, 'stephanie01@example.net', '2064698829'),
(5, 'Matthew', 'Sutton', 67, 'roblespaul@example.com', '1365688419'),
(6, 'Elizabeth', 'Williams', 18, 'wdavidson@example.org', '2325729599'),
(7, 'Stephanie', 'Myers', 55, 'simpsonkari@example.com', '0924192778'),
(8, 'John', 'Olson', 38, 'rittermichael@example.com', '8101221259'),
(9, 'Mark', 'Mcdonald', 44, 'daniel27@example.org', '8801896797'),
(10, 'Mark', 'Mcdowell', 69, 'markweaver@example.com', '8768455241'),
(11, 'James', 'Jackson', 47, 'hollowaysteve@example.org', '4922063129'),
(12, 'Kimberly', 'Joseph', 31, 'markerickson@example.com', '4042776549'),
(13, 'James', 'Moore', 32, 'katherine37@example.net', '0616576834'),
(14, 'Amanda', 'Roberts', 55, 'francomaurice@example.net', '2517021573'),
(15, 'Gabrielle', 'Marshall', 51, 'beckytran@example.com', '6715449952'),
(16, 'Stephanie', 'Johnson', 22, 'xwilcox@example.com', '6073470705'),
(17, 'Christopher', 'Perez', 44, 'tmitchell@example.org', '7480359295'),
(18, 'Kyle', 'Kidd', 36, 'chelseanolan@example.org', '4619843512'),
(19, 'Brenda', 'Johnson', 67, 'vcarpenter@example.org', '7435447810'),
(20, 'Danielle', 'Navarro', 31, 'wsuarez@example.org', '9112461982'),
(21, 'Barry', 'Nelson', 25, 'john68@example.org', '0701229501'),
(22, 'Melody', 'Rice', 53, 'andreacastillo@example.org', '1597381968'),
(23, 'Robert', 'Bean', 38, 'odiaz@example.org', '1877512989'),
(24, 'Tracie', 'Alexander', 68, 'collierjeffrey@example.org', '0407027561'),
(25, 'Benjamin', 'Johnson', 47, 'iball@example.net', '2567920520'),
(26, 'Abigail', 'Stevens', 66, 'andersonlisa@example.com', '6043861507'),
(27, 'Janet', 'Schwartz', 18, 'melissaallen@example.com', '1641655197'),
(28, 'Courtney', 'Paul', 21, 'kennethcombs@example.com', '7708204970'),
(29, 'Denise', 'Spencer', 70, 'nguyenmegan@example.net', '4109132375'),
(30, 'Katie', 'Thomas', 54, 'ivang@example.org', '6537315722'),
(31, 'Rebekah', 'Gonzales', 70, 'summerssydney@example.net', '7250324541'),
(32, 'Lauren', 'Chapman', 32, 'gregoryjessica@example.net', '3537723832'),
(33, 'Kelly', 'Little', 68, 'ghampton@example.org', '2191219481'),
(34, 'Derrick', 'Garza', 48, 'peterskeith@example.com', '2669344350'),
(35, 'Michael', 'Thompson', 43, 'stevenholmes@example.com', '0336552474'),
(36, 'Tony', 'Thomas', 62, 'mitchellrichard@example.org', '0832910364'),
(37, 'Brian', 'Graham', 34, 'maldonadosean@example.org', '7616461272'),
(38, 'Austin', 'Sanchez', 31, 'ryanhouse@example.org', '0524682307'),
(39, 'Robert', 'Guzman', 65, 'laura64@example.org', '4190039631'),
(40, 'John', 'Barnes', 42, 'yangmatthew@example.net', '7804363986'),
(41, 'Seth', 'Nunez', 40, 'robert55@example.com', '7071692316'),
(42, 'Anthony', 'Juarez', 31, 'qcook@example.com', '1710904737'),
(43, 'Tracy', 'Williams', 26, 'carlos79@example.com', '5496668397'),
(44, 'Blake', 'Myers', 43, 'phart@example.org', '7798707517'),
(45, 'Kevin', 'Cox', 44, 'nicholskimberly@example.org', '1722863838'),
(46, 'John', 'Hill', 70, 'lpadilla@example.com', '1652941571'),
(47, 'Kelly', 'Sanchez', 43, 'johnrollins@example.net', '6468393315'),
(48, 'Jason', 'Combs', 18, 'alan30@example.net', '7818816080'),
(49, 'Karen', 'White', 59, 'shannoncheryl@example.org', '7216401309'),
(50, 'Veronica', 'Watson', 26, 'sandra95@example.net', '5645378135'),
(51, 'James', 'Parks', 60, 'jessicaweaver@example.net', '8025242981'),
(52, 'Kenneth', 'Brady', 56, 'awashington@example.com', '6140757245'),
(53, 'Jonathan', 'English', 62, 'lynchjennifer@example.com', '2320247794'),
(54, 'Jennifer', 'Gonzales', 68, 'westallison@example.net', '9867873076'),
(55, 'Melanie', 'Avila', 63, 'pbrown@example.net', '0536459624'),
(56, 'Robert', 'Patel', 24, 'clewis@example.com', '3364271637'),
(57, 'Rebecca', 'Baker', 54, 'carlos31@example.com', '2551314454'),
(58, 'Sandra', 'Sharp', 44, 'yholloway@example.net', '0812422697'),
(59, 'Carol', 'Reynolds', 35, 'dtorres@example.com', '8101969558'),
(60, 'Carol', 'Walker', 47, 'walterknight@example.com', '2275337664'),
(61, 'Alexander', 'Michael', 31, 'tamibarber@example.com', '9676884741'),
(62, 'John', 'Kennedy', 67, 'debra03@example.org', '3247967674'),
(63, 'John', 'Cook', 57, 'ilivingston@example.com', '6989187049'),
(64, 'Wyatt', 'Oconnor', 55, 'alexander84@example.net', '9633779306'),
(65, 'Victor', 'Johnson', 47, 'bryan88@example.net', '5953689737'),
(66, 'Ronald', 'Stevens', 63, 'michellebradshaw@example.com', '1613190404'),
(67, 'Carolyn', 'Wolfe', 31, 'richard61@example.com', '2829743628'),
(68, 'Richard', 'Peterson', 48, 'dsmith@example.net', '5429416667'),
(69, 'Dillon', 'Page', 51, 'brooke98@example.net', '1868176893'),
(70, 'Jason', 'Moore', 28, 'jesse11@example.org', '4432776430'),
(71, 'David', 'Sweeney', 48, 'zmurray@example.org', '9599565561'),
(72, 'Brandon', 'Wilson', 63, 'heidi52@example.com', '0777106151'),
(73, 'Andrew', 'Ross', 30, 'pottsmichael@example.net', '9028317475'),
(74, 'Darlene', 'Butler', 70, 'angela81@example.com', '1633489333'),
(75, 'Justin', 'Mayer', 55, 'annette18@example.org', '8727201669'),
(76, 'Joshua', 'Cain', 31, 'amanda67@example.org', '6676020090'),
(77, 'Keith', 'Donaldson', 30, 'jlewis@example.net', '0784262510'),
(78, 'Matthew', 'Lawson', 36, 'brendaorozco@example.com', '3551584034'),
(79, 'Jerry', 'Bowman', 67, 'jamesbenjamin@example.com', '6316868875'),
(80, 'Benjamin', 'Holmes', 21, 'lisa06@example.com', '0260388647'),
(81, 'James', 'Santos', 25, 'rgraham@example.org', '3260575364'),
(82, 'Eric', 'Hunt', 44, 'oterry@example.com', '2021602552'),
(83, 'Mariah', 'Cervantes', 54, 'crawfordandrew@example.com', '5695210221'),
(84, 'William', 'Clark', 47, 'pamelahart@example.com', '3606079162'),
(85, 'April', 'Whitney', 64, 'hmartinez@example.net', '0607360707'),
(86, 'Nicholas', 'Mathis', 43, 'robinsonlaura@example.net', '5177420653'),
(87, 'Steven', 'Scott', 36, 'john03@example.net', '1002754375'),
(88, 'Michael', 'Frazier', 67, 'dburgess@example.org', '6151874433'),
(89, 'Mark', 'Russell', 51, 'laura20@example.net', '8651652871'),
(90, 'Sonya', 'Sharp', 26, 'caitlinclark@example.org', '5407875215'),
(91, 'Wendy', 'Crosby', 52, 'frankstevens@example.org', '2202738613'),
(92, 'Matthew', 'Henderson', 58, 'scottmoss@example.net', '5216523396'),
(93, 'Megan', 'Cooley', 50, 'stevedavies@example.net', '1591220767'),
(94, 'Danielle', 'Jordan', 21, 'maddoxdaniel@example.net', '4636250442'),
(95, 'Justin', 'Waters', 43, 'fjacobs@example.org', '1589506287'),
(96, 'Hector', 'Huynh', 27, 'virginiaperez@example.net', '9274004040'),
(97, 'James', 'Jones', 60, 'tconrad@example.org', '7624914268'),
(98, 'Allison', 'Brown', 44, 'david26@example.org', '7590674732'),
(99, 'Julie', 'Martinez', 46, 'tammy67@example.com', '5138461992'),
(100, 'Emma', 'Miller', 56, 'david02@example.com', '7355833515'),
(101, 'Amanda', 'Riley', 30, 'michaelhill@example.net', '9329871776'),
(102, 'Joseph', 'Franklin', 27, 'krista14@example.com', '3835594364'),
(103, 'Sandra', 'Harris', 64, 'amber93@example.com', '4585324524'),
(104, 'Preston', 'Peck', 52, 'dianacross@example.com', '0822041910'),
(105, 'Kevin', 'Jenkins', 19, 'michelle91@example.net', '3676848332'),
(106, 'Marcus', 'Bates', 48, 'wongmichael@example.org', '3777088704'),
(107, 'Erika', 'Thompson', 45, 'icompton@example.org', '2817826379'),
(108, 'Wayne', 'Roberts', 25, 'matthewslinda@example.org', '6480647335'),
(109, 'Corey', 'Marsh', 65, 'mark79@example.net', '2237970571'),
(110, 'Jodi', 'Larson', 28, 'vwade@example.net', '5820785048'),
(111, 'Jason', 'Adkins', 23, 'ryanmorris@example.org', '4688269992'),
(112, 'Marie', 'Ross', 67, 'elizabethmoore@example.net', '1784735623'),
(113, 'Kristin', 'Ramirez', 18, 'jonesrobert@example.net', '5745220525'),
(114, 'Edward', 'Ball', 21, 'qnelson@example.org', '4246662266'),
(115, 'Daniel', 'Moore', 18, 'sdiaz@example.com', '1069667524'),
(116, 'Kristina', 'Kelly', 21, 'robert08@example.org', '2874301893'),
(117, 'Maria', 'Rivera', 52, 'betty78@example.org', '6498053537'),
(118, 'David', 'Adams', 67, 'haneylarry@example.net', '1079991024'),
(119, 'Megan', 'Allison', 37, 'ebryant@example.com', '1128788795'),
(120, 'Sarah', 'Rosario', 57, 'nwilliams@example.com', '7197481488'),
(121, 'Jeffery', 'King', 42, 'cmitchell@example.com', '3303191069'),
(122, 'Russell', 'Burns', 66, 'johnmarshall@example.org', '1366987805'),
(123, 'Jason', 'Fowler', 23, 'matthewstuart@example.net', '7329895567'),
(124, 'Carl', 'Franco', 35, 'teresacarr@example.net', '3493385634'),
(125, 'Karen', 'Jones', 20, 'wilcoxrobin@example.net', '9714080478'),
(126, 'Carl', 'Roberts', 18, 'dgordon@example.org', '9036669659'),
(127, 'Edward', 'Mann', 67, 'kimberlyvasquez@example.com', '5402145494'),
(128, 'Tristan', 'Coleman', 47, 'cooktiffany@example.net', '3731195851'),
(129, 'Brenda', 'Higgins', 35, 'laura89@example.org', '2140055483'),
(130, 'Benjamin', 'Neal', 32, 'ahobbs@example.com', '0025125136'),
(131, 'Michael', 'Jimenez', 44, 'zlewis@example.net', '6379868002'),
(132, 'Tamara', 'Fuller', 23, 'ualexander@example.org', '8400502741'),
(133, 'Zachary', 'Flores', 35, 'brittanygraham@example.net', '7874686839'),
(134, 'Donald', 'Sampson', 59, 'john00@example.org', '4259559261'),
(135, 'Jeffery', 'Savage', 61, 'kathrynmiller@example.net', '6743329118'),
(136, 'Elaine', 'Campbell', 45, 'monicaingram@example.org', '3207542562'),
(137, 'Stephen', 'Shaw', 67, 'madisonarias@example.org', '6953542544'),
(138, 'James', 'Alvarez', 65, 'oboone@example.com', '6662266563'),
(139, 'Kathleen', 'Huff', 69, 'joel81@example.org', '6722710618'),
(140, 'Corey', 'Mckinney', 48, 'alexis65@example.com', '5482766308'),
(141, 'Vincent', 'Jimenez', 52, 'derrick94@example.org', '5559211694'),
(142, 'Leslie', 'Trujillo', 51, 'meghan84@example.com', '8027444749'),
(143, 'Jason', 'Johns', 62, 'jacobjones@example.com', '3686766873'),
(144, 'Nicole', 'Cantu', 53, 'brian47@example.org', '5181860782'),
(145, 'Nancy', 'Garcia', 39, 'thomasrhodes@example.com', '9211656024'),
(146, 'Shannon', 'Gray', 52, 'eevans@example.org', '1061621388'),
(147, 'Kevin', 'Alexander', 62, 'fhayes@example.com', '5082821930'),
(148, 'David', 'Ponce', 46, 'archertracy@example.org', '5039971928'),
(149, 'Rebecca', 'Douglas', 32, 'morriskeith@example.com', '8459053534'),
(150, 'Kimberly', 'Griffin', 29, 'angela06@example.org', '9378867499'),
(151, 'Marcus', 'Berg', 37, 'lwebster@example.net', '8244267208'),
(152, 'Jasmine', 'Anderson', 66, 'iramos@example.net', '5881335606'),
(153, 'Christopher', 'Hurley', 64, 'brandy05@example.com', '5538276444'),
(154, 'Emily', 'Stokes', 37, 'molly79@example.net', '7185914610'),
(155, 'Jeffrey', 'Chan', 18, 'rherrera@example.net', '7644741111'),
(156, 'Philip', 'Taylor', 52, 'paulruiz@example.net', '6611588899'),
(157, 'Brandon', 'Harvey', 47, 'levinemaria@example.com', '5673369204'),
(158, 'Kelly', 'Gonzalez', 43, 'erikajames@example.com', '7771443895'),
(159, 'Margaret', 'Myers', 52, 'austineric@example.net', '4006011595'),
(160, 'Kyle', 'Warren', 18, 'hernandezmonica@example.net', '0938635638'),
(161, 'Michael', 'Richards', 32, 'rojasjonathan@example.org', '8663528347'),
(162, 'Colleen', 'Jacobs', 46, 'lauren38@example.com', '6336978943'),
(163, 'Vickie', 'Murray', 57, 'sanchezjonathan@example.com', '8428081080'),
(164, 'Donald', 'Collins', 29, 'meghan98@example.org', '4998979739'),
(165, 'Peter', 'Carlson', 44, 'stevendennis@example.com', '8924612233'),
(166, 'Jacob', 'Stanton', 57, 'obriencaitlin@example.net', '8323691583'),
(167, 'Paul', 'Crawford', 55, 'oscarpena@example.org', '6463582159'),
(168, 'Steven', 'Fry', 69, 'cjones@example.com', '5306078955'),
(169, 'Kenneth', 'Howard', 45, 'umann@example.com', '3675821939'),
(170, 'Rachael', 'Herman', 22, 'welchsusan@example.com', '9509846136'),
(171, 'Lindsey', 'Best', 33, 'francobrian@example.net', '1346325124'),
(172, 'Stephanie', 'Hardy', 33, 'emily03@example.org', '1619795932'),
(173, 'Seth', 'Russell', 21, 'sarahcruz@example.com', '8941624115'),
(174, 'Joyce', 'Leonard', 59, 'cynthia88@example.org', '2314795826'),
(175, 'Thomas', 'Wallace', 25, 'rrojas@example.com', '7850799170'),
(176, 'Daniel', 'Miranda', 56, 'alexis83@example.org', '7725506600'),
(177, 'Brenda', 'Castillo', 57, 'vdavis@example.com', '8427621829'),
(178, 'Martin', 'Hart', 40, 'heather11@example.net', '9483596839'),
(179, 'Erin', 'Evans', 27, 'brandy63@example.org', '6605801018'),
(180, 'Amber', 'Harris', 50, 'brockrobert@example.net', '0371713483'),
(181, 'Jessica', 'Walsh', 21, 'morrisvincent@example.net', '3525481461'),
(182, 'Robin', 'Nichols', 28, 'katelyn13@example.com', '3669529114'),
(183, 'Kevin', 'Ochoa', 20, 'williamclark@example.net', '7093835384'),
(184, 'Patricia', 'Allen', 31, 'michael58@example.net', '0596369201'),
(185, 'Kirk', 'Arnold', 44, 'qjohnson@example.com', '5278077491'),
(186, 'Samuel', 'Barton', 68, 'andrea92@example.com', '4176388077'),
(187, 'Brandon', 'Hicks', 24, 'robersonmark@example.org', '4331301431'),
(188, 'Luis', 'Freeman', 43, 'froberson@example.net', '9029766515'),
(189, 'Travis', 'Hensley', 18, 'gary50@example.com', '0218652878'),
(190, 'William', 'Kent', 37, 'dthompson@example.org', '0874961048'),
(191, 'Joshua', 'Torres', 32, 'osuarez@example.org', '0908598772'),
(192, 'Olivia', 'Murray', 57, 'scott97@example.org', '8583002314'),
(193, 'Maria', 'Hicks', 42, 'ymontgomery@example.org', '2086124615'),
(194, 'Susan', 'Thompson', 64, 'sbest@example.net', '4542414059'),
(195, 'William', 'Neal', 43, 'tiffanythompson@example.net', '8351941380'),
(196, 'Claudia', 'Norman', 57, 'kschneider@example.org', '6750161944'),
(197, 'Tyler', 'James', 34, 'caitlinhall@example.com', '0520813049'),
(198, 'Elizabeth', 'Daniel', 68, 'heathercastro@example.org', '9107594414'),
(199, 'Tom', 'Silva', 63, 'pittskevin@example.net', '4397886064'),
(200, 'Gina', 'Brown', 34, 'suttonlaura@example.org', '2916169034'),
(201, 'Kenneth', 'Morrison', 48, 'jbuck@example.org', '4685045891'),
(202, 'Johnny', 'Henderson', 70, 'rdowns@example.com', '0486428688'),
(203, 'Veronica', 'Brown', 39, 'lisa41@example.net', '2695909073'),
(204, 'Vickie', 'Smith', 65, 'richardelliott@example.org', '3392825558'),
(205, 'Christina', 'Zimmerman', 20, 'erin86@example.com', '8791719785'),
(206, 'Jessica', 'Beasley', 32, 'peggy13@example.com', '3984492901'),
(207, 'Matthew', 'Thornton', 49, 'tjackson@example.net', '0036957712'),
(208, 'Peggy', 'Figueroa', 26, 'russostephen@example.com', '8567436376'),
(209, 'Emma', 'Price', 60, 'isabelsullivan@example.com', '7061437166'),
(210, 'Jeff', 'Stanley', 29, 'heather14@example.com', '8451622477'),
(211, 'Chloe', 'Hood', 41, 'toddgordon@example.net', '3283323907'),
(212, 'Janet', 'Thomas', 51, 'youngamy@example.org', '1563391985'),
(213, 'Jeffrey', 'Armstrong', 29, 'brian74@example.com', '5471466744'),
(214, 'Mark', 'Mcdaniel', 69, 'patricialee@example.com', '6741520302'),
(215, 'Cesar', 'Morgan', 35, 'audreycrawford@example.com', '5540093818'),
(216, 'Heather', 'Harris', 50, 'annaskinner@example.com', '5786344681'),
(217, 'Sabrina', 'Smith', 60, 'lboyle@example.com', '3729233589'),
(218, 'Carol', 'Fleming', 26, 'mmyers@example.net', '5121099850'),
(219, 'Elizabeth', 'Stewart', 44, 'leedenise@example.org', '2299046582'),
(220, 'Heather', 'Walker', 55, 'reedmichael@example.org', '8410117027'),
(221, 'Joe', 'Rodriguez', 21, 'scott61@example.org', '0331006912'),
(222, 'Andrew', 'Ortiz', 56, 'ecunningham@example.com', '7011123980'),
(223, 'Jacqueline', 'Johnson', 68, 'fdrake@example.com', '0109295468'),
(224, 'James', 'Lee', 27, 'wcallahan@example.net', '0987956517'),
(225, 'Lori', 'Mcdonald', 57, 'hugheskimberly@example.net', '5944932349'),
(226, 'Katie', 'Rogers', 58, 'wrobertson@example.net', '7333342470'),
(227, 'Stephanie', 'Robinson', 26, 'ashley83@example.net', '3460689428'),
(228, 'Anna', 'Hunter', 56, 'pamela06@example.net', '7685551189'),
(229, 'Bryan', 'Melendez', 49, 'hernandezjustin@example.net', '6648587885'),
(230, 'Susan', 'Winters', 47, 'omarsimon@example.org', '2335099496'),
(231, 'Nicholas', 'Johnson', 64, 'thomasjohn@example.net', '6566286654'),
(232, 'Jason', 'Evans', 70, 'romanrachel@example.com', '0046655443'),
(233, 'Linda', 'Hines', 67, 'markmiles@example.net', '0180304613'),
(234, 'Jessica', 'Wright', 28, 'ujohnson@example.net', '0818595586'),
(235, 'Stephen', 'Soto', 69, 'stuartlopez@example.org', '6393536810'),
(236, 'Shane', 'Harris', 51, 'xmoss@example.com', '0549284027'),
(237, 'Ian', 'Lamb', 62, 'hphillips@example.com', '4422600225'),
(238, 'Luis', 'Atkins', 39, 'sali@example.com', '4694945868'),
(239, 'Diane', 'Miller', 68, 'tmayo@example.com', '2733110728'),
(240, 'Ralph', 'Johnson', 22, 'christopherbarker@example.com', '9918113604'),
(241, 'Allen', 'Harrison', 37, 'rmack@example.net', '3027500497'),
(242, 'Jacqueline', 'Roy', 24, 'carlsonallison@example.com', '2875066559'),
(243, 'Jennifer', 'Robbins', 60, 'dkelley@example.org', '6217965569'),
(244, 'Mary', 'Allen', 24, 'dfrank@example.org', '9243833302'),
(245, 'James', 'Alvarez', 25, 'audreymckenzie@example.com', '5664746235'),
(246, 'Mary', 'Wilson', 50, 'guzmanderek@example.org', '8924476335'),
(247, 'Kiara', 'Jones', 41, 'jeffclark@example.org', '4866730935'),
(248, 'Ryan', 'Conley', 28, 'stephendillon@example.com', '7077071480'),
(249, 'Seth', 'Berry', 33, 'tina66@example.org', '0912066610'),
(250, 'Kristen', 'Jones', 25, 'vanderson@example.net', '5640389008'),
(251, 'Mario', 'Olson', 26, 'ckelly@example.com', '3147335011'),
(252, 'Christian', 'Simmons', 39, 'halewendy@example.net', '5255739209'),
(253, 'David', 'Roman', 24, 'timothy68@example.com', '9435888251'),
(254, 'Sarah', 'Hernandez', 24, 'jody15@example.net', '6770615582'),
(255, 'Manuel', 'Horton', 49, 'gregorymaxwell@example.org', '4273780906'),
(256, 'Susan', 'Powell', 47, 'cassandraschmidt@example.com', '3807594978'),
(257, 'Christopher', 'Harris', 18, 'theodorebass@example.net', '9190601317'),
(258, 'Jose', 'Owens', 34, 'alexanderhorn@example.net', '8216537971'),
(259, 'Nathan', 'Nelson', 68, 'mwong@example.org', '0715093587'),
(260, 'Tamara', 'Tucker', 61, 'angela32@example.com', '9983106878'),
(261, 'Melissa', 'Rosales', 22, 'lindseyolsen@example.net', '8252578062'),
(262, 'Cory', 'Conway', 65, 'ronnieflynn@example.net', '1098559834'),
(263, 'Anna', 'Harvey', 39, 'jennifer19@example.org', '8184678123'),
(264, 'Ashlee', 'Mckay', 69, 'igordon@example.com', '1919689546'),
(265, 'Lee', 'Herrera', 49, 'rodney24@example.net', '2013719653'),
(266, 'Natalie', 'Lamb', 65, 'joanne93@example.org', '4015517841'),
(267, 'Zachary', 'Salazar', 59, 'smithkaren@example.net', '5801124551'),
(268, 'Timothy', 'Lopez', 25, 'donald26@example.org', '7920809929'),
(269, 'Jennifer', 'King', 44, 'kaitlynsimmons@example.net', '4164969062'),
(270, 'Bradley', 'Giles', 58, 'chrisbradford@example.com', '5148106910'),
(271, 'Destiny', 'Stevens', 26, 'harrisonjohn@example.net', '0727508240'),
(272, 'Taylor', 'Thomas', 69, 'robertsjessica@example.org', '4507342831'),
(273, 'James', 'Patel', 44, 'kromero@example.org', '6672832747'),
(274, 'Scott', 'Stout', 23, 'johnsonmanuel@example.com', '5568291396'),
(275, 'Thomas', 'Bailey', 30, 'amandaharris@example.com', '1178529591'),
(276, 'Brian', 'Myers', 22, 'gregorybarber@example.org', '0134710088'),
(277, 'Judy', 'Brown', 43, 'trevor49@example.net', '8109975742'),
(278, 'Laura', 'Woods', 19, 'bernardjennifer@example.com', '5218440573'),
(279, 'Douglas', 'Smith', 61, 'ecarroll@example.com', '9815071060'),
(280, 'Ernest', 'Robertson', 67, 'guerramatthew@example.net', '8650524616'),
(281, 'Laura', 'Johnson', 67, 'ronald29@example.net', '8758176749'),
(282, 'Joseph', 'Ayers', 64, 'erin03@example.org', '3100450656'),
(283, 'Denise', 'Smith', 57, 'katie96@example.org', '1184716983'),
(284, 'Stephanie', 'Perry', 57, 'staffordrobert@example.net', '0424455371'),
(285, 'Jonathan', 'Parker', 54, 'kennethking@example.org', '0801638622'),
(286, 'Gabriel', 'Knight', 37, 'anthonysharp@example.net', '4785940577'),
(287, 'Julia', 'George', 41, 'shannon57@example.org', '8799099592'),
(288, 'Dylan', 'Joseph', 56, 'maureen29@example.org', '9258386932'),
(289, 'Curtis', 'Webster', 44, 'katherine70@example.net', '9463486665'),
(290, 'Christy', 'White', 67, 'tasha91@example.com', '8670725153'),
(291, 'Joseph', 'Rhodes', 67, 'stanleyrodriguez@example.com', '9955171866'),
(292, 'Brian', 'Price', 48, 'robert15@example.org', '5812480541'),
(293, 'Adrian', 'Aguilar', 38, 'gardnerjoseph@example.net', '2199342337'),
(294, 'Brandon', 'Hall', 30, 'jerome36@example.com', '6012024431'),
(295, 'Benjamin', 'Harmon', 64, 'stevenmcdonald@example.org', '8284991346'),
(296, 'Jacqueline', 'Cooke', 33, 'garciachelsea@example.net', '8317847107'),
(297, 'Kevin', 'Todd', 21, 'meredith25@example.org', '0914220946'),
(298, 'Jeremy', 'Pitts', 37, 'ramosjesus@example.com', '7814921901'),
(299, 'Robert', 'Klein', 43, 'martinezmonica@example.com', '8298664592'),
(300, 'Patrick', 'Black', 27, 'hendersonallison@example.org', '3879654670'),
(301, 'Shawn', 'Mosley', 69, 'marciawalker@example.org', '6754855630'),
(302, 'William', 'Aguilar', 61, 'matthew00@example.com', '1412443241'),
(303, 'Deanna', 'Roberts', 65, 'donnaharrison@example.org', '4160143992'),
(304, 'Amanda', 'Blevins', 68, 'garciatimothy@example.net', '3343389039'),
(305, 'Karen', 'Sharp', 56, 'bmorrison@example.com', '9447219646'),
(306, 'Mike', 'Morales', 57, 'theresa31@example.net', '0788521889'),
(307, 'Jose', 'Flynn', 24, 'muelleradrian@example.com', '7087328611'),
(308, 'Alexander', 'Ramirez', 32, 'theresa27@example.net', '5873342473'),
(309, 'Tamara', 'Miller', 42, 'rachel35@example.com', '1465555980'),
(310, 'Arthur', 'Freeman', 27, 'gglenn@example.com', '0676236527'),
(311, 'Matthew', 'Richards', 25, 'otyler@example.net', '7015800995'),
(312, 'Stephanie', 'Smith', 54, 'alexisalvarez@example.com', '9400813835'),
(313, 'Amber', 'Gordon', 38, 'cynthia74@example.com', '1658244948'),
(314, 'Jose', 'Boyd', 61, 'michaelreeves@example.net', '2179781795'),
(315, 'Timothy', 'Evans', 36, 'wongmelanie@example.net', '3998049552'),
(316, 'Duane', 'Garza', 44, 'brian01@example.net', '9590882452'),
(317, 'Rachel', 'Hansen', 60, 'andreapalmer@example.org', '2252332697'),
(318, 'Robert', 'Copeland', 70, 'phillip67@example.org', '3812247970'),
(319, 'Daniel', 'Roberson', 45, 'lgarcia@example.net', '5579466833'),
(320, 'Brian', 'Foley', 22, 'samuelporter@example.org', '0742992603'),
(321, 'Elizabeth', 'Atkins', 29, 'sean55@example.net', '4973149329'),
(322, 'Katie', 'Palmer', 46, 'icarter@example.com', '9474298713'),
(323, 'Ryan', 'Ward', 22, 'qlawson@example.net', '5088026570'),
(324, 'Christina', 'Ray', 32, 'suejohnson@example.net', '1235227771'),
(325, 'Christopher', 'Armstrong', 38, 'icarney@example.com', '0597738302'),
(326, 'Ryan', 'Mack', 35, 'travisgonzalez@example.net', '8297588112'),
(327, 'James', 'Dean', 29, 'amandadixon@example.org', '7893931089'),
(328, 'Megan', 'Ramirez', 20, 'webberik@example.org', '4126752014'),
(329, 'Ashley', 'Johnson', 37, 'catherine43@example.com', '5018730652'),
(330, 'Wendy', 'Randall', 67, 'michael49@example.net', '2029724671'),
(331, 'Paul', 'Roberts', 25, 'vargaspeter@example.net', '5871524286'),
(332, 'Jeffrey', 'Walker', 25, 'erin90@example.org', '1362096792'),
(333, 'Bill', 'Barker', 59, 'kelsey42@example.com', '2158464357'),
(334, 'Jo', 'Sanchez', 39, 'paula55@example.net', '5762977954'),
(335, 'Laura', 'Conner', 64, 'jeffreysmith@example.org', '4328336514'),
(336, 'Jeremiah', 'White', 38, 'alexander11@example.org', '0995060035'),
(337, 'Stephen', 'Potter', 35, 'vnelson@example.net', '4790688592'),
(338, 'Peter', 'Odonnell', 67, 'douglasyoung@example.net', '6979915175'),
(339, 'Marcus', 'Anderson', 48, 'ualexander@example.net', '3386035803'),
(340, 'Monica', 'Pierce', 21, 'jessica54@example.org', '0232522119'),
(341, 'Robert', 'Keith', 44, 'kerri52@example.com', '0953109345'),
(342, 'Benjamin', 'Robinson', 32, 'leah66@example.org', '2747664124'),
(343, 'Jason', 'Alexander', 40, 'vrodriguez@example.com', '8811131749'),
(344, 'Christy', 'Stark', 59, 'caseymueller@example.net', '0097584637'),
(345, 'James', 'Mann', 22, 'jessica34@example.org', '1562702890'),
(346, 'Barbara', 'Jensen', 47, 'davidmckinney@example.com', '0575598714'),
(347, 'James', 'Newton', 45, 'jamesward@example.net', '0646009621'),
(348, 'Erin', 'Williams', 69, 'jennifer90@example.org', '0268591338'),
(349, 'Andrew', 'Hayes', 46, 'leesonya@example.org', '1953102956'),
(350, 'Amy', 'Castillo', 25, 'michael55@example.net', '6299878785'),
(351, 'Timothy', 'Alexander', 56, 'andrea39@example.net', '9259582789'),
(352, 'Michael', 'Petersen', 31, 'wgraves@example.com', '6682287266'),
(353, 'Scott', 'Burns', 56, 'michelle02@example.net', '6755307714'),
(354, 'Kelsey', 'Peters', 29, 'alyssa42@example.com', '2568451606'),
(355, 'Bradley', 'Soto', 32, 'zsandoval@example.org', '1397481237'),
(356, 'Richard', 'Hill', 28, 'johnsonthomas@example.net', '4323206228'),
(357, 'Tyler', 'Kent', 22, 'kbrown@example.com', '6737642195'),
(358, 'Michelle', 'Young', 68, 'krogers@example.com', '3343870976'),
(359, 'Nicole', 'Jefferson', 30, 'flynnkenneth@example.com', '4049785346'),
(360, 'William', 'Koch', 46, 'adamsrobert@example.net', '8970797692'),
(361, 'Thomas', 'Brock', 49, 'wilsonsue@example.org', '2479417745'),
(362, 'Chloe', 'Benton', 49, 'itate@example.org', '0524147796'),
(363, 'Megan', 'Henry', 69, 'paulchristensen@example.org', '6996792307'),
(364, 'Corey', 'Stanton', 62, 'jacquelinejackson@example.net', '0653144087'),
(365, 'Christian', 'Jenkins', 51, 'allencaroline@example.net', '6242847932'),
(366, 'Carl', 'Allen', 35, 'meadowsjerry@example.org', '6232278547'),
(367, 'Zoe', 'Stewart', 60, 'valerie27@example.com', '7252764812'),
(368, 'Sheri', 'Soto', 40, 'bryansharp@example.net', '4034227636'),
(369, 'Steven', 'Smith', 29, 'stephenflores@example.com', '4347885645'),
(370, 'Shawn', 'Mills', 26, 'parkerjohn@example.org', '1379677904'),
(371, 'Tanya', 'Carpenter', 37, 'anthonymiller@example.net', '2348524002'),
(372, 'April', 'Brown', 44, 'cooperandrea@example.com', '8258499132'),
(373, 'Joshua', 'Shelton', 64, 'marktravis@example.org', '0547401774'),
(374, 'Danielle', 'Phillips', 22, 'seanhall@example.net', '1560671521'),
(375, 'Julie', 'Carlson', 53, 'debragriffin@example.org', '0840618200'),
(376, 'Whitney', 'Mccarty', 29, 'ismith@example.com', '8624362764'),
(377, 'Jessica', 'Jones', 55, 'jonespriscilla@example.net', '5238896583'),
(378, 'David', 'Mcconnell', 68, 'psaunders@example.com', '2842767417'),
(379, 'Nicholas', 'Valdez', 29, 'madelinetaylor@example.org', '4893817688'),
(380, 'Michelle', 'Evans', 27, 'uhood@example.org', '4535769402'),
(381, 'Gabrielle', 'Curry', 23, 'lynn30@example.org', '8143050364'),
(382, 'Michael', 'Liu', 40, 'cramirez@example.com', '0199270652'),
(383, 'Cole', 'Buchanan', 70, 'maynarddominique@example.net', '0657446457'),
(384, 'Jared', 'Davis', 27, 'lynchbrian@example.com', '7195068434'),
(385, 'Alexander', 'Robinson', 19, 'sowens@example.com', '4384276123'),
(386, 'Katherine', 'Mcdaniel', 60, 'bakerjocelyn@example.com', '1788311805'),
(387, 'Teresa', 'Spencer', 41, 'jmartinez@example.com', '5184999801'),
(388, 'Kristina', 'Anderson', 58, 'sfreeman@example.org', '8319867582'),
(389, 'Kevin', 'Hoover', 22, 'goldenpaul@example.com', '8538234281'),
(390, 'Ivan', 'Brady', 36, 'lcannon@example.net', '9005533406'),
(391, 'Gregory', 'Hughes', 70, 'padillajames@example.com', '0648018537'),
(392, 'Matthew', 'Hernandez', 35, 'troy66@example.com', '8562970201'),
(393, 'Stephen', 'Berry', 62, 'davidhutchinson@example.net', '2360357707'),
(394, 'Joshua', 'Bass', 37, 'ericksondonna@example.net', '8873421605'),
(395, 'Kenneth', 'Kim', 60, 'deannatasha@example.org', '6680521741'),
(396, 'Susan', 'Brady', 61, 'spatel@example.net', '2478454773'),
(397, 'Sarah', 'Dennis', 36, 'jeremyfarmer@example.net', '6529722378'),
(398, 'Julie', 'Anderson', 32, 'gina47@example.org', '6186873982'),
(399, 'Peter', 'Davis', 21, 'chopkins@example.net', '8154649138'),
(400, 'Christopher', 'Mccall', 27, 'tonyacrawford@example.org', '5185975370'),
(401, 'Robert', 'Romero', 19, 'travisestes@example.com', '7634046132'),
(402, 'Lisa', 'Cooper', 33, 'williambryant@example.org', '2855193472'),
(403, 'Mallory', 'Meyer', 53, 'dbradley@example.org', '5730180495'),
(404, 'Teresa', 'Jones', 47, 'zturner@example.net', '4740484869'),
(405, 'Caitlyn', 'Vaughan', 58, 'miguel13@example.com', '9693831524'),
(406, 'Diana', 'Fowler', 34, 'katieescobar@example.com', '1267838832'),
(407, 'Christine', 'Sanchez', 59, 'tarroyo@example.net', '8330027962'),
(408, 'Jason', 'Miller', 61, 'fbarajas@example.org', '7900288526'),
(409, 'Eddie', 'Martin', 56, 'qbowman@example.com', '6225820699'),
(410, 'Levi', 'Torres', 46, 'thomas78@example.com', '8918666687'),
(411, 'Ernest', 'Martin', 46, 'clintonspence@example.com', '9548720028'),
(412, 'Cassandra', 'Johnson', 20, 'johnhoffman@example.org', '7568690266'),
(413, 'Jose', 'Brooks', 46, 'chungkristin@example.com', '5214775215'),
(414, 'Martha', 'Hall', 49, 'michael19@example.net', '9671918909'),
(415, 'Amanda', 'Shaffer', 70, 'davidsaunders@example.net', '5029971134'),
(416, 'Alexa', 'White', 52, 'danielperez@example.com', '9912952827'),
(417, 'Heather', 'Smith', 31, 'riveraalexis@example.com', '3864317321'),
(418, 'John', 'Mitchell', 27, 'terri20@example.org', '3199946563'),
(419, 'Kaitlin', 'Calderon', 27, 'villanuevajennifer@example.org', '1610462864'),
(420, 'Nicole', 'Lee', 61, 'tanya07@example.org', '8451178133'),
(421, 'Jaclyn', 'Mcfarland', 54, 'bethanyguerrero@example.org', '7032875253'),
(422, 'Mark', 'Phillips', 21, 'lschaefer@example.net', '4042080581'),
(423, 'Steven', 'Moreno', 70, 'robert68@example.org', '8082534873'),
(424, 'Timothy', 'Miller', 38, 'spencer62@example.com', '6436058385'),
(425, 'Melissa', 'Lee', 22, 'davenportmary@example.org', '1017898321'),
(426, 'Kayla', 'Bishop', 26, 'bhines@example.org', '6913083052'),
(427, 'Kathleen', 'Rhodes', 33, 'fernandezcindy@example.org', '8440145002'),
(428, 'Cynthia', 'Moore', 32, 'joseph10@example.org', '7751137311'),
(429, 'Matthew', 'Davis', 33, 'blanchardamber@example.net', '7434255831'),
(430, 'Christopher', 'Duran', 49, 'john68@example.com', '4806284033'),
(431, 'Brenda', 'Watson', 38, 'hudsonwilliam@example.net', '1206289157'),
(432, 'Tyler', 'Walker', 41, 'pjenkins@example.org', '2661241181'),
(433, 'Sierra', 'Prince', 70, 'toddmoore@example.net', '0194860503'),
(434, 'Christie', 'Ramirez', 40, 'hmeyers@example.com', '5512391568'),
(435, 'Joshua', 'Bernard', 28, 'laura12@example.com', '9215785579'),
(436, 'Alyssa', 'Campbell', 70, 'ehansen@example.com', '8425679003'),
(437, 'Lisa', 'Carr', 28, 'phillip34@example.org', '9435304138'),
(438, 'Sandra', 'Monroe', 19, 'biancaparker@example.com', '0648000577'),
(439, 'Tracy', 'Bond', 56, 'jessica19@example.net', '1567898076'),
(440, 'Samuel', 'Daniel', 68, 'james54@example.net', '7704749953'),
(441, 'Catherine', 'Reyes', 49, 'ucurry@example.org', '6556050830'),
(442, 'Amanda', 'Beck', 34, 'qbaker@example.org', '9563682521'),
(443, 'Timothy', 'Franklin', 54, 'william69@example.net', '4877000058'),
(444, 'Alexander', 'Hartman', 38, 'hcarter@example.net', '0405963298'),
(445, 'Jamie', 'Morrison', 67, 'stephaniemathis@example.com', '1332201579'),
(446, 'Courtney', 'Garrett', 58, 'ctyler@example.net', '8466265305'),
(447, 'Megan', 'Wright', 21, 'colleen76@example.net', '7686525678'),
(448, 'Gabriela', 'Hall', 31, 'wsmith@example.com', '9350339192'),
(449, 'Phillip', 'Kline', 21, 'chadphelps@example.net', '3626096107'),
(450, 'Leah', 'Bryan', 46, 'samuelbanks@example.com', '7171235659'),
(451, 'Dana', 'Ferrell', 52, 'molly13@example.net', '4733643327'),
(452, 'Larry', 'Barnes', 44, 'osampson@example.org', '4559769458'),
(453, 'Lisa', 'Bray', 39, 'zimmermanteresa@example.com', '9251720634'),
(454, 'Mary', 'Clark', 33, 'john96@example.org', '5432180941'),
(455, 'Ryan', 'Brewer', 33, 'andres98@example.org', '3698948156'),
(456, 'William', 'Davila', 64, 'zsmith@example.org', '0296667440'),
(457, 'Warren', 'Vazquez', 67, 'millerkenneth@example.com', '8526513555'),
(458, 'Gerald', 'Reed', 30, 'maddendarrell@example.com', '3305433672'),
(459, 'Cynthia', 'Phillips', 18, 'arianagay@example.com', '0063572192'),
(460, 'Robert', 'Lee', 58, 'racheltorres@example.org', '5184931957'),
(461, 'Dean', 'Lopez', 69, 'shawkenneth@example.com', '4264868971'),
(462, 'Sarah', 'Lee', 24, 'stevenreynolds@example.net', '5093372689'),
(463, 'Anna', 'Villa', 39, 'robert26@example.net', '7368165358'),
(464, 'Amber', 'Coffey', 33, 'hbrooks@example.org', '5202110599'),
(465, 'Amanda', 'Melton', 42, 'brandy62@example.com', '5830634725'),
(466, 'Linda', 'Dalton', 29, 'jose71@example.net', '6163818361'),
(467, 'Edward', 'Nelson', 43, 'thompsonchris@example.com', '3951572318'),
(468, 'Michelle', 'Whitaker', 28, 'cruzjacob@example.net', '1126955349'),
(469, 'Lauren', 'Rodriguez', 19, 'xweber@example.net', '5234822454'),
(470, 'Joseph', 'Valencia', 27, 'donald44@example.com', '0518779902'),
(471, 'Judith', 'Schwartz', 34, 'hartsara@example.net', '3571075330'),
(472, 'Katherine', 'Cooper', 53, 'joellewis@example.org', '2379686816'),
(473, 'Diana', 'Sanford', 41, 'ynash@example.org', '3702318603'),
(474, 'Tina', 'Rhodes', 42, 'masseynicole@example.net', '7095247887'),
(475, 'Jeffrey', 'Valdez', 20, 'rrobinson@example.org', '0427985632'),
(476, 'Michael', 'Adkins', 57, 'fharris@example.com', '2841419199'),
(477, 'Robert', 'Foley', 58, 'suzannedennis@example.com', '0565700683'),
(478, 'Amber', 'Taylor', 53, 'tony41@example.org', '6428372859'),
(479, 'Sara', 'Ross', 45, 'ddavies@example.net', '5357177947'),
(480, 'Michael', 'Olson', 68, 'matthew78@example.org', '3429591825'),
(481, 'Joseph', 'Johnson', 28, 'antoniomoyer@example.com', '4825352955'),
(482, 'Candace', 'Smith', 59, 'yconley@example.net', '9076583416'),
(483, 'James', 'Soto', 25, 'christopher88@example.com', '8221894539'),
(484, 'Leslie', 'Williams', 33, 'robert68@example.com', '2230933475'),
(485, 'Kristopher', 'Martin', 46, 'qlambert@example.net', '1856240053'),
(486, 'Sarah', 'Harper', 53, 'dmurphy@example.net', '3741602975'),
(487, 'Tyler', 'Ortiz', 23, 'juanwong@example.net', '0963864883'),
(488, 'Richard', 'King', 42, 'nicoleclayton@example.com', '1812641447'),
(489, 'Joshua', 'Sims', 67, 'qgreer@example.net', '1526257777'),
(490, 'Krystal', 'Allen', 21, 'lisa70@example.org', '4512885640'),
(491, 'Brandon', 'Fox', 61, 'zsanchez@example.com', '8004258102'),
(492, 'Kristen', 'Ward', 37, 'laura47@example.org', '2396751996'),
(493, 'Sheryl', 'Harper', 48, 'jessica89@example.com', '5579973355'),
(494, 'Bethany', 'Moore', 20, 'calvinelliott@example.com', '3169696611'),
(495, 'Angela', 'Wood', 36, 'williamswendy@example.org', '5102982134'),
(496, 'Victoria', 'Buckley', 26, 'courtneysmith@example.org', '5892153122'),
(497, 'Tina', 'Davis', 20, 'schroedertimothy@example.com', '1293781153'),
(498, 'Allison', 'Molina', 57, 'srichardson@example.net', '6540852256'),
(499, 'Matthew', 'Richardson', 47, 'aprilpierce@example.org', '8376684363'),
(500, 'Alan', 'Turner', 62, 'linda04@example.org', '2454276700'),
(501, 'Amanda', 'Kim', 45, 'lewisbrandy@example.org', '7266270390'),
(502, 'Gabriel', 'Crawford', 50, 'david72@example.net', '7319566539'),
(503, 'Dalton', 'Stanley', 66, 'jennifer73@example.net', '3554836783'),
(504, 'John', 'Obrien', 43, 'jjones@example.net', '8897583084'),
(505, 'Stephanie', 'Bernard', 69, 'corysmith@example.net', '8845623197'),
(506, 'Rhonda', 'Fry', 70, 'kathleen92@example.com', '0018963215'),
(507, 'Andres', 'Ferguson', 38, 'rfowler@example.net', '4312724155'),
(508, 'Eric', 'Thomas', 47, 'woodsjennifer@example.org', '7636221636'),
(509, 'Bonnie', 'Hughes', 35, 'theresa03@example.com', '8203808950'),
(510, 'David', 'Miller', 68, 'collinsjonathon@example.net', '0198124470'),
(511, 'Justin', 'Scott', 34, 'alexandrahall@example.org', '0842848524'),
(512, 'Tiffany', 'Hernandez', 45, 'tyler37@example.com', '1628643154'),
(513, 'Stephanie', 'Lopez', 58, 'sallen@example.com', '6528937839'),
(514, 'Phillip', 'Johnson', 19, 'robert68@example.org', '4482764841'),
(515, 'William', 'Parsons', 46, 'samantha12@example.net', '1533098764'),
(516, 'Kimberly', 'Solomon', 52, 'larajeremy@example.com', '1733614901'),
(517, 'Leslie', 'Leblanc', 56, 'shirleymiddleton@example.net', '4098912430'),
(518, 'Lindsey', 'Vazquez', 69, 'canderson@example.org', '2339829064'),
(519, 'Daniel', 'Parker', 42, 'murphykelly@example.com', '4759833725'),
(520, 'Jenna', 'Wilson', 47, 'jackie67@example.org', '6038527476'),
(521, 'Victoria', 'Murphy', 57, 'christina13@example.org', '0115844798'),
(522, 'Christine', 'Gonzalez', 70, 'alicia56@example.org', '5374406292'),
(523, 'Adam', 'Thomas', 48, 'penarobert@example.org', '8698204863'),
(524, 'Lori', 'Moss', 54, 'isaiahrodriguez@example.net', '2110860408'),
(525, 'Travis', 'Alvarez', 27, 'hollandleslie@example.net', '5499216966'),
(526, 'Aaron', 'Anthony', 29, 'mwagner@example.com', '0987540686'),
(527, 'Alexa', 'Nguyen', 61, 'xfreeman@example.net', '5713900901'),
(528, 'Heather', 'Harper', 59, 'rfitzgerald@example.net', '9223346618'),
(529, 'Anthony', 'Blackburn', 54, 'cbaker@example.net', '6905964049'),
(530, 'Sheryl', 'Small', 64, 'tonytran@example.net', '9649892799'),
(531, 'Bradley', 'Cunningham', 18, 'christinesmith@example.org', '8605827198'),
(532, 'Steven', 'White', 26, 'michaeljohnson@example.com', '2343891730'),
(533, 'Tyler', 'Walters', 48, 'willie80@example.com', '6366773168'),
(534, 'Henry', 'Mendoza', 69, 'brad70@example.net', '7526456164'),
(535, 'Courtney', 'Graham', 44, 'erin03@example.net', '5676972286'),
(536, 'Anna', 'Roth', 54, 'evan42@example.org', '7894665565'),
(537, 'Bradley', 'English', 27, 'idowns@example.org', '8799849029'),
(538, 'Kelli', 'Mays', 22, 'nicole90@example.org', '4508101136'),
(539, 'Judy', 'Young', 49, 'johnstonangela@example.net', '2980531798'),
(540, 'Joshua', 'Powell', 39, 'nguyenaaron@example.net', '4690489196'),
(541, 'Laura', 'Novak', 39, 'jacksonjanice@example.net', '4783574764'),
(542, 'Holly', 'Fields', 55, 'michelle81@example.org', '3164368198'),
(543, 'Keith', 'Curry', 54, 'vstrong@example.org', '1753997301'),
(544, 'Devin', 'Perez', 18, 'eric50@example.com', '9562490641'),
(545, 'Kimberly', 'Schneider', 54, 'kirk92@example.org', '9573938129'),
(546, 'Jennifer', 'Bell', 60, 'donaldknight@example.net', '3766382204'),
(547, 'Edward', 'Robinson', 56, 'bowersjeffrey@example.net', '7402358133'),
(548, 'Jonathan', 'Carroll', 67, 'barrettamy@example.org', '7306236434'),
(549, 'Victoria', 'Hogan', 36, 'sandovalsheila@example.org', '3740882242'),
(550, 'Michelle', 'Harper', 36, 'michael03@example.org', '2828170291'),
(551, 'Tammy', 'Armstrong', 41, 'hstout@example.net', '8623305336'),
(552, 'Andrew', 'Garcia', 27, 'penny46@example.net', '1547894621'),
(553, 'Gina', 'Wells', 39, 'wwhite@example.com', '6804238106'),
(554, 'Kathleen', 'Garcia', 22, 'ulevy@example.org', '3668700960'),
(555, 'Joseph', 'Evans', 25, 'mcmahonedward@example.org', '1792972104'),
(556, 'Alec', 'Lester', 24, 'wanda14@example.com', '7929348655'),
(557, 'David', 'Mendez', 70, 'qsingh@example.org', '4546977561'),
(558, 'Kristen', 'Jones', 34, 'edwardthomas@example.com', '1302339636'),
(559, 'Randy', 'Parsons', 25, 'michaelhill@example.org', '0564179219'),
(560, 'Jesse', 'Larsen', 61, 'keithmcdaniel@example.org', '1537410134'),
(561, 'Russell', 'Wilson', 52, 'jennifer41@example.org', '6383553040'),
(562, 'Michael', 'Wilson', 48, 'nicole17@example.org', '1152504521'),
(563, 'Kathleen', 'Castillo', 19, 'gardnernicole@example.org', '9857625520'),
(564, 'Nancy', 'Rodriguez', 27, 'karenmcclure@example.net', '0784165986'),
(565, 'Andrew', 'Proctor', 67, 'mdavis@example.com', '8726134751'),
(566, 'Lisa', 'Conway', 21, 'brodriguez@example.org', '5889734144'),
(567, 'Mark', 'Velez', 20, 'bryantangela@example.org', '1528852473'),
(568, 'Michael', 'Wagner', 27, 'sarastewart@example.com', '7659135671'),
(569, 'Amber', 'Knight', 52, 'jackiegreen@example.net', '6124779999'),
(570, 'Brandi', 'Bailey', 60, 'michaelking@example.net', '1783294277'),
(571, 'Cindy', 'Oliver', 36, 'wtaylor@example.com', '5431486253'),
(572, 'Gary', 'Camacho', 49, 'xbrooks@example.org', '8121240826'),
(573, 'Joan', 'Williams', 37, 'jamesdiane@example.org', '2073510951'),
(574, 'Louis', 'Andrews', 43, 'petercarroll@example.com', '0913577985'),
(575, 'Scott', 'Brown', 25, 'leematthew@example.net', '0260859160'),
(576, 'Carlos', 'Mcdonald', 51, 'jasonnicholson@example.net', '5057547605'),
(577, 'Ashley', 'Garcia', 39, 'mcleanmichael@example.com', '1458972221'),
(578, 'Sheila', 'Rodriguez', 58, 'tammygriffin@example.org', '5748963422'),
(579, 'Robert', 'Collins', 63, 'smithelizabeth@example.net', '3001258660'),
(580, 'Margaret', 'Kim', 33, 'colehoward@example.org', '5424196546'),
(581, 'Priscilla', 'James', 64, 'swilson@example.net', '3760764720'),
(582, 'Joseph', 'Santos', 59, 'amber54@example.org', '6383037531'),
(583, 'Richard', 'Stone', 31, 'timothyklein@example.org', '7778610970'),
(584, 'John', 'Clay', 45, 'nicolefranklin@example.net', '9457683187'),
(585, 'Joshua', 'Reid', 25, 'pughnathan@example.com', '0249363343'),
(586, 'Laura', 'Torres', 57, 'olsonmichael@example.com', '3088078655'),
(587, 'Nicole', 'Williams', 30, 'nwright@example.net', '0967990251'),
(588, 'Ronnie', 'Lewis', 37, 'heather01@example.net', '3927022329'),
(589, 'Rebekah', 'Schaefer', 45, 'kimberlyclark@example.org', '6202237417'),
(590, 'Christopher', 'Ramsey', 35, 'tiffanysmith@example.org', '5037079664'),
(591, 'Laura', 'Pena', 40, 'jonathan41@example.org', '9591283018'),
(592, 'Randy', 'Martinez', 43, 'sandra95@example.com', '2650028879'),
(593, 'Francisco', 'Ortiz', 67, 'bperez@example.org', '9135763616'),
(594, 'Laurie', 'Roman', 34, 'joshua44@example.net', '0492735482'),
(595, 'Tara', 'Baker', 40, 'spalmer@example.net', '1984603338'),
(596, 'Marilyn', 'Wood', 68, 'blairmatthew@example.net', '9141028481'),
(597, 'Whitney', 'Tran', 33, 'gabrielwilson@example.org', '8261687589'),
(598, 'Maria', 'Roberts', 56, 'jason59@example.org', '8482350614'),
(599, 'Timothy', 'Duarte', 20, 'jordan93@example.com', '1319997760'),
(600, 'Edward', 'Meyer', 54, 'charlesphillips@example.net', '6873272692');

INSERT INTO `images` (`image_id`, `description`, `image_file`) VALUES
(1, 'Beatae tempora rem omnis deserunt eligendi ratione repellat autem sapiente sit, incidunt nulla ad consequuntur animi magnam molestiae magni aut, accusantium facilis eveniet saepe ipsa fuga sit voluptatibus, quas eaque voluptatum dolorem a reprehenderit, qui a error dolores.', 'https://picsum.photos/382/670/'),
(2, 'Quia necessitatibus pariatur amet illo reiciendis molestias optio cupiditate aut aspernatur culpa, est facilis in?', 'https://placekitten.com/207/476/'),
(3, 'Omnis minima voluptatem illum, labore vero eius optio magnam libero repellendus, perspiciatis distinctio fuga, officia aspernatur quam harum quidem minus laboriosam beatae quod rem excepturi totam, ratione excepturi quidem dignissimos aspernatur corporis recusandae fugit rerum quisquam.', 'https://dummyimage.com/83x920/'),
(4, 'Fugit inventore dignissimos minima harum corrupti, nam minus magni rerum aut porro repellendus doloribus?', 'https://picsum.photos/198/938/'),
(5, 'Itaque impedit possimus beatae quod, nesciunt laudantium necessitatibus itaque fugit sint hic inventore adipisci quia, provident impedit necessitatibus itaque dolorem hic, dolorum rem soluta id dolor architecto iste, ex reiciendis modi obcaecati hic sapiente molestias neque temporibus.', 'https://placekitten.com/173/946/'),
(6, 'Maiores quaerat maxime ipsum doloribus rem quis repudiandae ex voluptates laudantium nulla, accusantium labore vero, debitis repellendus perspiciatis doloremque eius iusto natus sit dignissimos dolorum, quas possimus placeat sunt impedit voluptates eaque explicabo modi error.', 'https://dummyimage.com/108x10/'),
(7, 'Laudantium quod nesciunt accusantium illum, ipsam ut quam suscipit aperiam libero eveniet et commodi, quidem inventore eius aperiam perferendis asperiores ipsum ratione hic qui quis, voluptate minus tempora, quibusdam rem omnis.', 'https://picsum.photos/462/651/'),
(8, 'Itaque reprehenderit beatae iure nesciunt perspiciatis facere, corporis dolore modi asperiores rem debitis quo cupiditate non id excepturi, nisi velit in, ea commodi ad consequuntur tempore consequatur aspernatur nisi molestias natus.', 'https://placekitten.com/144/374/'),
(9, 'Numquam voluptatum harum dolores assumenda nam quod, sunt quis blanditiis aliquam quod asperiores aperiam numquam doloremque cum quam aliquid, molestias natus maxime eius laudantium alias ullam voluptatem harum ab quaerat dolores, dolores placeat tempora ea ipsum sed quas voluptas sint dolorum inventore nemo?', 'https://picsum.photos/593/190/'),
(10, 'Illo quasi error sunt, vero magnam temporibus in provident iure rem veniam quos natus eligendi?', 'https://dummyimage.com/281x719/'),
(11, 'Quae numquam quod hic aliquid velit excepturi saepe, unde possimus consequatur quibusdam officia excepturi, qui recusandae temporibus?', 'https://dummyimage.com/497x379/'),
(12, 'Perferendis incidunt totam nesciunt eligendi impedit libero deleniti aperiam, sit illum maiores soluta eligendi nesciunt, dolorem ex debitis commodi natus possimus obcaecati porro iure, officia deleniti officiis molestiae quia, asperiores a animi quaerat repellendus eaque suscipit dolorem facilis voluptatem necessitatibus?', 'https://picsum.photos/188/1000/'),
(13, 'Officia accusamus iure officiis consequatur placeat, hic aut amet et beatae, minus nobis ad fuga quaerat nisi quas autem recusandae ullam at odit.', 'https://dummyimage.com/242x28/'),
(14, 'Molestias odit quo incidunt, sed nisi obcaecati corporis veniam incidunt fuga perferendis cum omnis, distinctio quas commodi maiores aliquid praesentium fugit nisi placeat quidem dolores, nisi officia neque eos quis distinctio repellendus dolorem ea ex, maxime repellendus veritatis nisi deserunt corporis eum?', 'https://placekitten.com/653/586/'),
(15, 'Maiores amet accusantium dicta, illum soluta repellendus deserunt accusantium placeat eum nemo odio deleniti tenetur quam?', 'https://picsum.photos/854/555/'),
(16, 'Rerum odit quia distinctio natus deleniti nulla dolores dicta obcaecati eaque, quidem nulla aspernatur rem ut debitis, veritatis deleniti ex autem mollitia placeat expedita delectus, vero accusamus asperiores expedita quidem ut, qui animi enim.', 'https://picsum.photos/127/0/'),
(17, 'Adipisci excepturi tempore eligendi nemo ipsum ducimus mollitia, blanditiis facere odit aut ipsa doloremque ab incidunt, nostrum qui commodi fuga.', 'https://dummyimage.com/11x71/'),
(18, 'Recusandae esse expedita, officiis saepe non dolorum in, nisi sunt quaerat odio.', 'https://picsum.photos/417/117/'),
(19, 'Fugit voluptas repudiandae nesciunt, ipsa saepe magni suscipit at eius molestiae odit dicta, voluptates exercitationem veritatis hic perspiciatis, enim asperiores numquam.', 'https://dummyimage.com/919x90/'),
(20, 'Expedita porro ex dicta architecto in tempore unde dolorem aliquam consequuntur beatae, ducimus reprehenderit amet, fugit impedit nesciunt ad nihil facilis aliquid vitae corporis hic error, ducimus earum libero blanditiis recusandae at animi natus quasi praesentium alias laborum, magni culpa ipsa aliquid quod accusantium deserunt ex provident exercitationem recusandae laborum.', 'https://picsum.photos/611/4/'),
(21, 'Commodi explicabo consectetur molestiae aut error, magni repellendus ipsa dolores quae porro animi, accusantium consequatur possimus hic.', 'https://dummyimage.com/131x532/'),
(22, 'Incidunt eveniet repudiandae, rerum laboriosam placeat quas beatae cumque totam eos optio, temporibus earum molestiae aut quis assumenda illo, minus molestiae natus eius dolorem illum neque doloremque ut aperiam corrupti.', 'https://dummyimage.com/586x717/'),
(23, 'Cum voluptates eum rem adipisci nesciunt tempora blanditiis voluptatem odit, praesentium maxime accusantium sed optio excepturi.', 'https://dummyimage.com/670x147/'),
(24, 'Ipsam repellendus excepturi dolorum possimus autem repudiandae explicabo voluptatem, quos molestias nesciunt reiciendis exercitationem tempore deleniti, nisi voluptate dolores, cupiditate nostrum incidunt dolorum illum aliquid ducimus, ducimus iure ad alias repellendus nemo est quibusdam doloribus quidem?', 'https://placekitten.com/637/427/'),
(25, 'Necessitatibus omnis perferendis officia cumque itaque distinctio hic delectus consectetur numquam laboriosam, porro odio mollitia nesciunt amet tempore earum architecto molestiae quia?', 'https://picsum.photos/113/401/'),
(26, 'Explicabo eveniet deserunt, doloribus cupiditate nulla quis dolore veritatis reiciendis perferendis voluptates, fugit adipisci illo similique laborum, qui rerum molestias voluptatum nesciunt natus harum rem suscipit facere dolores aliquam.', 'https://placekitten.com/890/189/'),
(27, 'Laboriosam voluptatem ad ea perspiciatis placeat sint asperiores quae, totam id quas vel itaque magni accusantium obcaecati esse.', 'https://dummyimage.com/846x239/'),
(28, 'Dolore amet laboriosam iste autem assumenda dicta aspernatur quaerat, reprehenderit dolorem voluptatibus deleniti eveniet architecto cum numquam suscipit tempore labore ipsum, laboriosam dolor itaque maiores doloribus distinctio recusandae amet facere provident nam, quo qui quas facilis harum distinctio architecto, aliquid animi reprehenderit numquam blanditiis maxime autem exercitationem itaque?', 'https://placekitten.com/262/408/'),
(29, 'Cumque provident nisi ipsam numquam nulla porro error hic quaerat, necessitatibus provident nemo asperiores fugiat, a consequuntur ex error nulla cum labore.', 'https://dummyimage.com/325x847/'),
(30, 'Natus autem dolor aperiam debitis quos molestias iure repudiandae quibusdam delectus hic, nam blanditiis natus quae quis, fugiat explicabo sapiente minus eius aliquid illum hic at.', 'https://dummyimage.com/720x1019/'),
(31, 'Debitis quo id laudantium fugiat qui ipsam alias aliquid, optio quidem similique quo recusandae eaque odit et quae excepturi?', 'https://placekitten.com/879/660/'),
(32, 'Molestiae iure earum atque quasi nihil impedit, dicta nulla non inventore, iure quas molestiae ipsam quos eligendi esse ad facere corporis eaque, amet rerum sint voluptatibus ab eaque delectus optio?', 'https://placekitten.com/751/654/'),
(33, 'Officia quo nobis tempore numquam sint commodi repudiandae consequatur magni, commodi tempora vitae, sit commodi possimus delectus quasi quod dolores obcaecati deserunt iure, voluptatibus adipisci minima odio in modi at quisquam ipsa nemo?', 'https://placekitten.com/42/321/'),
(34, 'Facilis ad est temporibus, cumque tempora sit culpa nihil, corrupti nostrum sunt exercitationem cum nobis, cumque amet qui vitae consequuntur.', 'https://placekitten.com/177/143/'),
(35, 'Ab sit praesentium optio eveniet nobis sapiente sunt enim eaque, blanditiis ipsam animi provident molestias, tenetur sint cum labore eveniet sequi ex, in eos dicta reprehenderit minima porro eum minus sunt obcaecati quasi, fuga quaerat cumque reprehenderit animi?', 'https://placekitten.com/40/467/'),
(36, 'Pariatur quam ex, ab perspiciatis unde dolorem ullam inventore corporis nisi sequi repellendus quos blanditiis, fugiat vitae ipsam tempore fugit reiciendis?', 'https://dummyimage.com/506x639/'),
(37, 'Eum tempora quaerat earum soluta dolorem enim suscipit ut dignissimos porro, reiciendis aut quae fugiat impedit atque quam ducimus, enim assumenda aut excepturi cupiditate impedit dignissimos explicabo ratione et ullam iusto?', 'https://picsum.photos/640/326/'),
(38, 'Doloremque earum et dolorum porro repellat eaque rerum fuga, modi nam provident quasi, non numquam excepturi facilis odio earum cum quos illum aspernatur amet illo, maiores nam ex eaque odio autem veniam cupiditate tempora obcaecati laboriosam, iure eos provident pariatur saepe non id quia nesciunt veritatis rerum.', 'https://placekitten.com/64/206/'),
(39, 'Consequuntur exercitationem earum incidunt odio cum, vitae officia non molestiae et facere hic iste enim ipsam aut, quibusdam quaerat explicabo accusamus voluptatibus tempora error sequi?', 'https://picsum.photos/568/142/'),
(40, 'Molestias repudiandae magni ipsum beatae, sequi quasi ipsam eum saepe at minus est possimus iusto deserunt, ducimus dicta impedit quas voluptatem incidunt nobis, molestiae voluptatibus laudantium commodi iusto, veritatis iure fugiat nostrum natus voluptatibus veniam atque ipsum.', 'https://picsum.photos/559/747/'),
(41, 'Perferendis iusto veniam ratione veritatis laboriosam laborum labore nihil qui ipsum, ducimus deleniti omnis laudantium harum soluta nostrum cumque deserunt quos.', 'https://dummyimage.com/33x439/'),
(42, 'Eos unde voluptas, cupiditate culpa optio doloribus quaerat sequi enim ipsam, vel aliquid architecto aut nostrum possimus culpa facere similique?', 'https://placekitten.com/222/838/'),
(43, 'Magni blanditiis placeat quos explicabo impedit officia, enim id soluta molestiae at delectus et, cum unde architecto odio facere deleniti id, officia facilis ullam nostrum quis voluptas tempora tenetur dignissimos earum repellendus, sapiente enim facilis quisquam minus eum?', 'https://placekitten.com/879/737/'),
(44, 'Consequatur consequuntur numquam qui rerum corrupti optio dolorem, vero nesciunt sed dolorum blanditiis dolor maiores at deserunt doloremque, animi ducimus explicabo iure aliquid reiciendis possimus mollitia distinctio tempore, eius culpa optio quos dicta neque accusantium tenetur reprehenderit magni nesciunt dignissimos.', 'https://placekitten.com/939/530/'),
(45, 'Reprehenderit expedita nobis quisquam quasi similique praesentium totam, consequuntur ut quo soluta quasi.', 'https://picsum.photos/573/63/'),
(46, 'Sequi architecto reprehenderit magnam nam quae reiciendis vitae voluptates asperiores, voluptatum accusamus suscipit sunt necessitatibus, non ut ducimus maxime necessitatibus explicabo delectus dicta dolor a, rerum nobis doloremque perspiciatis fuga qui voluptas facilis, quam accusantium perspiciatis quia officiis facere adipisci voluptates corporis.', 'https://picsum.photos/681/540/'),
(47, 'Explicabo neque alias ad magnam, nemo quis enim laborum amet iure soluta veritatis repudiandae odit incidunt debitis?', 'https://picsum.photos/769/264/'),
(48, 'Totam nesciunt doloribus, fuga voluptatum facere voluptatibus adipisci perferendis dolorum velit necessitatibus ipsum cumque.', 'https://picsum.photos/31/588/'),
(49, 'Dignissimos deserunt aut laudantium, modi inventore odio aspernatur, distinctio dolorum quod quidem, incidunt sint consectetur.', 'https://dummyimage.com/737x339/'),
(50, 'Veniam suscipit nobis facere est deserunt corrupti asperiores assumenda repellat, impedit dolorum laborum quaerat iusto qui officiis nostrum quidem quam voluptate, quis magnam harum officia eaque explicabo rem nam maiores sequi ipsam error.', 'https://dummyimage.com/930x356/'),
(51, 'Quas quae delectus doloribus sequi, quasi delectus officia adipisci ipsum, architecto placeat eius cumque amet accusamus consequatur, perferendis ipsa possimus quis id consequuntur adipisci explicabo, iste repudiandae quos hic dolor aut voluptatem veniam?', 'https://dummyimage.com/206x203/'),
(52, 'Quae optio soluta corporis doloremque dolores accusamus placeat voluptates, unde quae tempore et at, eligendi iste numquam ducimus quia repellendus laudantium unde explicabo mollitia placeat, reprehenderit quis dolor at neque dolorum ut cum harum suscipit assumenda in.', 'https://picsum.photos/511/844/'),
(53, 'Laboriosam veniam ipsam facilis in expedita, tempore error explicabo iste ipsa odit natus quas fuga iusto excepturi quia, alias iusto cumque maxime temporibus tempore fuga ipsam sunt.', 'https://placekitten.com/322/175/'),
(54, 'Corporis delectus ducimus quos distinctio officiis exercitationem dolor tempora, neque rerum maiores corporis assumenda odit, quas illum officiis, asperiores repellat natus beatae velit cum?', 'https://placekitten.com/707/831/'),
(55, 'Delectus possimus odit illo architecto ipsum, vero totam libero perferendis harum quidem omnis ducimus laudantium nulla magni, dolore voluptate sunt sint doloremque quam eum iure distinctio fuga sequi, delectus odit impedit sunt, exercitationem nobis quisquam.', 'https://dummyimage.com/699x377/'),
(56, 'Nisi temporibus blanditiis aperiam a, ut reprehenderit quam ratione odio cum?', 'https://dummyimage.com/628x608/'),
(57, 'A aperiam facere ducimus atque blanditiis maiores ad pariatur cumque ex at, inventore numquam impedit excepturi sequi tenetur nihil cupiditate illo animi deleniti doloribus, earum iure non asperiores voluptates ratione veniam illo aspernatur sit quibusdam numquam, obcaecati quae distinctio a tempora eius?', 'https://picsum.photos/206/912/'),
(58, 'Nam cumque maiores facere quas quibusdam error illum autem mollitia, dolor sit cupiditate pariatur perferendis consequuntur repellendus atque nam culpa neque?', 'https://picsum.photos/250/472/'),
(59, 'Sed cumque nobis doloremque, maxime voluptas nobis nesciunt voluptates non laboriosam, fugiat nihil officiis nemo similique reiciendis fugit beatae.', 'https://placekitten.com/261/584/'),
(60, 'Aut beatae exercitationem accusamus, illo hic natus nemo sunt a excepturi minima asperiores nisi, officia vel ducimus magni iusto.', 'https://placekitten.com/104/393/'),
(61, 'Illo modi deleniti perferendis distinctio accusantium officia enim, error id similique impedit, rerum accusantium labore eius similique, quas aliquam quo ad vero placeat totam sint ipsum harum voluptatum perferendis.', 'https://picsum.photos/300/361/'),
(62, 'Assumenda saepe tenetur, porro quis vitae facilis eius laboriosam modi voluptates atque, aut exercitationem illum quidem aliquid ipsa ut dolores eos neque, distinctio voluptatibus animi sint magnam quae molestias maiores earum possimus rem, hic voluptate officia quae ipsa totam rem nemo?', 'https://picsum.photos/264/761/'),
(63, 'Vel porro facere reprehenderit laboriosam numquam unde, quam dolorum adipisci perspiciatis quibusdam, earum atque doloremque id, tempore eligendi velit aliquam ea vitae alias porro, amet molestias voluptates tempore exercitationem voluptate explicabo asperiores quam recusandae doloremque natus.', 'https://placekitten.com/589/659/'),
(64, 'Aliquid fugit repudiandae quas error debitis voluptas ab maxime incidunt vel, velit qui eius quisquam natus accusamus cumque architecto atque, laborum quae similique corporis cumque delectus, aut officiis error ex quibusdam odio temporibus suscipit excepturi, porro fugit sapiente ipsum similique suscipit unde?', 'https://picsum.photos/818/74/'),
(65, 'Ea laudantium quibusdam temporibus similique quis nisi non enim, neque repudiandae odio ea?', 'https://dummyimage.com/689x501/'),
(66, 'Cum cumque totam ducimus dolorum libero ullam aliquid soluta, temporibus ipsum quis adipisci, fugit nobis harum dolorum ab modi deleniti officia, magni similique voluptatem et voluptate cumque.', 'https://picsum.photos/177/415/'),
(67, 'Eaque quibusdam facere laboriosam asperiores commodi nisi, nisi nihil similique ut omnis provident minus odit optio voluptate non eos, maxime ipsam perspiciatis nam dolores quisquam?', 'https://dummyimage.com/701x158/'),
(68, 'Quasi explicabo at quaerat dicta ipsa quo, perferendis iure quidem quia unde quibusdam reiciendis incidunt iusto laboriosam illo, impedit placeat error similique maiores, natus ratione quia impedit, adipisci facere reiciendis nobis et provident nihil aspernatur.', 'https://picsum.photos/958/313/'),
(69, 'Nihil odio iusto corporis praesentium dolor omnis, atque velit eius nihil aliquam beatae incidunt eligendi unde qui magnam, aut laudantium iste iure, ducimus ea doloribus delectus nam repellat ad aut voluptatem labore omnis cupiditate, officiis perspiciatis voluptas.', 'https://dummyimage.com/869x40/'),
(70, 'Numquam pariatur necessitatibus unde nisi saepe omnis ullam animi voluptates, dolor maiores labore.', 'https://placekitten.com/237/1010/'),
(71, 'Iste cumque amet nulla in laudantium maxime reiciendis neque libero, excepturi inventore odit numquam eligendi unde impedit veniam?', 'https://dummyimage.com/378x783/'),
(72, 'Tempore ut aspernatur adipisci, modi expedita excepturi perferendis illo quisquam aspernatur natus id officia consectetur, dolor accusamus nulla voluptatibus molestiae repellendus, rem ullam tempora ad deleniti, veritatis aut architecto odio voluptatum explicabo numquam incidunt?', 'https://picsum.photos/105/1/'),
(73, 'Cupiditate laudantium saepe ducimus facilis, voluptatum recusandae pariatur minima reiciendis quos doloribus aliquam est iure quo inventore, eveniet est molestias vel praesentium fugiat voluptate maiores architecto.', 'https://dummyimage.com/406x179/'),
(74, 'Recusandae quae adipisci, corporis saepe dolorem corrupti laborum fugit architecto quaerat ullam et, ad delectus praesentium quae nobis modi autem eos quo labore a blanditiis.', 'https://dummyimage.com/163x36/'),
(75, 'Natus non iusto ea consequuntur assumenda eveniet deserunt ex officia, odio quae iste saepe impedit possimus ea quaerat repudiandae minus, sit doloribus ipsum veniam, exercitationem ipsum eligendi maiores commodi mollitia culpa fugiat beatae, nihil cum commodi.', 'https://picsum.photos/84/954/'),
(76, 'Nobis consequatur sunt voluptas porro itaque, consectetur id nesciunt accusantium nostrum sequi corporis cupiditate autem quo laudantium nam, nihil ducimus tempora voluptates, vel voluptates totam provident odio inventore repellat nostrum voluptas delectus sunt modi, corporis saepe repellat culpa amet debitis a eos.', 'https://dummyimage.com/942x307/'),
(77, 'Incidunt cum nobis vel quae id modi quo deleniti laborum, distinctio perferendis blanditiis minus vel quisquam autem inventore sit, molestias exercitationem voluptate possimus temporibus magnam animi dicta facere libero, quasi reiciendis incidunt beatae.', 'https://placekitten.com/138/1022/'),
(78, 'Dolore cupiditate eligendi provident eveniet, suscipit mollitia ad incidunt commodi explicabo doloremque dolores ab tenetur, illum inventore officia aut labore suscipit incidunt minus ullam amet beatae sed, hic neque maxime, consequuntur reiciendis voluptatum nesciunt maiores impedit facere consequatur nam eius harum.', 'https://placekitten.com/66/982/'),
(79, 'Sed dolore cum, pariatur rerum consectetur dignissimos, rerum error id vel asperiores qui veniam numquam adipisci cum, quis doloremque facere placeat dolorum accusantium impedit omnis culpa?', 'https://dummyimage.com/195x948/'),
(80, 'Vel impedit earum, doloribus repellendus magnam hic asperiores, quibusdam numquam commodi eum?', 'https://dummyimage.com/144x584/'),
(81, 'Iure deserunt modi quod enim, rerum debitis nulla expedita aliquam nisi, qui ipsa cum vitae consequuntur sed in nobis dolore reprehenderit?', 'https://placekitten.com/362/110/'),
(82, 'Velit dolor reprehenderit, corrupti dolorem a impedit delectus non libero tenetur numquam vel error, aperiam nostrum perferendis illum atque vitae, quae dignissimos enim adipisci fuga omnis quas laudantium perferendis officia reprehenderit?', 'https://picsum.photos/989/995/'),
(83, 'Exercitationem ipsum at dolorem, hic suscipit ullam architecto ipsam tempore culpa atque, quo sint suscipit cupiditate consequatur, beatae magnam rerum voluptatem, atque beatae dolorum ratione ullam voluptates.', 'https://dummyimage.com/896x551/'),
(84, 'Nisi totam ratione et, amet repellendus perferendis blanditiis totam dolores dolor pariatur animi at, nam molestias doloribus tempore magnam provident, saepe tempore itaque consequatur dolorem deserunt dolorum quis totam earum, nesciunt possimus omnis quas vitae nostrum consequuntur nulla ipsam iure dolorum.', 'https://picsum.photos/344/1017/'),
(85, 'Consectetur dolores accusamus aliquid aperiam veritatis magnam esse corporis distinctio repudiandae, eos dolore aspernatur corrupti minima dicta earum eligendi dolores nulla, laboriosam praesentium voluptatem expedita, nobis accusamus harum velit laborum deleniti quis totam hic praesentium voluptatem beatae?', 'https://picsum.photos/13/872/'),
(86, 'Ad quis quaerat quidem officia nemo odio neque voluptatibus officiis velit, nulla aspernatur aliquam vel, dolore nobis labore reiciendis adipisci iste id dicta esse excepturi fuga.', 'https://placekitten.com/192/297/'),
(87, 'Quidem tempore veniam architecto a, sunt excepturi placeat perspiciatis ipsa quasi, amet vero iste repudiandae, error facilis pariatur?', 'https://picsum.photos/14/321/'),
(88, 'Impedit soluta fugit, tempore beatae pariatur nihil blanditiis voluptatum est perferendis saepe quam, veritatis consequatur animi sapiente cupiditate eligendi fugiat, impedit minima rem culpa vel fugit, voluptatem velit quasi inventore molestiae sit optio doloribus?', 'https://placekitten.com/379/704/'),
(89, 'Debitis at eligendi eum aut quibusdam iste in quas quam, veniam totam perferendis officia voluptatibus eum amet est vel ad, tenetur fugit similique laudantium nulla vel iure cumque necessitatibus ex quam eius, iste cupiditate aliquam iusto aperiam sequi id earum debitis ipsa quisquam eligendi, impedit tempore voluptas deserunt modi?', 'https://dummyimage.com/998x59/'),
(90, 'Adipisci itaque cum aliquam numquam expedita sit quod amet rerum accusantium quidem, dolorem sit voluptatum repudiandae blanditiis ullam sapiente molestiae corporis modi nam.', 'https://picsum.photos/739/24/'),
(91, 'Cum accusantium incidunt, assumenda optio explicabo pariatur temporibus accusantium eos, non repudiandae impedit perspiciatis dicta voluptate dolorem possimus hic eligendi accusantium?', 'https://dummyimage.com/351x794/'),
(92, 'Illum possimus aut beatae quos sapiente asperiores ipsum nam harum, deleniti quas hic rem pariatur reiciendis expedita, ducimus facilis dolorum.', 'https://placekitten.com/734/441/'),
(93, 'Ratione autem praesentium consequuntur, quia quae corrupti minima officiis voluptas, nam temporibus unde provident voluptate inventore similique laborum ut, totam voluptatum repudiandae optio assumenda quos vero fugiat voluptatem, expedita laudantium vel provident dolores at maxime dignissimos voluptatem eum quisquam quia?', 'https://placekitten.com/789/735/'),
(94, 'Ex modi distinctio similique accusamus sed non, odit nisi doloremque commodi consequatur reiciendis harum nesciunt quia laudantium voluptas atque, et debitis vel illum distinctio minima natus similique dolorum consequatur suscipit quae, amet ducimus sapiente molestiae corporis, accusantium quasi earum sapiente nulla consequuntur ullam quae dolorem blanditiis consectetur.', 'https://dummyimage.com/679x64/'),
(95, 'Odio porro consequatur repellat sunt repellendus exercitationem cupiditate, sed pariatur possimus reiciendis rerum fugiat, sapiente at facilis, saepe nostrum veritatis laborum obcaecati amet porro at.', 'https://picsum.photos/658/102/'),
(96, 'Doloribus qui nobis tempora non nisi suscipit ipsam laboriosam cumque distinctio nam, quaerat nostrum adipisci ea voluptate, ut aperiam corrupti ullam, suscipit rerum voluptas impedit earum iure beatae architecto molestiae amet eligendi iste?', 'https://placekitten.com/43/585/'),
(97, 'Repellat ducimus sunt vero expedita dicta modi, doloremque explicabo maiores iure illo eius odio magni facilis eum praesentium voluptas.', 'https://dummyimage.com/887x873/'),
(98, 'Aspernatur mollitia modi minus praesentium amet velit dolores necessitatibus iure, vero quae aperiam quaerat, minus dolor error sed nobis nesciunt soluta minima obcaecati, provident quia aspernatur sapiente earum omnis nemo, nesciunt obcaecati quisquam in dolorem necessitatibus.', 'https://placekitten.com/994/899/'),
(99, 'Fugit aperiam rerum corrupti suscipit ullam laboriosam at qui possimus omnis, quas in nam architecto?', 'https://picsum.photos/80/737/'),
(100, 'Necessitatibus quisquam optio voluptas debitis explicabo, a omnis voluptatibus blanditiis harum possimus dolorem quae, eos illo est sapiente harum sit possimus aperiam, accusamus amet neque minus fuga ab?', 'https://picsum.photos/208/303/');

INSERT INTO `location` (`id`, `address`, `geo_coordinates`, `city`, `country`, `continent`) VALUES
(1, "2630 Anderson Way, Lake Dalton, FL 86523", "-34.963606,-137.392133", "Port Tashaville", "Cameroon", "Asia"),
(2, "80184 White Centers Apt. 031, East Taylorhaven, PW 02664", "2.031936,-61.730802", "Port Jody", "Suriname", "Africa"),
(3, "USNS Watts, FPO AP 60302", "-55.228165,-132.926695", "East Gregg", "Togo", "Antarctica"),
(4, "3473 Julie Greens, Sanchezburgh, MS 35220", "-81.072350,-77.196501", "New Patricia", "Montenegro", "Asia"),
(5, "453 Chandler Island Apt. 333, Garciafurt, OK 99118", "50.022694,-141.707239", "Lake Edwardland", "Belarus", "Asia"),
(6, "087 Trevor Mountains Suite 230, South Jennifermouth, WY 71944", "-17.566214,-84.217158", "Lake Christopher", "Saint Barthelemy", "Oceania"),
(7, "14450 Rose Point, Bradleyview, WA 69545", "20.487622,-37.635041", "North Ashlee", "Fiji", "Europe"),
(8, "863 Javier Shoals Suite 094, Billyberg, RI 15675", "-68.084029,-83.599527", "Port Joshua", "New Caledonia", "Europe"),
(9, "69973 Amber Highway, Nunezchester, AR 05721", "43.099697,119.301133", "Sarachester", "United Kingdom", "Africa"),
(10, "8364 Lori Ferry, Jasonside, AL 86175", "60.405945,47.704835", "Williamsbury", "North Macedonia", "Oceania"),
(11, "159 Hughes Rapid Apt. 991, Maryburgh, IL 63783", "-35.921546,-51.136620", "East Susan", "Colombia", "Africa"),
(12, "PSC 5838, Box 1667, APO AA 93755", "39.304451,63.168815", "Candicemouth", "Turkey", "Oceania"),
(13, "123 Hailey Fall Apt. 477, Wesleyland, IN 18516", "74.385920,1.381226", "Phillipsland", "Armenia", "South America"),
(14, "7408 Tanya Junction Suite 829, New Richardland, KS 05828", "74.904613,-42.328701", "North Jenniferview", "Montserrat", "Antarctica"),
(15, "PSC 1829, Box 0491, APO AE 00691", "-30.859254,152.432279", "Banksstad", "Svalbard & Jan Mayen Islands", "North America"),
(16, "7926 Christian Stravenue Suite 757, New Carolville, NY 30159", "-5.791876,131.897998", "Markville", "Mongolia", "Oceania"),
(17, "662 Munoz Isle Apt. 661, Taylorchester, NE 47879", "1.581988,131.658677", "North Kirstenberg", "Chile", "Africa"),
(18, "8216 Eric Lane, New Michaelberg, ME 35555", "54.543410,171.307580", "Rodriguezland", "Kazakhstan", "South America"),
(19, "7752 Melissa Island Suite 125, Vargasview, ME 58200", "80.578296,-29.219723", "Fowlermouth", "British Virgin Islands", "South America"),
(20, "139 Rodriguez Lights Apt. 240, Hernandezview, CA 97692", "38.417368,87.738802", "West Nancy", "Cocos (Keeling) Islands", "Oceania"),
(21, "1673 Linda Highway Suite 393, South Jefferymouth, DE 02953", "-7.189042,43.459990", "South Joe", "Puerto Rico", "Europe"),
(22, "45402 Karen Plains Suite 748, West Jennifer, NY 92688", "67.465025,72.963371", "Wendytown", "Paraguay", "Oceania"),
(23, "PSC 7650, Box 0352, APO AE 96277", "12.097792,-91.499115", "Hortonburgh", "Colombia", "North America"),
(24, "626 Lara Points Apt. 983, East Martha, NH 98264", "-13.118808,-38.273827", "East Shannonton", "Palestinian Territory", "Africa"),
(25, "69094 Matthew Mount Apt. 599, Woodsmouth, NE 92100", "-7.383466,-177.201008", "Lambertborough", "Senegal", "Europe");

INSERT INTO `locationPhotos` (`location_id`, `photo`) VALUES
(1,25),
(2,40),
(3,31),
(4,33),
(5,37),
(6,36),
(7,34),
(8,26),
(9,29),
(10,32),
(11,21),
(12,24),
(13,30),
(14,23),
(15,35),
(16,28),
(17,22),
(18,27),
(19,39),
(20,38),
(21,NULL),
(22,NULL),
(23,NULL),
(24,NULL),
(25,NULL);

INSERT INTO `artistband` (`id`, `type`, `name`, `alias`, `birthdate_formation_date`, `website`, `instagram`,`image`) VALUES
(1, 'Artist', 'Jonathan Oneill', 'delgadotracy1', '2004-03-03', 'http://www.miller-maddox.net/', 'https://www.instagram.com/uumlxarwcqluixrbrmkqrrgkmqqmgworiilfsxvjctycuemtfbsxwuhpyexwhd.com/',7 ),
(2, 'Artist', 'Tina Sparks', 'adamslindsay2', '1999-04-22', 'https://castillo.com/', 'https://www.instagram.com/wvdexugkhohrlxbvchyxwtasecmww.com/',9 ),
(3, 'Artist', 'Steven Davis', 'beckermichelle3', '2002-07-25', 'http://www.benitez.com/', 'https://www.instagram.com/wvcwkniihw.com/',3 ),
(4, 'Artist', 'Julie Lewis', 'hardyallison4', '1975-07-17', 'https://smith.com/', 'https://www.instagram.com/ejrrpiajlceupvmkmqrcsmwhgkybcyhrkuceupvmkmqrcs.com/',8 ),
(5, 'Artist', 'Zachary Austin', 'oneillemily5', '2019-11-01', 'https://shea.org/', 'https://www.instagram.com/dgorpuytwxrbyyktikkjriudailpdahipejgdxncaqkkyxxuppgnpspdijkhgaa.net/',2 ),
(6, 'Artist', 'Tonya Huynh', 'taylorramirez6', '2002-07-17', 'http://www.snyder.net/', 'https://www.instagram.com/ntgqdgjlqeoru.biz/',4 ),
(7, 'Artist', 'Adam Henderson', 'barbara187', '2001-08-29', 'https://wilson.org/', 'https://www.instagram.com/fynffccmsradcgiumufyqupfswljxapotoxytvaasbgadbwuwsllewkim.org/',6 ),
(8, 'Artist', 'Gregory Ferguson', 'cstephens8', '1976-03-02', 'https://www.curtis.com/', 'https://www.instagram.com/fxxkmelurfqwaprtvpkqjglrvltcni.com/',5 ),
(9, 'Artist', 'Cheyenne Young', 'nixonmatthew9', '2003-08-12', 'http://johnson-santiago.com/', 'https://www.instagram.com/lwfghvfbqbfcaoiuvpjhuwtfalaiyfimqbjnqgpaccbehhmyahalddmm.org/',10 ),
(10, 'Artist', 'Annette Acevedo', 'porterjay10', '1999-05-09', 'http://www.hayes.com/', 'https://www.instagram.com/jvfcvpeccmwfvtwtuttcnbkerkk.info/',1 ),
(11, 'Artist', 'Tonya Hensley', 'lmooney11', '2011-02-10', 'http://rivera-bridges.com/', 'https://www.instagram.com/ryskmjnxlduhryrrkpvjggqhvkfnahmnlfojlnnjdqkjyjrogvudnrpeg.com/',NULL ),
(12, 'Artist', 'Ashley James', 'vanessathompson12', '1988-09-05', 'https://www.cummings-fields.com/', 'https://www.instagram.com/xksrwmxrnxjvendhslxmrknybte.net/',NULL ),
(13, 'Band', 'Carr-Garcia', 'cummingscynthia13', '1974-08-21', 'http://www.howard.com/', 'https://www.instagram.com/hjswndxrsnajgqwxeiwuuhtrmicqjdshqqgfjtubplib.com/',NULL ),
(14, 'Artist', 'Caitlyn House', 'qgill14', '2019-09-30', 'http://www.morris.net/', 'https://www.instagram.com/gwsgyhvipjtpsfcrughmcgiahdhjedjnmjoutdahejgmckydfhwq.com/',NULL ),
(15, 'Artist', 'Tanya Barrett', 'deniselee15', '1978-08-03', 'http://www.cooper.org/', 'https://www.instagram.com/iukrvwotc.com/',NULL ),
(16, 'Band', 'Mclean-Rivera', 'bankskristin16', '1993-09-18', 'http://www.aguilar-combs.com/', 'https://www.instagram.com/ekvdtlvcoqbdslotcidmaujydpxhnm.com/',NULL ),
(17, 'Artist', 'Carolyn Benjamin', 'meghan0917', '2018-07-18', 'https://www.smith.info/', 'https://www.instagram.com/emdsrvv.net/',NULL ),
(18, 'Artist', 'Dylan Maldonado', 'jamie1918', '1988-10-17', 'http://www.holt.org/', 'https://www.instagram.com/iwxyhalompojgeejgfyvajpkvoho.com/',NULL ),
(19, 'Artist', 'Brianna Gonzales', 'thomasnichols19', '1998-05-21', 'https://www.evans.com/', 'https://www.instagram.com/congolbjnohcwccbbvmgrdfvphnnrpg.com/',NULL ),
(20, 'Artist', 'Katrina Owens', 'rhall20', '1998-07-01', 'https://www.shaffer.info/', 'https://www.instagram.com/dmjakmyulmnmcnsaupdonywptcehajkvcqgcyxwcajyirvaryxnrmdmxq.biz/',NULL ),
(21, 'Artist', 'William Molina', 'kennethmyers21', '1971-01-18', 'https://carter-jarvis.com/', 'https://www.instagram.com/mpcnlgqdpefuxk.com/',NULL ),
(22, 'Artist', 'Hunter Schmidt', 'jenniferbradley22', '2018-05-13', 'http://wright.com/', 'https://www.instagram.com/gk.info/',NULL ),
(23, 'Artist', 'Anthony Meyer', 'robertstewart23', '2008-04-03', 'https://contreras.com/', 'https://www.instagram.com/jjkkntyuvxpodvkeilgteyufphrilvvgttorojriqwlljaepkpvbnplssdlitt.com/',NULL ),
(24, 'Artist', 'Christian Davis', 'robert8024', '1970-12-31', 'http://kim.info/', 'https://www.instagram.com/nkuhipboh.com/',NULL ),
(25, 'Artist', 'Ashley Nelson', 'jwiley25', '1976-10-05', 'https://liu.org/', 'https://www.instagram.com/makamfbkxrqqlvoykrvfuyhsrbmgafgb.net/',NULL ),
(26, 'Artist', 'Victoria Gamble', 'reneecompton26', '2004-09-25', 'http://www.cowan-abbott.net/', 'https://www.instagram.com/cmsfdhpfruntyaqraiuuacojfblrwwcuphopovjorriaidyjufmhw.com/',NULL ),
(27, 'Artist', 'Steven Adams', 'allisonashley27', '2000-01-23', 'https://www.henry-griffith.net/', 'https://www.instagram.com/lxkwjlplvd.com/',NULL ),
(28, 'Artist', 'David Dalton', 'osmith28', '1984-08-25', 'https://payne.com/', 'https://www.instagram.com/cudpbeqyompcvk.com/',NULL ),
(29, 'Artist', 'Mark Pearson', 'royjennifer29', '2000-11-07', 'http://carpenter.org/', 'https://www.instagram.com/nkfwsncchihewtpu.org/',NULL ),
(30, 'Artist', 'Jeremy Kelly', 'pwhite30', '1979-11-10', 'http://nguyen-hudson.com/', 'https://www.instagram.com/xyjkjplcrvelrouofppddavuwhapfwcuxnubxtbiyakpifpvympapxkkmn.com/',NULL ),
(31, 'Band', 'Salinas Inc', 'pamelafloyd31', '1974-05-25', 'https://gutierrez.com/', 'https://www.instagram.com/fmcdtdbikixbfihcyoqyejymvtgnlfbwhejgpotqhxbaxpdkqusedxxuquj.com/',NULL ),
(32, 'Band', 'Humphrey-Lewis', 'sbass32', '2002-05-05', 'http://www.ray.com/', 'https://www.instagram.com/fhyqpkubdsegsocjqdtclqomvxlvedfjjpyaajly.net/',NULL ),
(33, 'Band', 'Johnson-Walker', 'ilong33', '1998-05-03', 'http://welch.com/', 'https://www.instagram.com/phmbssanhdgmemrjrtytfyqgberjpvertbfh.info/',NULL ),
(34, 'Artist', 'Sarah Walker', 'alexandragibson34', '1976-08-18', 'http://www.cooper.com/', 'https://www.instagram.com/xgjbwvogcappr.com/',NULL ),
(35, 'Artist', 'Bruce Wells', 'ellissusan35', '2007-05-28', 'https://lopez-rush.com/', 'https://www.instagram.com/tevyucnkqevjulnjxetcseqvgeqqavdvyqgwfwsw.biz/',NULL ),
(36, 'Artist', 'Justin Marsh', 'mannlisa36', '1984-06-14', 'http://www.cunningham-reyes.info/', 'https://www.instagram.com/kklgbtayqhjgdemb.com/',NULL ),
(37, 'Band', 'Myers-Camacho', 'seangonzalez37', '1971-07-05', 'http://martin-perez.info/', 'https://www.instagram.com/acfucldmcvtopvapehhqhdfoushojaytt.biz/',NULL ),
(38, 'Artist', 'Tanya Sheppard', 'robertreyes38', '1972-04-25', 'https://www.ferguson.com/', 'https://www.instagram.com/tjcpyxuxfqfnjiealuyjp.org/',NULL ),
(39, 'Artist', 'Chloe Phillips', 'evega39', '1999-08-02', 'http://tyler.com/', 'https://www.instagram.com/nifjampkdvayodcscywqnojdworlahljnjcmsyptehlhkwbisrlovl.biz/',NULL ),
(40, 'Artist', 'Elizabeth Hall', 'smithnancy40', '2000-10-29', 'https://bennett.com/', 'https://www.instagram.com/fyrllo.net/',NULL ),
(41, 'Artist', 'Erin Gould', 'timothy4541', '1977-12-28', 'https://martin.com/', 'https://www.instagram.com/cqrbkyqiycdchfpflirmq.com/',NULL ),
(42, 'Artist', 'Debra Jackson', 'billy5842', '2010-12-13', 'http://harris-berry.com/', 'https://www.instagram.com/opdxkiipnryuxuihptpoxvhhionjmrisentcqmcrpgtuptbcfqgnonnfnpjncvs.biz/',NULL ),
(43, 'Band', 'Taylor Ltd', 'hwilliams43', '2004-08-12', 'http://phillips-harris.com/', 'https://www.instagram.com/wxsldt.com/',NULL ),
(44, 'Artist', 'William Cook', 'lindseysara44', '2012-09-19', 'https://davis.org/', 'https://www.instagram.com/qvmungxiupesraiuvpjhuwtfalaiyfimqbjnqgpacc.com/',NULL ),
(45, 'Artist', 'Matthew Hansen', 'lindasanchez45', '1978-01-30', 'http://miller-taylor.com/', 'https://www.instagram.com/wwdqrfecnyriwndgqaqphtdaemdbc.com/',NULL ),
(46, 'Artist', 'Tina Farmer', 'lee6946', '2007-12-05', 'http://ross-olsen.com/', 'https://www.instagram.com/bfxrcywvvdlxagualtovrmrudne.biz/',NULL ),
(47, 'Band', 'White-Wood', 'smithsarah47', '1972-11-17', 'http://avila.com/', 'https://www.instagram.com/cwxboanbsbdiayvbmq.biz/',NULL ),
(48, 'Artist', 'Sandra Sampson', 'jyoung48', '2007-11-12', 'http://carlson.org/', 'https://www.instagram.com/rapaoyvaelbwivffwtlcnwbwykvkdbtmtkaagmkffwtlcnwbwykv.com/',NULL ),
(49, 'Artist', 'Lisa Mason', 'danielle1049', '2017-05-21', 'https://johnson.com/', 'https://www.instagram.com/stfsvntkholqyxxxitfydjtuuqasdybgav.com/',NULL ),
(50, 'Artist', 'John Thompson', 'sandrahall50', '2000-02-03', 'https://martinez-hernandez.com/', 'https://www.instagram.com/vpwjaqubeqrosptvcjwtrfkoeqebkaetivbxrtf.com/',NULL ),
(51, 'Artist', 'Christine Espinoza', 'ronaldgrant51', '1998-11-03', 'http://turner.net/', 'https://www.instagram.com/qytsnqimfpyolqsruplppgqumudeefkwkrlnuwnyxpplburqpgxoewxpofxgpu.com/',NULL ),
(52, 'Artist', 'Robert Rios', 'austin1252', '2000-06-01', 'http://ponce.com/', 'https://www.instagram.com/xwiginehwimhvebnmiuiehnwaheictdhu.biz/',NULL ),
(53, 'Artist', 'Mrs. Adriana Harris', 'ujohnson53', '2020-06-21', 'http://lewis-johnston.net/', 'https://www.instagram.com/vfcfdhorsxrvjgdrmivuejykdjygbkmykomqffud.com/',NULL ),
(54, 'Artist', 'Albert Morris', 'michaeldiaz54', '1983-09-16', 'http://middleton.com/', 'https://www.instagram.com/bewyak.com/',NULL ),
(55, 'Artist', 'Drew Moore', 'joshuataylor55', '1998-08-28', 'https://davis.com/', 'https://www.instagram.com/opemeqjgqewjwccecbepnpysxqxbbxysloioophylpnqgvhbfmstglc.com/',NULL ),
(56, 'Artist', 'Richard Whitehead', 'zcox56', '2008-10-24', 'http://www.green.net/', 'https://www.instagram.com/iscpjyyyopfyuh.com/',NULL ),
(57, 'Artist', 'Hannah Herring', 'andrea0657', '2019-07-06', 'http://cross.org/', 'https://www.instagram.com/gypesgcnqhyhfaeupgayyilckwstrvmststnrusqrdeyhfhgrissyexswxsgpw.com/',NULL ),
(58, 'Artist', 'Eric Lopez', 'emily6258', '1974-10-21', 'https://www.blair-reyes.info/', 'https://www.instagram.com/xxnduumussvaisogouylduhncxflopqwy.com/',NULL ),
(59, 'Artist', 'Timothy Baker', 'normanjames59', '1992-01-28', 'http://doyle-stephens.com/', 'https://www.instagram.com/ayitxglayaehgxtuaumpcefp.org/',NULL ),
(60, 'Band', 'Armstrong Ltd', 'dodom60', '1997-09-06', 'https://molina-juarez.com/', 'https://www.instagram.com/akohrcahdwahnpuoaqsittauqw.com/',NULL );

INSERT INTO `genre` (`id`, `genre_name`, `parent_genre`) VALUES
(1, 'Rock', NULL),
(2, 'Hard Rock', 'Rock'),
(3, 'Progressive Rock', 'Rock'),
(4, 'Punk Rock', 'Rock'),
(5, 'Jazz', NULL),
(6, 'Smooth Jazz', 'Jazz'),
(7, 'Bebop', 'Jazz'),
(8, 'Electronic', NULL),
(9, 'House', 'Electronic'),
(10, 'Techno', 'Electronic'),
(11, 'Pop', NULL),
(12, 'K-Pop', 'Pop'),
(13, 'Electropop', 'Pop'),
(14, 'Metal', NULL),
(15, 'Heavy Metal', 'Metal'),
(16, 'Black Metal', 'Metal'),
(17, 'Classical', NULL),
(18, 'Baroque', 'Classical'),
(19, 'Romantic', 'Classical');

INSERT INTO `artist_band_genre` (`artist_band_id`, `genre_id`) VALUES
(1, 11),
(1, 16),
(1, 18),
(2, 19),
(3, 19),
(3, 3),
(3, 7),
(4, 8),
(4, 6),
(4, 16),
(5, 3),
(5, 18),
(5, 17),
(6, 14),
(6, 3),
(7, 6),
(7, 19),
(7, 18),
(8, 3),
(8, 12),
(8, 17),
(9, 9),
(9, 18),
(10, 6),
(11, 18),
(12, 18),
(12, 1),
(12, 16),
(13, 9),
(13, 12),
(13, 2),
(14, 11),
(15, 1),
(16, 4),
(16, 10),
(16, 2),
(17, 17),
(17, 15),
(17, 11),
(18, 8),
(18, 3),
(18, 6),
(19, 10),
(19, 11),
(20, 17),
(20, 7),
(21, 15),
(21, 10),
(21, 14),
(22, 11),
(22, 4),
(23, 13),
(23, 7),
(23, 9),
(24, 14),
(24, 15),
(24, 10),
(25, 17),
(26, 7),
(26, 4),
(26, 14),
(27, 10),
(27, 4),
(27, 3),
(28, 9),
(28, 3),
(29, 1),
(29, 3),
(30, 19),
(30, 2),
(31, 15),
(31, 3),
(32, 7),
(33, 14),
(33, 8),
(33, 15),
(34, 16),
(34, 1),
(35, 11),
(36, 17),
(36, 1),
(37, 18),
(37, 5),
(38, 1),
(39, 4),
(39, 11),
(39, 18),
(40, 6),
(41, 4),
(42, 9),
(43, 6),
(44, 17),
(44, 6),
(44, 15),
(45, 12),
(45, 9),
(45, 10),
(46, 12),
(46, 13),
(47, 1),
(47, 19),
(48, 9),
(48, 15),
(48, 18),
(49, 18),
(49, 1),
(49, 11),
(50, 1),
(50, 11),
(50, 18),
(51, 11),
(51, 2),
(51, 14),
(52, 7),
(53, 5),
(53, 16),
(54, 7),
(54, 12),
(54, 18),
(55, 14),
(55, 15),
(56, 2),
(56, 15),
(57, 19),
(57, 6),
(57, 18),
(58, 2),
(58, 16),
(59, 10),
(59, 18),
(59, 6),
(60, 10),
(60, 16),
(60, 12);

INSERT INTO `memberof` (`artist_id`, `band_id`, `join_date`, `leave_date`,`role`) VALUES
(3, 13, '1980-06-08', '1983-02-06', 'Drummer'),
(9, 13, '1982-05-25', NULL, 'Drummer'),
(29, 13, '1982-12-18', NULL, 'Guitarist'),
(34, 13, '2001-07-28', NULL, 'Piano'),
(36, 13, '2015-04-05', NULL, 'Piano'),
(19, 16, '1998-06-30', NULL, 'Bass'),
(25, 16, '1993-07-26', NULL, 'Drummer'),
(49, 16, '1998-11-22', NULL, 'Violin'),
(52, 16, '1999-02-09', NULL, 'Guitarist'),
(18, 31, '2004-01-26', NULL, 'Violin'),
(26, 31, '1996-09-22', NULL, 'Bass'),
(29, 31, '2006-01-14', NULL, 'Piano'),
(35, 31, '1976-06-08', '2017-03-21', 'Vocalist'),
(41, 31, '1990-02-12', NULL, 'Bass'),
(18, 32, '2014-08-17', NULL, 'Violin'),
(25, 32, '2020-05-25', '2020-12-06', 'Piano'),
(29, 32, '2013-02-05', '2023-01-01', 'Violin'),
(45, 32, '2018-11-01', NULL, 'Guitarist'),
(46, 32, '2010-06-16', NULL, 'Violin'),
(50, 32, '2016-11-06', '2016-12-11', 'Drummer'),
(56, 32, '2014-06-14', '2017-04-19', 'Violin'),
(57, 32, '2011-12-02', NULL, 'Drummer'),
(1, 33, '2004-04-08', NULL, 'Vocalist'),
(49, 33, '2000-11-11', NULL, 'Drummer'),
(54, 33, '2009-11-29', NULL, 'Guitarist'),
(7, 37, '2009-12-17', NULL, 'Guitarist'),
(9, 37, '2016-02-15', NULL, 'Piano'),
(26, 37, '1976-04-25', NULL, 'Vocalist'),
(27, 37, '2005-11-23', NULL, 'Violin'),
(40, 37, '1995-10-20', NULL, 'Guitarist'),
(51, 37, '1983-06-21', NULL, 'Piano'),
(2, 43, '2006-10-28', '2007-10-20', 'Vocalist'),
(3, 43, '2010-04-19', '2014-01-20', 'Bass'),
(9, 43, '2015-08-11', '2023-01-25', 'Guitarist'),
(29, 43, '2013-01-08', NULL, 'Piano'),
(39, 43, '2005-03-09', '2021-03-07', 'Piano'),
(53, 43, '2018-04-29', '2022-02-05', 'Violin'),
(55, 43, '2013-05-21', NULL, 'Bass'),
(4, 47, '1972-12-12', '1973-08-14', 'Bass'),
(38, 47, '2002-05-23', NULL, 'Vocalist'),
(41, 47, '1993-03-21', NULL, 'Guitarist'),
(58, 47, '2001-09-09', NULL, 'Vocalist'),
(22, 60, '2020-03-10', NULL, 'Vocalist'),
(25, 60, '2001-08-18', NULL, 'Drummer'),
(35, 60, '2013-10-26', NULL, 'Piano'),
(38, 60, '2004-02-24', NULL, 'Vocalist'),
(49, 60, '2012-10-27', NULL, 'Bass'),
(58, 60, '2013-01-23', '2013-04-12', 'Vocalist');

INSERT INTO `festival` (`year`, `start_date`, `end_date`, `location_id`, `poster`) VALUES
(2015, '2015-03-21','2015-03-23', 19, 16),
(2016, '2016-05-10','2016-05-12', 4, 14),
(2017, '2017-08-04','2017-08-05', 25, 15),
(2018, '2018-10-08','2018-10-14', 2, 12),
(2019, '2019-08-22','2019-08-27', 23, 13),
(2020, '2020-06-02','2020-06-05', 21, 20),
(2021, '2021-07-12','2021-07-15', 8, 19),
(2022, '2022-11-13','2022-11-15', 1, 11),
(2023, '2023-04-23','2023-04-29', 14, 17),
(2024, '2024-12-19','2024-12-22', 17, 18);

INSERT INTO `event` (`id`, `festival_year`, `name`, `event_date`, `start_time`, `end_time`, `poster`) VALUES
(1, '2015', 'crystal36', '2015-03-21', '2015-03-21 18:55:11', '2015-03-22 03:55:11', 63),
(2, '2015', 'averyrebecca', '2015-03-21', '2015-03-21 23:36:59', '2015-03-22 02:36:59', 69),
(3, '2015', 'laura19', '2015-03-21', '2015-03-21 04:21:27', '2015-03-21 16:21:27', 70),
(4, '2015', 'kimwoods', '2015-03-21', '2015-03-21 06:45:51', '2015-03-21 18:45:51', 64),
(5, '2016', 'jamesnash', '2016-05-10', '2016-05-10 10:04:33', '2016-05-10 22:04:33', 66),
(6, '2016', 'ashley92', '2016-05-10', '2016-05-10 07:04:09', '2016-05-10 10:04:09', 67),
(7, '2016', 'evanscarol', '2016-05-10', '2016-05-10 04:51:16', '2016-05-10 13:51:16', 62),
(8, '2016', 'amanda96', '2016-05-10', '2016-05-10 02:43:56', '2016-05-10 14:43:56', 61),
(9, '2017', 'mejiabrandi', '2017-08-04', '2017-08-04 04:32:52', '2017-08-04 07:32:52', 65),
(10, '2017', 'todd50', '2017-08-04', '2017-08-04 07:58:35', '2017-08-04 19:58:35', 68),
(11, '2017', 'myerswilliam', '2017-08-04', '2017-08-04 07:56:54', '2017-08-04 13:56:54', NULL),
(12, '2017', 'douglassteve', '2017-08-04', '2017-08-04 02:53:58', '2017-08-04 14:53:58', NULL),
(13, '2018', 'james27', '2018-10-08', '2018-10-08 08:46:57', '2018-10-08 11:46:57', NULL),
(14, '2018', 'krista00', '2018-10-08', '2018-10-08 09:36:09', '2018-10-08 12:36:09', NULL),
(15, '2018', 'debra46', '2018-10-08', '2018-10-08 16:43:13', '2018-10-08 22:43:13', NULL),
(16, '2018', 'nmunoz', '2018-10-08', '2018-10-08 18:05:16', '2018-10-09 00:05:16', NULL),
(17, '2019', 'xholland', '2019-08-22', '2019-08-22 19:30:03', '2019-08-22 22:30:03', NULL),
(18, '2019', 'andrewvaughn', '2019-08-22', '2019-08-22 19:22:06', '2019-08-23 07:22:06', NULL),
(19, '2019', 'pamelacurry', '2019-08-22', '2019-08-22 17:53:21', '2019-08-23 02:53:21', NULL),
(20, '2019', 'ryankelsey', '2019-08-22', '2019-08-22 14:52:45', '2019-08-22 17:52:45', NULL),
(21, '2020', 'rpowers', '2020-06-02', '2020-06-02 13:00:32', '2020-06-02 22:00:32', NULL),
(22, '2020', 'cooksylvia', '2020-06-02', '2020-06-02 06:07:19', '2020-06-02 15:07:19', NULL),
(23, '2020', 'ianderson', '2020-06-02', '2020-06-02 00:08:37', '2020-06-02 06:08:37', NULL),
(24, '2020', 'dylan17', '2020-06-02', '2020-06-02 02:39:29', '2020-06-02 11:39:29', NULL),
(25, '2021', 'thomasmatthew', '2021-07-12', '2021-07-12 14:44:27', '2021-07-12 20:44:27', NULL),
(26, '2021', 'elizabethjordan', '2021-07-12', '2021-07-12 06:51:38', '2021-07-12 12:51:38', NULL),
(27, '2021', 'maureenrichmond', '2021-07-12', '2021-07-12 19:40:58', '2021-07-13 01:40:58', NULL),
(28, '2021', 'mary78', '2021-07-12', '2021-07-12 14:16:15', '2021-07-12 23:16:15', NULL),
(29, '2022', 'monica78', '2022-11-13', '2022-11-13 15:34:45', '2022-11-14 00:34:45', NULL),
(30, '2022', 'odoyle', '2022-11-13', '2022-11-13 18:33:59', '2022-11-14 06:33:59', NULL);

INSERT INTO `venue` (`id`, `name`, `description`, `max_capacity`, `technical_requirements`, `photo`) VALUES
(1, 'Alisha Park','Enim laboriosam quibusdam quisquam molestias minus nostrum illo dolorem exercitationem numquam, fugit ratione fuga laboriosam porro consequatur corrupti aspernatur officia.', 158, 'Microphones,Speakers', 46),
(2, 'Stephenson Loop','Molestiae ratione maxime labore numquam perferendis ullam cumque culpa non cupiditate, nobis quaerat atque in et aliquid magni ipsam, eligendi quidem laboriosam nesciunt perferendis voluptate, repellat tempora dolore esse modi?', 270, 'Sound Systems,Sound Systems,Special Effects,Speakers', 42),
(3, 'Glover Street','Minima eaque quisquam accusamus voluptatibus rem aliquam doloremque ex, ipsam laborum voluptatem molestiae dicta accusantium voluptatum optio reprehenderit rerum totam quo, praesentium quia accusamus reiciendis voluptatum, eum id labore eligendi minima nihil blanditiis, consequuntur vitae tenetur.', 318, 'Special Effects', 57),
(4, 'Harrington Way','Repellat ducimus incidunt, sit atque facilis ex illo at earum provident deleniti cumque, commodi id cumque dolores alias perspiciatis nostrum inventore repellat, amet illo cumque eveniet ut nisi vitae dolore sunt, assumenda fugit laborum labore est quia laboriosam quae quam?', 334, 'Stage Lights,Stage Lights', 43),
(5, 'Medina Walk','Blanditiis labore quae amet veniam adipisci cupiditate ullam illo distinctio, obcaecati dolores tempore natus maxime qui totam aliquid rerum veritatis, veritatis praesentium dolores dolor totam aspernatur eos laboriosam distinctio ea odit, aliquid impedit sequi dignissimos consequatur eligendi voluptatem architecto deserunt.', 283, 'Stage Lights,Microphones,Speakers,Speakers', 50),
(6, 'Eric Port','Modi quae harum odio repellendus ratione quod reprehenderit, obcaecati excepturi in beatae explicabo quas ea ut amet, a porro impedit et, quidem officiis repudiandae velit, distinctio ab animi officiis.', 316, 'Microphones,Microphones,Stage Lights', 49),
(7, 'Emily Well','Sit labore odit recusandae architecto deleniti tenetur nesciunt cumque voluptate illum dolorem, dolore nobis aut velit iusto alias laudantium aspernatur ex suscipit provident, aperiam nulla molestias itaque neque tenetur harum delectus dicta, odio delectus beatae eveniet fugit aperiam molestiae assumenda quisquam cum iste?', 165, 'Speakers,Speakers,Speakers,Speakers', 45),
(8, 'Mcconnell Centers','Cum voluptatem quis, at assumenda ullam, soluta minima aperiam exercitationem ex molestiae dolore voluptates eos porro quam ipsam, exercitationem earum corrupti veniam tenetur eius ab laudantium vero maxime dolor, itaque laborum delectus inventore incidunt tenetur voluptatibus perspiciatis numquam.', 148, 'Microphones,Sound Systems,Speakers,Microphones,Speakers', 47),
(9, 'Murray Stream','Atque explicabo dolorum nihil ab illo culpa ratione repellendus, soluta nihil iusto in tenetur perferendis perspiciatis numquam dolore veniam impedit, maxime dignissimos cumque expedita iusto laudantium modi deserunt ea ipsum adipisci voluptas, placeat inventore ex illo reiciendis quam tempora recusandae, quod eaque iste iure ipsam incidunt laborum?', 344, 'Speakers,Microphones,Speakers,Stage Lights', 41),
(10, 'Shannon Loop','Iusto amet vitae tempora aperiam sapiente culpa earum minus repellendus cum cumque, nemo fuga rerum, corrupti possimus vitae commodi molestiae delectus.', 118, 'Stage Lights,Speakers,Special Effects', 48),
(11, 'Michael Villages','Alias voluptatem distinctio odit temporibus repellendus id voluptatum et, ducimus iusto eum ipsum neque ut quidem ad, ipsum voluptates similique amet nisi veritatis consectetur aspernatur ipsam minima velit, rem laboriosam et soluta quae, ratione ab quis suscipit ex sunt ipsa aut numquam eveniet deserunt aspernatur.', 156, 'Sound Systems,Stage Lights', 60),
(12, 'Gloria Corner','Mollitia nemo at illo doloremque quo reprehenderit animi dolorem, nam hic magni id odit error optio, reiciendis dolorum voluptates omnis tempore laboriosam non possimus.', 119, 'Microphones,Speakers,Microphones,Speakers', 59),
(13, 'Mary Manors','Fugit facere est amet, aut inventore sequi iusto saepe tempore numquam non doloribus soluta id, accusantium quasi sint nisi repellendus ducimus necessitatibus ab rem, perspiciatis iusto consequatur.', 184, 'Special Effects,Microphones,Stage Lights,Microphones', 51),
(14, 'Brown Row','Dolorem cupiditate recusandae reiciendis, cum odit minus natus inventore nobis quibusdam, blanditiis magni officiis perspiciatis expedita tempora placeat veritatis doloremque omnis consectetur aspernatur, facere veniam temporibus odio illum dolorum saepe eius dolores quia nisi aut, iure dolorem magni fugiat earum totam et.', 266, 'Microphones,Microphones,Stage Lights,Speakers,Sound Systems', 58),
(15, 'Hill Views','Nostrum eum esse quam aliquid laborum, totam quasi enim fuga ab temporibus, alias ea explicabo mollitia aspernatur iusto officia voluptates maxime vitae cum, voluptas provident necessitatibus eius debitis harum ducimus illum non.', 115, 'Stage Lights,Stage Lights,Speakers,Microphones', 52),
(16, 'Rogers Flats','Tenetur est eos tempora aliquam, asperiores odit illo libero est laudantium quo molestias ipsa sed eos?', 316, 'Microphones', 44),
(17, 'Hunter Inlet','Quo reiciendis nobis sequi neque sint repudiandae, est fuga assumenda totam beatae voluptatum ex nisi exercitationem temporibus perspiciatis magni, minima accusantium voluptate libero laborum quod perferendis dolor rerum et corporis, magnam quas eligendi accusamus tenetur.', 259, 'Stage Lights,Stage Lights,Stage Lights', 53),
(18, 'Bridges Grove','Blanditiis accusantium magnam officia architecto, eveniet explicabo velit fuga adipisci voluptas debitis cum rerum et blanditiis, aspernatur ducimus quis eum aut facere quam?', 175, 'Speakers,Sound Systems', 56),
(19, 'Brooks Villages','Minus provident suscipit deleniti itaque odit facilis, tempore voluptas eaque et tenetur quas ea, laboriosam deserunt soluta fugiat tempora deleniti fugit aliquid, aspernatur fugiat fuga, sit unde asperiores rerum officiis veniam molestias tempora accusamus impedit dolorum?', 282, 'Sound Systems,Sound Systems,Speakers,Microphones,Special Effects', 55),
(20, 'Kevin Estates','Eaque eveniet odit iure nemo quasi impedit unde dolore iste, vero illo excepturi nisi in veniam minima dicta perspiciatis maxime quam inventore, nostrum autem quas?', 154, 'Microphones,Microphones,Microphones,Stage Lights,Microphones', 54),
(21, 'Shane Rest','Tempora recusandae dolor consequuntur fugit eius alias numquam illum, sit officiis tempora quam debitis fugit, cum maxime laborum voluptatem blanditiis placeat?', 280, 'Speakers,Speakers,Microphones', NULL),
(22, 'Sandoval Meadows','Quam officiis dignissimos similique earum inventore exercitationem quia optio, provident consequatur totam expedita autem assumenda sed dolore qui nam perspiciatis, sequi pariatur et aspernatur repellat iste magnam ab ullam enim labore architecto, fuga nemo adipisci ipsa necessitatibus nihil possimus nulla vel?', 327, 'Microphones,Special Effects,Speakers', NULL),
(23, 'Jacqueline Glen','Velit animi accusamus asperiores ducimus non ut sapiente illo, voluptas explicabo quae repellendus facilis illum dolorum consectetur corrupti, sed laudantium minima eos porro magni consequuntur, assumenda ratione quam laborum dignissimos?', 140, 'Speakers,Speakers,Special Effects,Speakers', NULL),
(24, 'Cynthia Ports','Deserunt esse dignissimos error vitae ab ut, blanditiis molestiae eum officia?', 263, 'Microphones,Microphones', NULL),
(25, 'Crystal Via','Officia quasi dicta nisi delectus deleniti, obcaecati minus eum, obcaecati inventore dignissimos dicta nobis recusandae officia tempora quas nesciunt iure maxime, officia quidem laboriosam ut sapiente voluptatem perferendis maxime repellendus enim nobis, illo neque sunt quaerat eius quod.', 233, 'Special Effects,Sound Systems', NULL),
(26, 'Golden Turnpike','Id dolores aliquid earum atque animi non accusamus nemo, non asperiores sunt, dignissimos possimus esse laboriosam pariatur fugit inventore repellendus magnam recusandae, optio illo perspiciatis impedit dicta odio repudiandae?', 100, 'Speakers', NULL),
(27, 'Jerry Inlet','Nesciunt non aperiam soluta exercitationem dolor saepe temporibus ipsum labore nobis beatae, commodi sequi placeat atque odit quod quidem ipsa minus, numquam esse blanditiis pariatur, numquam veniam cupiditate libero nihil soluta reiciendis perferendis, sapiente libero cumque.', 300, 'Speakers,Special Effects,Sound Systems,Microphones', NULL),
(28, 'Brian Lodge','Quae hic officia ipsam ratione ea fugit eum illo, laborum repellat soluta velit ad aut incidunt adipisci accusantium consequatur?', 225, 'Special Effects,Special Effects,Microphones,Speakers,Speakers', NULL),
(29, 'Jennifer Cove','Delectus nemo asperiores dignissimos placeat voluptate quos natus quae eius illo sunt, laborum sint expedita autem amet, consectetur iusto harum earum voluptatibus odio ab nam.', 169, 'Sound Systems,Speakers,Speakers', NULL),
(30, 'Erika Parks','Laborum sequi corrupti beatae molestias id quae doloribus esse inventore laboriosam, sunt mollitia officiis aspernatur distinctio accusamus dolorum velit aliquam et ullam, inventore quo harum voluptatum?', 229, 'Microphones,Stage Lights,Microphones,Sound Systems', NULL);

INSERT INTO `event_venue` (`event_id`, `venue_id`) VALUES
(1, 27),
(2, 8),
(3, 9),
(4, 9),
(5, 22),
(6, 24),
(7, 29),
(8, 28),
(9, 9),
(10, 23),
(11, 14),
(12, 15),
(13, 17),
(14, 12),
(15, 20),
(16, 20),
(17, 14),
(18, 16),
(19, 30),
(20, 1),
(21, 29),
(22, 13),
(23, 27),
(24, 6),
(25, 6),
(26, 24),
(27, 22),
(28, 27),
(29, 26),
(30, 29);

INSERT INTO `performance` (`id`, `event_id`, `venue_id`, `performance_type`, `start_time`, `duration`, `sequence_number`, `break_duration`) VALUES
(1, 1, 27, 'warm up', '2015-03-21 18:55:11', '1:30:48', '1', '0:10:00'),
(2, 1, 27, 'headline', '2015-03-21 20:35:59', '1:30:48', '2', '0:28:00'),
(3, 1, 27, 'Special guest', '2015-03-21 22:34:47', '1:30:48', '3', '0:09:00'),
(4, 1, 27, 'Special guest', '2015-03-22 00:14:35', '1:30:48', '4', '0:22:00'),
(5, 1, 27, 'headline', '2015-03-22 02:07:23', '1:30:48', '5', '0:17:00'),
(6, 2, 8, 'warm up', '2015-03-21 23:36:59', '0:10:34.285714', '1', '0:08:00'),
(7, 2, 8, 'Special guest', '2015-03-21 23:55:33.285714', '0:10:34.285714', '2', '0:24:00'),
(8, 2, 8, 'other', '2015-03-22 00:30:07.571428', '0:10:34.285714', '3', '0:17:00'),
(9, 2, 8, 'other', '2015-03-22 00:57:41.857142', '0:10:34.285714', '4', '0:07:00'),
(10, 2, 8, 'Special guest', '2015-03-22 01:15:16.142856', '0:10:34.285714', '5', '0:26:00'),
(11, 2, 8, 'headline', '2015-03-22 01:51:50.428570', '0:10:34.285714', '6', '0:05:00'),
(12, 2, 8, 'headline', '2015-03-22 02:07:24.714284', '0:10:34.285714', '7', '0:19:00'),
(13, 3, 9, 'warm up', '2015-03-21 04:21:27', '1:43:40', '1', '0:15:00'),
(14, 3, 9, 'headline', '2015-03-21 06:20:07', '1:43:40', '2', '0:29:00'),
(15, 3, 9, 'other', '2015-03-21 08:32:47', '1:43:40', '3', '0:21:00'),
(16, 3, 9, 'headline', '2015-03-21 10:37:27', '1:43:40', '4', '0:10:00'),
(17, 3, 9, 'Special guest', '2015-03-21 12:31:07', '1:43:40', '5', '0:15:00'),
(18, 3, 9, 'Special guest', '2015-03-21 14:29:47', '1:43:40', '6', '0:08:00'),
(19, 4, 9, 'warm up', '2015-03-21 06:45:51', '1:58:12', '1', '0:29:00'),
(20, 4, 9, 'headline', '2015-03-21 09:13:03', '1:58:12', '2', '0:24:00'),
(21, 4, 9, 'headline', '2015-03-21 11:35:15', '1:58:12', '3', '0:18:00'),
(22, 4, 9, 'headline', '2015-03-21 13:51:27', '1:58:12', '4', '0:29:00'),
(23, 4, 9, 'Special guest', '2015-03-21 16:18:39', '1:58:12', '5', '0:29:00'),
(24, 5, 22, 'warm up', '2016-05-10 10:04:33', '1:45:00', '1', '0:13:00'),
(25, 5, 22, 'headline', '2016-05-10 12:02:33', '1:45:00', '2', '0:17:00'),
(26, 5, 22, 'Special guest', '2016-05-10 14:04:33', '1:45:00', '3', '0:13:00'),
(27, 5, 22, 'Special guest', '2016-05-10 16:02:33', '1:45:00', '4', '0:12:00'),
(28, 5, 22, 'headline', '2016-05-10 17:59:33', '1:45:00', '5', '0:06:00'),
(29, 5, 22, 'other', '2016-05-10 19:50:33', '1:45:00', '6', '0:29:00'),
(30, 6, 24, 'warm up', '2016-05-10 07:04:09', '0:18:12', '1', '0:06:00'),
(31, 6, 24, 'other', '2016-05-10 07:28:21', '0:18:12', '2', '0:18:00'),
(32, 6, 24, 'Special guest', '2016-05-10 08:04:33', '0:18:12', '3', '0:23:00'),
(33, 6, 24, 'Special guest', '2016-05-10 08:45:45', '0:18:12', '4', '0:23:00'),
(34, 6, 24, 'headline', '2016-05-10 09:26:57', '0:18:12', '5', '0:19:00'),
(35, 7, 29, 'warm up', '2016-05-10 04:51:16', '0:58:08.571429', '1', '0:11:00'),
(36, 7, 29, 'Special guest', '2016-05-10 06:00:24.571429', '0:58:08.571429', '2', '0:27:00'),
(37, 7, 29, 'other', '2016-05-10 07:25:33.142858', '0:58:08.571429', '3', '0:12:00'),
(38, 7, 29, 'headline', '2016-05-10 08:35:41.714287', '0:58:08.571429', '4', '0:30:00'),
(39, 7, 29, 'headline', '2016-05-10 10:03:50.285716', '0:58:08.571429', '5', '0:24:00'),
(40, 7, 29, 'other', '2016-05-10 11:25:58.857145', '0:58:08.571429', '6', '0:10:00'),
(41, 7, 29, 'Special guest', '2016-05-10 12:34:07.428574', '0:58:08.571429', '7', '0:19:00'),
(42, 8, 28, 'warm up', '2016-05-10 02:43:56', '1:41:50', '1', '0:15:00'),
(43, 8, 28, 'headline', '2016-05-10 04:40:46', '1:41:50', '2', '0:20:00'),
(44, 8, 28, 'headline', '2016-05-10 06:42:36', '1:41:50', '3', '0:09:00'),
(45, 8, 28, 'headline', '2016-05-10 08:33:26', '1:41:50', '4', '0:21:00'),
(46, 8, 28, 'Special guest', '2016-05-10 10:36:16', '1:41:50', '5', '0:25:00'),
(47, 8, 28, 'other', '2016-05-10 12:43:06', '1:41:50', '6', '0:19:00'),
(48, 9, 9, 'warm up', '2017-08-04 04:32:52', '0:09:20', '1', '0:17:00'),
(49, 9, 9, 'headline', '2017-08-04 04:59:12', '0:09:20', '2', '0:26:00'),
(50, 9, 9, 'Special guest', '2017-08-04 05:34:32', '0:09:20', '3', '0:25:00'),
(51, 9, 9, 'headline', '2017-08-04 06:08:52', '0:09:20', '4', '0:30:00'),
(52, 9, 9, 'other', '2017-08-04 06:48:12', '0:09:20', '5', '0:08:00'),
(53, 9, 9, 'Special guest', '2017-08-04 07:05:32', '0:09:20', '6', '0:18:00'),
(54, 10, 23, 'warm up', '2017-08-04 07:58:35', '1:22:34.285714', '1', '0:19:00'),
(55, 10, 23, 'headline', '2017-08-04 09:40:09.285714', '1:22:34.285714', '2', '0:26:00'),
(56, 10, 23, 'Special guest', '2017-08-04 11:28:43.571428', '1:22:34.285714', '3', '0:22:00'),
(57, 10, 23, 'other', '2017-08-04 13:13:17.857142', '1:22:34.285714', '4', '0:27:00'),
(58, 10, 23, 'other', '2017-08-04 15:02:52.142856', '1:22:34.285714', '5', '0:28:00'),
(59, 10, 23, 'other', '2017-08-04 16:53:26.428570', '1:22:34.285714', '6', '0:10:00'),
(60, 10, 23, 'other', '2017-08-04 18:26:00.714284', '1:22:34.285714', '7', '0:10:00'),
(61, 11, 14, 'warm up', '2017-08-04 07:56:54', '0:37:20', '1', '0:27:00'),
(62, 11, 14, 'headline', '2017-08-04 09:01:14', '0:37:20', '2', '0:08:00'),
(63, 11, 14, 'Special guest', '2017-08-04 09:46:34', '0:37:20', '3', '0:24:00'),
(64, 11, 14, 'headline', '2017-08-04 10:47:54', '0:37:20', '4', '0:26:00'),
(65, 11, 14, 'Special guest', '2017-08-04 11:51:14', '0:37:20', '5', '0:24:00'),
(66, 11, 14, 'headline', '2017-08-04 12:52:34', '0:37:20', '6', '0:27:00'),
(67, 12, 15, 'warm up', '2017-08-04 02:53:58', '2:00:24', '1', '0:26:00'),
(68, 12, 15, 'headline', '2017-08-04 05:20:22', '2:00:24', '2', '0:27:00'),
(69, 12, 15, 'other', '2017-08-04 07:47:46', '2:00:24', '3', '0:18:00'),
(70, 12, 15, 'other', '2017-08-04 10:06:10', '2:00:24', '4', '0:18:00'),
(71, 12, 15, 'other', '2017-08-04 12:24:34', '2:00:24', '5', '0:29:00'),
(72, 13, 17, 'warm up', '2018-10-08 08:46:57', '0:04:51.428571', '1', '0:28:00'),
(73, 13, 17, 'Special guest', '2018-10-08 09:19:48.428571', '0:04:51.428571', '2', '0:19:00'),
(74, 13, 17, 'Special guest', '2018-10-08 09:43:39.857142', '0:04:51.428571', '3', '0:14:00'),
(75, 13, 17, 'other', '2018-10-08 10:02:31.285713', '0:04:51.428571', '4', '0:26:00'),
(76, 13, 17, 'Special guest', '2018-10-08 10:33:22.714284', '0:04:51.428571', '5', '0:23:00'),
(77, 13, 17, 'other', '2018-10-08 11:01:14.142855', '0:04:51.428571', '6', '0:19:00'),
(78, 13, 17, 'headline', '2018-10-08 11:25:05.571426', '0:04:51.428571', '7', '0:17:00'),
(79, 14, 12, 'warm up', '2018-10-08 09:36:09', '0:13:24', '1', '0:08:00'),
(80, 14, 12, 'Special guest', '2018-10-08 09:57:33', '0:13:24', '2', '0:30:00'),
(81, 14, 12, 'headline', '2018-10-08 10:40:57', '0:13:24', '3', '0:30:00'),
(82, 14, 12, 'Special guest', '2018-10-08 11:24:21', '0:13:24', '4', '0:27:00'),
(83, 14, 12, 'Special guest', '2018-10-08 12:04:45', '0:13:24', '5', '0:18:00'),
(84, 15, 20, 'warm up', '2018-10-08 16:43:13', '0:32:00', '1', '0:12:00'),
(85, 15, 20, 'other', '2018-10-08 17:27:13', '0:32:00', '2', '0:23:00'),
(86, 15, 20, 'other', '2018-10-08 18:22:13', '0:32:00', '3', '0:19:00'),
(87, 15, 20, 'other', '2018-10-08 19:13:13', '0:32:00', '4', '0:22:00'),
(88, 15, 20, 'headline', '2018-10-08 20:07:13', '0:32:00', '5', '0:19:00'),
(89, 15, 20, 'other', '2018-10-08 20:58:13', '0:32:00', '6', '0:11:00'),
(90, 15, 20, 'headline', '2018-10-08 21:41:13', '0:32:00', '7', '0:30:00'),
(91, 16, 20, 'warm up', '2018-10-08 18:05:16', '0:34:17.142857', '1', '0:25:00'),
(92, 16, 20, 'headline', '2018-10-08 19:04:33.142857', '0:34:17.142857', '2', '0:12:00'),
(93, 16, 20, 'headline', '2018-10-08 19:50:50.285714', '0:34:17.142857', '3', '0:15:00'),
(94, 16, 20, 'Special guest', '2018-10-08 20:40:07.428571', '0:34:17.142857', '4', '0:19:00'),
(95, 16, 20, 'other', '2018-10-08 21:33:24.571428', '0:34:17.142857', '5', '0:14:00'),
(96, 16, 20, 'Special guest', '2018-10-08 22:21:41.714285', '0:34:17.142857', '6', '0:11:00'),
(97, 16, 20, 'Special guest', '2018-10-08 23:06:58.857142', '0:34:17.142857', '7', '0:24:00'),
(98, 17, 14, 'warm up', '2019-08-22 19:30:03', '0:17:48', '1', '0:20:00'),
(99, 17, 14, 'Special guest', '2019-08-22 20:07:51', '0:17:48', '2', '0:06:00'),
(100, 17, 14, 'Special guest', '2019-08-22 20:31:39', '0:17:48', '3', '0:23:00'),
(101, 17, 14, 'headline', '2019-08-22 21:12:27', '0:17:48', '4', '0:25:00'),
(102, 17, 14, 'Special guest', '2019-08-22 21:55:15', '0:17:48', '5', '0:17:00'),
(103, 18, 16, 'warm up', '2019-08-22 19:22:06', '2:14:00', '1', '0:06:00'),
(104, 18, 16, 'headline', '2019-08-22 21:42:06', '2:14:00', '2', '0:08:00'),
(105, 18, 16, 'headline', '2019-08-23 00:04:06', '2:14:00', '3', '0:08:00'),
(106, 18, 16, 'other', '2019-08-23 02:26:06', '2:14:00', '4', '0:12:00'),
(107, 18, 16, 'headline', '2019-08-23 04:52:06', '2:14:00', '5', '0:16:00'),
(108, 19, 30, 'warm up', '2019-08-22 17:53:21', '1:34:24', '1', '0:17:00'),
(109, 19, 30, 'Special guest', '2019-08-22 19:44:45', '1:34:24', '2', '0:17:00'),
(110, 19, 30, 'Special guest', '2019-08-22 21:36:09', '1:34:24', '3', '0:11:00'),
(111, 19, 30, 'other', '2019-08-22 23:21:33', '1:34:24', '4', '0:09:00'),
(112, 19, 30, 'Special guest', '2019-08-23 01:04:57', '1:34:24', '5', '0:14:00'),
(113, 20, 1, 'warm up', '2019-08-22 14:52:45', '0:07:20', '1', '0:21:00'),
(114, 20, 1, 'other', '2019-08-22 15:21:05', '0:07:20', '2', '0:24:00'),
(115, 20, 1, 'other', '2019-08-22 15:52:25', '0:07:20', '3', '0:29:00'),
(116, 20, 1, 'headline', '2019-08-22 16:28:45', '0:07:20', '4', '0:29:00'),
(117, 20, 1, 'other', '2019-08-22 17:05:05', '0:07:20', '5', '0:14:00'),
(118, 20, 1, 'headline', '2019-08-22 17:26:25', '0:07:20', '6', '0:19:00'),
(119, 21, 29, 'warm up', '2020-06-02 13:00:32', '1:32:24', '1', '0:18:00'),
(120, 21, 29, 'headline', '2020-06-02 14:50:56', '1:32:24', '2', '0:13:00'),
(121, 21, 29, 'other', '2020-06-02 16:36:20', '1:32:24', '3', '0:15:00'),
(122, 21, 29, 'Special guest', '2020-06-02 18:23:44', '1:32:24', '4', '0:14:00'),
(123, 21, 29, 'Special guest', '2020-06-02 20:10:08', '1:32:24', '5', '0:18:00'),
(124, 22, 13, 'warm up', '2020-06-02 06:07:19', '0:56:00', '1', '0:05:00'),
(125, 22, 13, 'Special guest', '2020-06-02 07:08:19', '0:56:00', '2', '0:30:00'),
(126, 22, 13, 'headline', '2020-06-02 08:34:19', '0:56:00', '3', '0:19:00'),
(127, 22, 13, 'other', '2020-06-02 09:49:19', '0:56:00', '4', '0:27:00'),
(128, 22, 13, 'headline', '2020-06-02 11:12:19', '0:56:00', '5', '0:29:00'),
(129, 22, 13, 'other', '2020-06-02 12:37:19', '0:56:00', '6', '0:21:00'),
(130, 22, 13, 'headline', '2020-06-02 13:54:19', '0:56:00', '7', '0:17:00'),
(131, 23, 27, 'warm up', '2020-06-02 00:08:37', '0:42:40', '1', '0:16:00'),
(132, 23, 27, 'Special guest', '2020-06-02 01:07:17', '0:42:40', '2', '0:10:00'),
(133, 23, 27, 'other', '2020-06-02 01:59:57', '0:42:40', '3', '0:28:00'),
(134, 23, 27, 'other', '2020-06-02 03:10:37', '0:42:40', '4', '0:19:00'),
(135, 23, 27, 'headline', '2020-06-02 04:12:17', '0:42:40', '5', '0:19:00'),
(136, 23, 27, 'headline', '2020-06-02 05:13:57', '0:42:40', '6', '0:12:00'),
(137, 24, 6, 'warm up', '2020-06-02 02:39:29', '0:58:00', '1', '0:11:00'),
(138, 24, 6, 'headline', '2020-06-02 03:48:29', '0:58:00', '2', '0:29:00'),
(139, 24, 6, 'other', '2020-06-02 05:15:29', '0:58:00', '3', '0:28:00'),
(140, 24, 6, 'headline', '2020-06-02 06:41:29', '0:58:00', '4', '0:10:00'),
(141, 24, 6, 'other', '2020-06-02 07:49:29', '0:58:00', '5', '0:26:00'),
(142, 24, 6, 'headline', '2020-06-02 09:13:29', '0:58:00', '6', '0:10:00'),
(143, 24, 6, 'Special guest', '2020-06-02 10:21:29', '0:58:00', '7', '0:20:00'),
(144, 25, 6, 'warm up', '2021-07-12 14:44:27', '0:39:30', '1', '0:22:00'),
(145, 25, 6, 'Special guest', '2021-07-12 15:45:57', '0:39:30', '2', '0:20:00'),
(146, 25, 6, 'Special guest', '2021-07-12 16:45:27', '0:39:30', '3', '0:30:00'),
(147, 25, 6, 'other', '2021-07-12 17:54:57', '0:39:30', '4', '0:30:00'),
(148, 25, 6, 'Special guest', '2021-07-12 19:04:27', '0:39:30', '5', '0:08:00'),
(149, 25, 6, 'other', '2021-07-12 19:51:57', '0:39:30', '6', '0:13:00'),
(150, 26, 24, 'warm up', '2021-07-12 06:51:38', '0:46:50', '1', '0:05:00'),
(151, 26, 24, 'other', '2021-07-12 07:43:28', '0:46:50', '2', '0:15:00'),
(152, 26, 24, 'other', '2021-07-12 08:45:18', '0:46:50', '3', '0:21:00'),
(153, 26, 24, 'other', '2021-07-12 09:53:08', '0:46:50', '4', '0:12:00'),
(154, 26, 24, 'headline', '2021-07-12 10:51:58', '0:46:50', '5', '0:13:00'),
(155, 26, 24, 'Special guest', '2021-07-12 11:51:48', '0:46:50', '6', '0:13:00'),
(156, 27, 22, 'warm up', '2021-07-12 19:40:58', '0:32:25.714286', '1', '0:12:00'),
(157, 27, 22, 'other', '2021-07-12 20:25:23.714286', '0:32:25.714286', '2', '0:29:00'),
(158, 27, 22, 'Special guest', '2021-07-12 21:26:49.428572', '0:32:25.714286', '3', '0:15:00'),
(159, 27, 22, 'Special guest', '2021-07-12 22:14:15.142858', '0:32:25.714286', '4', '0:17:00'),
(160, 27, 22, 'headline', '2021-07-12 23:03:40.857144', '0:32:25.714286', '5', '0:15:00'),
(161, 27, 22, 'headline', '2021-07-12 23:51:06.571430', '0:32:25.714286', '6', '0:30:00'),
(162, 27, 22, 'Special guest', '2021-07-13 00:53:32.285716', '0:32:25.714286', '7', '0:15:00'),
(163, 28, 27, 'warm up', '2021-07-12 14:16:15', '1:10:00', '1', '0:13:00'),
(164, 28, 27, 'headline', '2021-07-12 15:39:15', '1:10:00', '2', '0:24:00'),
(165, 28, 27, 'Special guest', '2021-07-12 17:13:15', '1:10:00', '3', '0:21:00'),
(166, 28, 27, 'headline', '2021-07-12 18:44:15', '1:10:00', '4', '0:12:00'),
(167, 28, 27, 'headline', '2021-07-12 20:06:15', '1:10:00', '5', '0:27:00'),
(168, 28, 27, 'Special guest', '2021-07-12 21:43:15', '1:10:00', '6', '0:23:00'),
(169, 29, 26, 'warm up', '2022-11-13 15:34:45', '1:29:24', '1', '0:22:00'),
(170, 29, 26, 'Special guest', '2022-11-13 17:26:09', '1:29:24', '2', '0:19:00'),
(171, 29, 26, 'other', '2022-11-13 19:14:33', '1:29:24', '3', '0:16:00'),
(172, 29, 26, 'other', '2022-11-13 20:59:57', '1:29:24', '4', '0:13:00'),
(173, 29, 26, 'Special guest', '2022-11-13 22:42:21', '1:29:24', '5', '0:23:00'),
(174, 30, 29, 'warm up', '2022-11-13 18:33:59', '1:27:34.285714', '1', '0:20:00'),
(175, 30, 29, 'Special guest', '2022-11-13 20:21:33.285714', '1:27:34.285714', '2', '0:14:00'),
(176, 30, 29, 'Special guest', '2022-11-13 22:03:07.571428', '1:27:34.285714', '3', '0:17:00'),
(177, 30, 29, 'headline', '2022-11-13 23:47:41.857142', '1:27:34.285714', '4', '0:05:00'),
(178, 30, 29, 'headline', '2022-11-14 01:20:16.142856', '1:27:34.285714', '5', '0:16:00'),
(179, 30, 29, 'other', '2022-11-14 03:03:50.428570', '1:27:34.285714', '6', '0:14:00'),
(180, 30, 29, 'headline', '2022-11-14 04:45:24.714284', '1:27:34.285714', '7', '0:21:00');

INSERT INTO `performance_artistband` (`performance_id`, `artist_band_id`) VALUES
(1, 50),
(2, 55),
(3, 56),
(4, 8),
(5, 1),
(6, 19),
(7, 11),
(8, 17),
(9, 28),
(10, 20),
(11, 28),
(12, 16),
(13, 3),
(14, 10),
(15, 59),
(16, 39),
(17, 7),
(18, 11),
(19, 52),
(20, 26),
(21, 53),
(22, 16),
(23, 22),
(24, 57),
(25, 21),
(26, 41),
(27, 21),
(28, 47),
(29, 41),
(30, 48),
(31, 21),
(32, 13),
(33, 2),
(34, 57),
(35, 13),
(36, 9),
(37, 42),
(38, 48),
(39, 48),
(40, 2),
(41, 37),
(42, 49),
(43, 30),
(44, 51),
(45, 51),
(46, 15),
(47, 18),
(48, 52),
(49, 34),
(50, 35),
(51, 4),
(52, 22),
(53, 1),
(54, 43),
(55, 28),
(56, 23),
(57, 45),
(58, 39),
(59, 8),
(60, 10),
(61, 45),
(62, 20),
(63, 10),
(64, 45),
(65, 12),
(66, 20),
(67, 27),
(68, 40),
(69, 23),
(70, 14),
(71, 17),
(72, 44),
(73, 5),
(74, 26),
(75, 42),
(76, 51),
(77, 59),
(78, 11),
(79, 38),
(80, 44),
(81, 24),
(82, 36),
(83, 7),
(84, 7),
(85, 16),
(86, 30),
(87, 30),
(88, 6),
(89, 50),
(90, 36),
(91, 36),
(92, 24),
(93, 26),
(94, 32),
(95, 11),
(96, 46),
(97, 53),
(98, 13),
(99, 14),
(100, 47),
(101, 37),
(102, 17),
(103, 17),
(104, 12),
(105, 1),
(106, 41),
(107, 17),
(108, 10),
(109, 22),
(110, 19),
(111, 8),
(112, 3),
(113, 25),
(114, 49),
(115, 43),
(116, 29),
(117, 29),
(118, 58),
(119, 39),
(120, 55),
(121, 33),
(122, 52),
(123, 24),
(124, 4),
(125, 54),
(126, 24),
(127, 20),
(128, 48),
(129, 11),
(130, 33),
(131, 39),
(132, 56),
(133, 5),
(134, 40),
(135, 16),
(136, 46),
(137, 33),
(138, 24),
(139, 36),
(140, 60),
(141, 57),
(142, 26),
(143, 33),
(144, 53),
(145, 42),
(146, 14),
(147, 43),
(148, 15),
(149, 21),
(150, 45),
(151, 37),
(152, 35),
(153, 7),
(154, 30),
(155, 47),
(156, 8),
(157, 14),
(158, 43),
(159, 23),
(160, 43),
(161, 21),
(162, 7),
(163, 8),
(164, 38),
(165, 25),
(166, 49),
(167, 50),
(168, 32),
(169, 28),
(170, 22),
(171, 31),
(172, 60),
(173, 60),
(174, 12),
(175, 18),
(176, 27),
(177, 29),
(178, 29),
(179, 11),
(180, 57);

INSERT INTO `staff` (`id`, `name`, `age`, `role`, `experience_level`) VALUES
(1, 'Scott Mendoza', 38, 'security', 'intermediate'),
(2, 'Stacy Jackson', 25, 'support', 'trainee'),
(3, 'Guy Randolph', 30, 'security', 'expert'),
(4, 'Jill Solis', 35, 'security', 'intermediate'),
(5, 'Eddie Bernard', 26, 'security', 'expert'),
(6, 'Christine Coleman', 20, 'support', 'expert'),
(7, 'Jeanette Aguilar', 44, 'technical', 'trainee'),
(8, 'Erica Camacho', 41, 'security', 'trainee'),
(9, 'Melissa Glover', 18, 'support', 'expert'),
(10, 'Melvin Herman', 25, 'support', 'beginner'),
(11, 'Jason Lee', 35, 'support', 'trainee'),
(12, 'Kenneth James', 38, 'technical', 'beginner'),
(13, 'Terri Jones', 40, 'support', 'trainee'),
(14, 'Beth Henderson', 24, 'security', 'experienced'),
(15, 'Clarence Campbell', 25, 'technical', 'expert'),
(16, 'Erica Wilkinson', 20, 'security', 'trainee'),
(17, 'Brian Hess', 32, 'support', 'trainee'),
(18, 'Blake Hayden', 41, 'security', 'trainee'),
(19, 'John Davis', 35, 'security', 'trainee'),
(20, 'Mrs. Ebony Baker', 43, 'support', 'intermediate'),
(21, 'Ruth Nixon', 41, 'technical', 'intermediate'),
(22, 'Vanessa Ward', 21, 'support', 'experienced'),
(23, 'Megan Middleton', 43, 'support', 'experienced'),
(24, 'Jessica Salinas', 30, 'security', 'intermediate'),
(25, 'Todd Jordan', 44, 'support', 'expert'),
(26, 'Kathleen Pacheco', 40, 'technical', 'experienced'),
(27, 'Donna Marshall', 32, 'technical', 'experienced'),
(28, 'Leslie Lucas', 37, 'technical', 'expert'),
(29, 'Todd Jackson', 29, 'security', 'trainee'),
(30, 'Angel Cook', 23, 'support', 'beginner'),
(31, 'Kayla Jackson', 36, 'support', 'experienced'),
(32, 'Crystal Valdez', 28, 'security', 'expert'),
(33, 'Kelsey Orozco', 24, 'support', 'expert'),
(34, 'Denise Gibson', 35, 'support', 'beginner'),
(35, 'Kelly Miranda', 33, 'technical', 'expert'),
(36, 'David Sullivan', 27, 'support', 'beginner'),
(37, 'Jennifer Peterson', 19, 'technical', 'expert'),
(38, 'Emily Jordan', 41, 'security', 'experienced'),
(39, 'Troy West', 40, 'technical', 'expert'),
(40, 'Rose Robinson', 25, 'technical', 'expert'),
(41, 'Phyllis Hall', 40, 'support', 'trainee'),
(42, 'Brooke Russell', 21, 'support', 'expert'),
(43, 'Taylor Young', 37, 'support', 'trainee'),
(44, 'Dawn Flowers', 44, 'support', 'experienced'),
(45, 'Deborah Coleman', 37, 'support', 'experienced'),
(46, 'Jeffrey Price', 44, 'technical', 'intermediate'),
(47, 'David Henderson', 24, 'security', 'intermediate'),
(48, 'Christina Hartman', 27, 'security', 'trainee'),
(49, 'Ryan Garcia', 24, 'support', 'beginner'),
(50, 'Derek Powell', 44, 'security', 'intermediate'),
(51, 'Mark Fuentes', 29, 'technical', 'experienced'),
(52, 'Alan Velazquez', 44, 'security', 'intermediate'),
(53, 'Dana Meyer', 23, 'technical', 'beginner'),
(54, 'Ashley Simpson', 34, 'technical', 'experienced'),
(55, 'Joe Patterson', 44, 'security', 'experienced'),
(56, 'Joshua Thompson', 44, 'technical', 'expert'),
(57, 'Michael Gallagher', 33, 'security', 'beginner'),
(58, 'Brian Walker', 22, 'support', 'expert'),
(59, 'Nicholas Smith', 31, 'security', 'beginner'),
(60, 'Crystal Scott', 27, 'technical', 'expert'),
(61, 'Nicole Mullen', 36, 'support', 'beginner'),
(62, 'Connor Huffman', 26, 'support', 'experienced'),
(63, 'Travis Lopez', 41, 'support', 'intermediate'),
(64, 'Daniel Shaw', 36, 'technical', 'experienced'),
(65, 'Travis Rodriguez', 30, 'support', 'trainee'),
(66, 'Charles Burton', 43, 'technical', 'beginner'),
(67, 'Theresa Perry', 18, 'support', 'beginner'),
(68, 'James Williams', 45, 'technical', 'intermediate'),
(69, 'Walter Rojas', 45, 'technical', 'beginner'),
(70, 'Michael Robinson', 39, 'security', 'beginner'),
(71, 'Jennifer Massey', 41, 'support', 'trainee'),
(72, 'Katrina Christian', 21, 'support', 'beginner'),
(73, 'Jerry Lee', 37, 'security', 'beginner'),
(74, 'Jordan Mcpherson', 42, 'technical', 'intermediate'),
(75, 'Mr. Brandon Webb', 25, 'security', 'experienced'),
(76, 'Elizabeth Wright', 39, 'security', 'beginner'),
(77, 'Joshua Moore', 37, 'technical', 'trainee'),
(78, 'Jesus Foster', 39, 'support', 'beginner'),
(79, 'Christopher Huff', 28, 'technical', 'expert'),
(80, 'Matthew Barnes', 36, 'support', 'experienced'),
(81, 'Alexander Henry', 30, 'security', 'expert'),
(82, 'Lisa Ramirez', 21, 'technical', 'expert'),
(83, 'Yolanda Brown', 37, 'security', 'beginner'),
(84, 'Valerie Blake', 32, 'support', 'intermediate'),
(85, 'Dr. Nicholas Diaz Jr.', 34, 'security', 'beginner'),
(86, 'Austin Lawrence', 35, 'security', 'trainee'),
(87, 'Bradley Taylor', 43, 'technical', 'experienced'),
(88, 'Anthony Young DDS', 19, 'support', 'experienced'),
(89, 'Nicholas Sheppard', 29, 'support', 'trainee'),
(90, 'Robert Richards', 42, 'security', 'experienced'),
(91, 'Tyler Hickman', 27, 'technical', 'beginner'),
(92, 'Jonathan Hunter', 29, 'technical', 'expert'),
(93, 'Jennifer Smith', 25, 'security', 'experienced'),
(94, 'Sylvia Valdez', 22, 'support', 'experienced'),
(95, 'Jeffery Montgomery', 36, 'security', 'intermediate'),
(96, 'Tommy Barnes', 45, 'support', 'intermediate'),
(97, 'Shannon Guerrero', 35, 'technical', 'trainee'),
(98, 'Dean Rice', 21, 'support', 'trainee'),
(99, 'Heather Hall', 31, 'security', 'beginner'),
(100, 'Thomas Strickland', 23, 'support', 'experienced'),
(101, 'Gina Sandoval', 32, 'support', 'expert'),
(102, 'Cody Anderson', 18, 'support', 'experienced'),
(103, 'Bryan Tran', 38, 'support', 'expert'),
(104, 'Rachel Hill', 41, 'security', 'experienced'),
(105, 'Calvin Nguyen', 28, 'support', 'trainee'),
(106, 'Miguel Ellis', 28, 'security', 'trainee'),
(107, 'Valerie Jones', 25, 'support', 'experienced'),
(108, 'Becky Anderson', 45, 'technical', 'intermediate'),
(109, 'Rachel Bowers', 37, 'security', 'intermediate'),
(110, 'Cameron Gutierrez', 40, 'technical', 'expert'),
(111, 'Gregory Avery', 43, 'technical', 'intermediate'),
(112, 'Juan Carney', 33, 'support', 'intermediate'),
(113, 'Jake Ward', 24, 'security', 'expert'),
(114, 'Anne Lewis', 44, 'security', 'expert'),
(115, 'Sarah Powell', 18, 'technical', 'experienced'),
(116, 'Miguel Young', 32, 'security', 'trainee'),
(117, 'Rebecca Garcia', 26, 'support', 'expert'),
(118, 'Gina Stephens', 41, 'security', 'beginner'),
(119, 'Austin Peterson', 19, 'technical', 'experienced'),
(120, 'Adam Lewis', 35, 'support', 'expert'),
(121, 'Tammy Reynolds', 25, 'security', 'intermediate'),
(122, 'Alexis Wells', 23, 'security', 'trainee'),
(123, 'Joseph Lane', 37, 'technical', 'trainee'),
(124, 'Adam Smith', 31, 'technical', 'intermediate'),
(125, 'Michael Schroeder', 44, 'security', 'intermediate'),
(126, 'Robert Barnes', 45, 'technical', 'expert'),
(127, 'Tiffany Hodges', 37, 'technical', 'beginner'),
(128, 'Timothy Brown', 26, 'technical', 'intermediate'),
(129, 'Jennifer Reynolds', 27, 'security', 'expert'),
(130, 'Larry Smith', 44, 'technical', 'trainee'),
(131, 'Melanie Ortega', 44, 'support', 'trainee'),
(132, 'Anthony Pugh', 35, 'technical', 'intermediate'),
(133, 'Dennis Sanders', 40, 'technical', 'beginner'),
(134, 'Ronald Riley', 43, 'support', 'experienced'),
(135, 'Amy Hicks', 25, 'support', 'trainee'),
(136, 'Andrew Dickerson', 24, 'security', 'beginner'),
(137, 'Mary Becker', 31, 'technical', 'intermediate'),
(138, 'Nicole Ingram', 38, 'support', 'experienced'),
(139, 'Lisa Young', 29, 'security', 'experienced'),
(140, 'Thomas Huber', 29, 'security', 'beginner'),
(141, 'David Smith', 41, 'security', 'beginner'),
(142, 'Michael Morgan', 25, 'security', 'beginner'),
(143, 'Stephen Green', 26, 'support', 'beginner'),
(144, 'William Crawford', 42, 'security', 'beginner'),
(145, 'James Meyer', 41, 'technical', 'beginner'),
(146, 'Derek Cruz', 31, 'support', 'trainee'),
(147, 'Jesse Williams', 31, 'security', 'experienced'),
(148, 'William Johns', 28, 'support', 'experienced'),
(149, 'Crystal Rogers', 40, 'support', 'beginner'),
(150, 'Jason Patterson', 29, 'security', 'experienced'),
(151, 'Kimberly Brown', 18, 'technical', 'trainee'),
(152, 'Dustin Chapman', 41, 'support', 'trainee'),
(153, 'Steven Campbell', 42, 'support', 'intermediate'),
(154, 'Samantha Bennett', 34, 'support', 'trainee'),
(155, 'Renee Hart', 42, 'support', 'beginner'),
(156, 'Andrew Marshall', 40, 'support', 'intermediate'),
(157, 'Samantha Lee', 26, 'security', 'trainee'),
(158, 'Leah Ruiz', 37, 'technical', 'trainee'),
(159, 'Nancy Brennan', 45, 'security', 'trainee'),
(160, 'Samantha Dean', 18, 'technical', 'expert'),
(161, 'Luke Stephens', 43, 'support', 'intermediate'),
(162, 'Regina Cardenas', 37, 'technical', 'expert'),
(163, 'Adam Bryant', 35, 'technical', 'trainee'),
(164, 'Courtney Moore', 29, 'technical', 'intermediate'),
(165, 'Robert Burton', 30, 'support', 'trainee'),
(166, 'Sara Richardson', 20, 'security', 'trainee'),
(167, 'Phillip Wilson', 29, 'technical', 'expert'),
(168, 'Cindy Fitzgerald', 20, 'security', 'experienced'),
(169, 'Diana Garcia', 34, 'technical', 'trainee'),
(170, 'Elizabeth Roberts', 36, 'support', 'intermediate'),
(171, 'Pamela Davis', 20, 'support', 'expert'),
(172, 'Brandon Ingram', 27, 'security', 'experienced'),
(173, 'Mrs. Erica Ramirez', 20, 'support', 'experienced'),
(174, 'Jacqueline Long', 33, 'security', 'expert'),
(175, 'Vanessa Baker', 33, 'technical', 'experienced'),
(176, 'Olivia Warren', 37, 'technical', 'trainee'),
(177, 'Trevor Wilson', 40, 'support', 'beginner'),
(178, 'Daniel Gonzalez', 45, 'technical', 'expert'),
(179, 'Lisa Lee', 37, 'technical', 'expert'),
(180, 'Darryl Carr', 39, 'technical', 'trainee'),
(181, 'Mark Riley', 20, 'security', 'intermediate'),
(182, 'Jeffrey West', 37, 'support', 'beginner'),
(183, 'Ruben Horne', 45, 'security', 'intermediate'),
(184, 'Mitchell Liu', 29, 'security', 'intermediate'),
(185, 'Keith Brown', 36, 'technical', 'beginner'),
(186, 'Stacey Watts', 22, 'security', 'expert'),
(187, 'Matthew Davis', 21, 'security', 'intermediate'),
(188, 'Andrea Patel', 18, 'security', 'beginner'),
(189, 'Corey Smith', 40, 'support', 'beginner'),
(190, 'Kim Fitzpatrick', 36, 'technical', 'trainee'),
(191, 'Sara Ford', 43, 'security', 'intermediate'),
(192, 'Dr. Alexis Bryan', 37, 'security', 'experienced'),
(193, 'Timothy Briggs', 22, 'security', 'expert'),
(194, 'Craig Graham', 19, 'technical', 'beginner'),
(195, 'Erin Foster', 40, 'security', 'experienced'),
(196, 'Lisa Walker', 39, 'support', 'beginner'),
(197, 'Sherri Dean', 21, 'support', 'beginner'),
(198, 'David Acosta', 38, 'support', 'experienced'),
(199, 'Adam Bowers', 41, 'support', 'beginner'),
(200, 'Tammy Walker', 23, 'security', 'expert');

INSERT INTO `event_staff` (`event_id`, `staff_id`, `assignment_date`, `shift_start`, `shift_end`) VALUES
(1, 78, '2015-02-08', '2015-03-22 02:17:58', '2015-03-22 02:34:31'),
(1, 100, '2014-07-09', '2015-03-21 20:29:08', '2015-03-22 00:28:21'),
(1, 10, '2014-02-02', '2015-03-22 00:13:00', '2015-03-22 00:28:30'),
(1, 17, '2014-07-03', '2015-03-22 00:05:20', '2015-03-22 00:16:46'),
(1, 23, '2015-03-07', '2015-03-21 20:03:51', '2015-03-21 23:31:37'),
(1, 94, '2014-12-16', '2015-03-22 03:03:24', '2015-03-22 03:03:30'),
(1, 156, '2014-02-25', '2015-03-21 20:08:47', '2015-03-21 20:16:17'),
(1, 154, '2014-01-31', '2015-03-21 20:51:15', '2015-03-22 01:46:38'),
(1, 65, '2014-03-23', '2015-03-21 20:54:16', '2015-03-21 22:47:19'),
(1, 36, '2015-03-08', '2015-03-21 21:19:11', '2015-03-21 22:36:48'),
(1, 193, '2014-12-04', '2015-03-22 03:34:40', '2015-03-22 03:37:49'),
(1, 106, '2015-01-08', '2015-03-21 19:26:50', '2015-03-21 23:36:25'),
(1, 83, '2014-07-12', '2015-03-21 19:07:17', '2015-03-21 20:50:25'),
(1, 118, '2014-04-24', '2015-03-21 20:02:42', '2015-03-22 02:58:15'),
(1, 29, '2014-05-09', '2015-03-21 23:31:13', '2015-03-22 01:13:08'),
(1, 139, '2014-03-28', '2015-03-21 22:59:27', '2015-03-21 23:44:49'),
(1, 129, '2014-01-28', '2015-03-21 20:47:51', '2015-03-22 03:10:06'),
(1, 166, '2014-05-23', '2015-03-21 23:50:24', '2015-03-22 03:38:10'),
(1, 47, '2015-01-22', '2015-03-21 22:47:04', '2015-03-22 02:06:10'),
(1, 172, '2014-07-30', '2015-03-22 03:11:43', '2015-03-22 03:38:10'),
(1, 16, '2014-11-19', '2015-03-22 03:36:17', '2015-03-22 03:44:31'),
(1, 200, '2014-02-16', '2015-03-21 19:57:21', '2015-03-21 21:37:08'),
(1, 121, '2014-12-03', '2015-03-21 20:04:04', '2015-03-22 00:12:33'),
(1, 168, '2014-11-27', '2015-03-21 21:03:36', '2015-03-21 23:08:58'),
(1, 5, '2015-01-10', '2015-03-21 22:47:54', '2015-03-21 23:27:41'),
(1, 181, '2014-09-21', '2015-03-21 21:25:35', '2015-03-22 02:33:53'),
(1, 19, '2015-03-19', '2015-03-22 01:07:01', '2015-03-22 02:28:38'),
(1, 24, '2014-12-09', '2015-03-21 22:31:38', '2015-03-22 01:44:50'),
(1, 109, '2015-03-07', '2015-03-22 01:38:48', '2015-03-22 03:52:47'),
(1, 7, '2014-07-13', '2015-03-21 20:59:54', '2015-03-21 23:58:45'),
(1, 180, '2014-03-07', '2015-03-22 02:38:12', '2015-03-22 02:57:23'),
(1, 164, '2014-06-05', '2015-03-21 22:58:08', '2015-03-22 01:16:55'),
(1, 162, '2014-07-01', '2015-03-21 22:48:07', '2015-03-21 23:56:31'),
(1, 167, '2014-12-09', '2015-03-22 01:27:25', '2015-03-22 03:09:47'),
(1, 12, '2015-03-18', '2015-03-22 02:51:15', '2015-03-22 03:35:21'),
(1, 66, '2014-05-21', '2015-03-21 21:29:27', '2015-03-22 01:32:34'),
(2, 120, '2014-05-08', '2015-03-22 00:34:12', '2015-03-22 01:16:30'),
(2, 67, '2014-05-18', '2015-03-22 00:27:20', '2015-03-22 01:03:26'),
(2, 98, '2014-06-11', '2015-03-22 01:13:49', '2015-03-22 01:37:47'),
(2, 17, '2014-11-01', '2015-03-22 00:33:55', '2015-03-22 02:00:22'),
(2, 153, '2014-07-02', '2015-03-22 00:53:27', '2015-03-22 01:09:14'),
(2, 165, '2014-06-14', '2015-03-22 02:07:35', '2015-03-22 02:13:27'),
(2, 139, '2014-09-28', '2015-03-22 02:11:52', '2015-03-22 02:26:56'),
(2, 187, '2015-01-19', '2015-03-21 23:46:31', '2015-03-22 01:47:25'),
(2, 3, '2014-10-24', '2015-03-22 02:28:47', '2015-03-22 02:35:13'),
(2, 93, '2014-08-06', '2015-03-22 01:29:14', '2015-03-22 01:32:12'),
(2, 159, '2015-01-29', '2015-03-22 00:49:29', '2015-03-22 02:12:12'),
(2, 106, '2014-04-27', '2015-03-22 01:01:45', '2015-03-22 01:02:34'),
(2, 73, '2014-01-25', '2015-03-22 01:10:34', '2015-03-22 01:52:41'),
(2, 195, '2014-05-27', '2015-03-22 01:59:37', '2015-03-22 02:33:26'),
(2, 24, '2014-12-24', '2015-03-22 02:10:34', '2015-03-22 02:23:45'),
(2, 70, '2014-08-01', '2015-03-22 00:57:42', '2015-03-22 01:12:53'),
(2, 162, '2015-01-23', '2015-03-22 01:08:38', '2015-03-22 01:24:56'),
(2, 185, '2015-02-22', '2015-03-22 00:42:32', '2015-03-22 01:05:26'),
(2, 54, '2014-02-28', '2015-03-22 00:43:07', '2015-03-22 01:37:56'),
(2, 91, '2014-06-06', '2015-03-21 23:46:14', '2015-03-22 01:26:42'),
(3, 161, '2014-10-01', '2015-03-21 06:01:44', '2015-03-21 14:56:54'),
(3, 117, '2014-11-27', '2015-03-21 12:16:16', '2015-03-21 14:20:56'),
(3, 22, '2014-05-21', '2015-03-21 09:26:04', '2015-03-21 14:58:57'),
(3, 41, '2014-01-30', '2015-03-21 16:14:07', '2015-03-21 16:18:50'),
(3, 134, '2014-12-14', '2015-03-21 14:58:43', '2015-03-21 15:14:47'),
(3, 72, '2014-05-04', '2015-03-21 05:56:53', '2015-03-21 15:43:55'),
(3, 67, '2014-04-07', '2015-03-21 06:31:37', '2015-03-21 09:49:28'),
(3, 199, '2014-02-15', '2015-03-21 05:05:48', '2015-03-21 15:58:47'),
(3, 152, '2015-01-01', '2015-03-21 10:41:00', '2015-03-21 15:04:21'),
(3, 84, '2014-04-30', '2015-03-21 11:03:17', '2015-03-21 14:29:35'),
(3, 155, '2014-02-17', '2015-03-21 14:12:27', '2015-03-21 14:21:03'),
(3, 61, '2014-07-05', '2015-03-21 06:47:30', '2015-03-21 12:59:50'),
(3, 109, '2014-09-24', '2015-03-21 15:43:06', '2015-03-21 15:52:50'),
(3, 95, '2014-09-29', '2015-03-21 07:50:25', '2015-03-21 11:20:20'),
(3, 187, '2014-05-31', '2015-03-21 14:00:44', '2015-03-21 14:16:47'),
(3, 4, '2015-01-22', '2015-03-21 07:47:35', '2015-03-21 11:02:31'),
(3, 24, '2014-02-12', '2015-03-21 15:55:56', '2015-03-21 15:59:33'),
(3, 141, '2014-03-26', '2015-03-21 13:14:52', '2015-03-21 15:22:57'),
(3, 5, '2014-11-02', '2015-03-21 04:26:28', '2015-03-21 06:17:21'),
(3, 183, '2014-11-06', '2015-03-21 06:04:20', '2015-03-21 11:11:47'),
(3, 70, '2014-01-31', '2015-03-21 05:03:18', '2015-03-21 14:25:10'),
(3, 57, '2014-08-27', '2015-03-21 13:58:07', '2015-03-21 16:03:36'),
(3, 59, '2014-08-24', '2015-03-21 13:22:39', '2015-03-21 14:47:32'),
(3, 18, '2014-07-26', '2015-03-21 14:23:27', '2015-03-21 16:14:36'),
(3, 106, '2014-09-03', '2015-03-21 06:44:03', '2015-03-21 12:30:05'),
(3, 188, '2014-05-24', '2015-03-21 05:35:13', '2015-03-21 07:18:03'),
(3, 157, '2014-12-10', '2015-03-21 12:17:10', '2015-03-21 12:59:32'),
(3, 38, '2014-12-20', '2015-03-21 04:50:22', '2015-03-21 15:02:15'),
(3, 118, '2014-11-13', '2015-03-21 15:41:25', '2015-03-21 15:44:43'),
(3, 52, '2014-02-07', '2015-03-21 14:30:33', '2015-03-21 14:32:41'),
(3, 29, '2015-02-07', '2015-03-21 15:01:21', '2015-03-21 15:36:25'),
(3, 166, '2014-11-28', '2015-03-21 09:02:55', '2015-03-21 09:43:38'),
(3, 140, '2014-02-28', '2015-03-21 12:45:59', '2015-03-21 14:04:22'),
(3, 32, '2014-01-13', '2015-03-21 05:01:50', '2015-03-21 11:45:41'),
(3, 56, '2014-12-03', '2015-03-21 13:04:36', '2015-03-21 15:58:44'),
(3, 130, '2014-11-27', '2015-03-21 08:15:13', '2015-03-21 10:59:24'),
(3, 91, '2014-08-24', '2015-03-21 10:33:43', '2015-03-21 15:05:03'),
(3, 124, '2014-10-22', '2015-03-21 13:34:51', '2015-03-21 13:41:25'),
(3, 46, '2014-02-14', '2015-03-21 07:12:36', '2015-03-21 11:19:29'),
(3, 178, '2014-10-31', '2015-03-21 05:36:22', '2015-03-21 05:44:10'),
(3, 27, '2015-01-18', '2015-03-21 07:41:48', '2015-03-21 13:25:05'),
(3, 35, '2014-03-07', '2015-03-21 04:39:09', '2015-03-21 07:18:45'),
(4, 43, '2014-08-04', '2015-03-21 07:28:40', '2015-03-21 07:46:42'),
(4, 149, '2015-02-16', '2015-03-21 18:35:39', '2015-03-21 18:42:03'),
(4, 80, '2014-09-09', '2015-03-21 09:10:56', '2015-03-21 09:25:34'),
(4, 88, '2014-06-22', '2015-03-21 18:08:37', '2015-03-21 18:43:53'),
(4, 98, '2014-06-09', '2015-03-21 07:45:25', '2015-03-21 18:15:16'),
(4, 120, '2014-12-24', '2015-03-21 15:10:37', '2015-03-21 17:34:02'),
(4, 152, '2014-05-25', '2015-03-21 08:20:11', '2015-03-21 09:58:26'),
(4, 199, '2014-10-14', '2015-03-21 11:41:21', '2015-03-21 11:58:13'),
(4, 154, '2014-04-07', '2015-03-21 14:11:08', '2015-03-21 17:22:37'),
(4, 71, '2014-01-24', '2015-03-21 16:44:51', '2015-03-21 17:35:23'),
(4, 49, '2014-04-15', '2015-03-21 12:38:11', '2015-03-21 18:15:52'),
(4, 161, '2014-04-14', '2015-03-21 18:11:39', '2015-03-21 18:43:53'),
(4, 183, '2014-07-06', '2015-03-21 12:21:34', '2015-03-21 17:19:59'),
(4, 76, '2014-09-19', '2015-03-21 12:26:02', '2015-03-21 15:37:37'),
(4, 186, '2014-07-03', '2015-03-21 10:34:23', '2015-03-21 12:43:55'),
(4, 52, '2014-01-16', '2015-03-21 17:58:43', '2015-03-21 18:16:21'),
(4, 122, '2015-01-27', '2015-03-21 15:08:12', '2015-03-21 15:54:08'),
(4, 83, '2014-11-11', '2015-03-21 16:42:52', '2015-03-21 17:04:07'),
(4, 4, '2014-07-13', '2015-03-21 07:41:39', '2015-03-21 17:51:41'),
(4, 90, '2014-01-23', '2015-03-21 15:00:35', '2015-03-21 15:54:46'),
(4, 136, '2015-02-27', '2015-03-21 09:17:31', '2015-03-21 18:45:14'),
(4, 59, '2014-07-19', '2015-03-21 15:38:51', '2015-03-21 16:51:16'),
(4, 1, '2015-01-06', '2015-03-21 15:07:16', '2015-03-21 15:35:40'),
(4, 32, '2015-02-11', '2015-03-21 13:22:15', '2015-03-21 15:14:09'),
(4, 109, '2014-12-05', '2015-03-21 10:27:04', '2015-03-21 14:30:11'),
(4, 38, '2014-01-21', '2015-03-21 16:04:14', '2015-03-21 17:59:46'),
(4, 8, '2014-01-02', '2015-03-21 15:49:07', '2015-03-21 16:58:35'),
(4, 85, '2014-09-14', '2015-03-21 13:35:24', '2015-03-21 17:27:37'),
(4, 150, '2014-03-02', '2015-03-21 14:26:33', '2015-03-21 17:17:25'),
(4, 114, '2014-01-23', '2015-03-21 10:52:07', '2015-03-21 14:14:09'),
(4, 147, '2014-01-10', '2015-03-21 12:14:41', '2015-03-21 18:41:39'),
(4, 81, '2014-05-11', '2015-03-21 15:29:28', '2015-03-21 16:24:38'),
(4, 75, '2015-03-02', '2015-03-21 08:42:12', '2015-03-21 16:37:58'),
(4, 168, '2014-09-25', '2015-03-21 12:51:29', '2015-03-21 16:32:34'),
(4, 77, '2014-05-24', '2015-03-21 09:07:53', '2015-03-21 17:03:06'),
(4, 179, '2014-06-04', '2015-03-21 10:19:03', '2015-03-21 11:15:53'),
(4, 163, '2014-08-22', '2015-03-21 14:53:19', '2015-03-21 15:47:43'),
(4, 164, '2014-02-01', '2015-03-21 17:20:56', '2015-03-21 18:07:41'),
(4, 69, '2014-10-02', '2015-03-21 13:51:54', '2015-03-21 18:23:32'),
(4, 194, '2014-11-22', '2015-03-21 16:05:00', '2015-03-21 18:13:47'),
(4, 92, '2014-06-19', '2015-03-21 16:59:32', '2015-03-21 17:19:45'),
(4, 128, '2014-03-27', '2015-03-21 09:57:54', '2015-03-21 15:53:41'),
(5, 131, '2016-05-09', '2016-05-10 12:23:13', '2016-05-10 14:21:19'),
(5, 58, '2015-06-18', '2016-05-10 15:20:30', '2016-05-10 16:55:48'),
(5, 161, '2015-12-16', '2016-05-10 20:25:02', '2016-05-10 20:35:23'),
(5, 155, '2015-08-01', '2016-05-10 11:19:23', '2016-05-10 17:03:47'),
(5, 45, '2015-12-13', '2016-05-10 13:33:19', '2016-05-10 19:14:07'),
(5, 17, '2015-05-30', '2016-05-10 16:37:44', '2016-05-10 20:44:59'),
(5, 101, '2016-04-25', '2016-05-10 21:52:40', '2016-05-10 21:56:43'),
(5, 156, '2016-02-04', '2016-05-10 10:43:39', '2016-05-10 17:20:03'),
(5, 63, '2015-12-30', '2016-05-10 14:14:42', '2016-05-10 16:38:53'),
(5, 189, '2015-01-05', '2016-05-10 17:17:14', '2016-05-10 19:09:20'),
(5, 107, '2015-10-02', '2016-05-10 14:40:37', '2016-05-10 21:33:01'),
(5, 186, '2015-07-31', '2016-05-10 20:42:35', '2016-05-10 21:27:20'),
(5, 8, '2015-10-22', '2016-05-10 13:53:26', '2016-05-10 15:41:19'),
(5, 113, '2015-11-20', '2016-05-10 15:32:15', '2016-05-10 16:37:52'),
(5, 150, '2016-04-11', '2016-05-10 20:11:01', '2016-05-10 21:24:45'),
(5, 16, '2015-05-24', '2016-05-10 18:41:27', '2016-05-10 20:19:31'),
(5, 32, '2015-12-24', '2016-05-10 13:32:44', '2016-05-10 20:41:00'),
(5, 172, '2016-04-15', '2016-05-10 17:24:13', '2016-05-10 19:18:07'),
(5, 48, '2015-03-10', '2016-05-10 19:44:12', '2016-05-10 20:23:07'),
(5, 47, '2015-02-28', '2016-05-10 16:58:53', '2016-05-10 17:48:21'),
(5, 144, '2015-09-20', '2016-05-10 16:42:28', '2016-05-10 19:12:41'),
(5, 116, '2016-03-18', '2016-05-10 10:57:21', '2016-05-10 19:19:08'),
(5, 109, '2015-01-19', '2016-05-10 21:48:18', '2016-05-10 21:48:31'),
(5, 75, '2016-02-09', '2016-05-10 16:12:58', '2016-05-10 17:05:44'),
(5, 187, '2015-03-03', '2016-05-10 12:38:42', '2016-05-10 14:02:06'),
(5, 140, '2015-01-20', '2016-05-10 11:00:21', '2016-05-10 15:07:17'),
(5, 183, '2016-01-30', '2016-05-10 20:58:53', '2016-05-10 21:05:00'),
(5, 38, '2015-12-23', '2016-05-10 18:36:42', '2016-05-10 19:51:12'),
(5, 139, '2015-05-13', '2016-05-10 17:57:21', '2016-05-10 19:15:13'),
(5, 195, '2015-03-06', '2016-05-10 11:38:41', '2016-05-10 13:15:36'),
(5, 55, '2015-12-31', '2016-05-10 22:04:26', '2016-05-10 22:04:28'),
(5, 19, '2015-07-02', '2016-05-10 13:18:41', '2016-05-10 20:05:11'),
(5, 127, '2015-09-15', '2016-05-10 18:33:54', '2016-05-10 18:59:43'),
(5, 124, '2015-07-20', '2016-05-10 21:49:36', '2016-05-10 22:02:47'),
(5, 175, '2015-12-25', '2016-05-10 19:07:51', '2016-05-10 21:36:21'),
(5, 40, '2015-10-03', '2016-05-10 19:34:42', '2016-05-10 19:34:58'),
(5, 39, '2015-02-17', '2016-05-10 21:19:16', '2016-05-10 21:19:39'),
(5, 180, '2015-09-03', '2016-05-10 10:57:01', '2016-05-10 16:15:57'),
(5, 46, '2015-05-19', '2016-05-10 14:52:17', '2016-05-10 14:55:12'),
(5, 111, '2015-02-28', '2016-05-10 13:08:22', '2016-05-10 21:38:25'),
(6, 196, '2015-10-11', '2016-05-10 09:32:53', '2016-05-10 09:42:26'),
(6, 112, '2015-11-01', '2016-05-10 08:39:12', '2016-05-10 09:28:44'),
(6, 156, '2015-04-07', '2016-05-10 08:49:35', '2016-05-10 10:02:43'),
(6, 11, '2015-06-22', '2016-05-10 09:09:24', '2016-05-10 09:56:10'),
(6, 153, '2015-02-07', '2016-05-10 09:35:00', '2016-05-10 09:36:41'),
(6, 34, '2015-07-31', '2016-05-10 09:48:18', '2016-05-10 09:56:04'),
(6, 25, '2015-09-27', '2016-05-10 08:07:21', '2016-05-10 09:50:57'),
(6, 84, '2015-09-22', '2016-05-10 08:40:59', '2016-05-10 09:53:44'),
(6, 65, '2015-09-14', '2016-05-10 09:24:58', '2016-05-10 09:46:41'),
(6, 172, '2015-10-08', '2016-05-10 10:02:51', '2016-05-10 10:02:52'),
(6, 114, '2016-05-03', '2016-05-10 07:49:55', '2016-05-10 08:13:49'),
(6, 184, '2015-06-17', '2016-05-10 07:37:31', '2016-05-10 09:15:19'),
(6, 50, '2015-06-30', '2016-05-10 07:41:54', '2016-05-10 08:23:33'),
(6, 14, '2015-10-19', '2016-05-10 07:20:36', '2016-05-10 07:30:30'),
(6, 18, '2015-04-18', '2016-05-10 09:05:01', '2016-05-10 09:17:48'),
(6, 4, '2015-01-02', '2016-05-10 07:21:31', '2016-05-10 08:06:32'),
(6, 147, '2016-02-28', '2016-05-10 07:36:45', '2016-05-10 09:06:31'),
(6, 38, '2015-09-25', '2016-05-10 08:53:10', '2016-05-10 09:04:35'),
(6, 55, '2015-09-24', '2016-05-10 07:14:12', '2016-05-10 08:00:52'),
(6, 192, '2015-06-12', '2016-05-10 07:13:22', '2016-05-10 09:29:34'),
(6, 24, '2015-02-15', '2016-05-10 09:18:00', '2016-05-10 09:40:26'),
(6, 48, '2015-11-11', '2016-05-10 07:54:09', '2016-05-10 09:58:44'),
(6, 93, '2016-01-12', '2016-05-10 07:45:17', '2016-05-10 09:15:04'),
(6, 150, '2015-10-13', '2016-05-10 07:18:23', '2016-05-10 07:57:15'),
(6, 95, '2015-03-06', '2016-05-10 09:47:44', '2016-05-10 09:59:00'),
(6, 109, '2016-01-20', '2016-05-10 08:12:59', '2016-05-10 09:42:44'),
(6, 169, '2015-10-07', '2016-05-10 08:41:22', '2016-05-10 08:55:16'),
(6, 92, '2015-08-06', '2016-05-10 08:59:34', '2016-05-10 09:10:13'),
(6, 137, '2016-03-06', '2016-05-10 08:41:58', '2016-05-10 09:26:55'),
(6, 27, '2015-04-19', '2016-05-10 07:08:00', '2016-05-10 07:24:19'),
(6, 130, '2016-03-30', '2016-05-10 07:42:43', '2016-05-10 09:52:12'),
(6, 60, '2015-04-25', '2016-05-10 08:29:48', '2016-05-10 08:35:12'),
(6, 127, '2015-09-30', '2016-05-10 09:17:00', '2016-05-10 09:57:54'),
(7, 80, '2015-09-26', '2016-05-10 08:22:47', '2016-05-10 11:12:19'),
(7, 71, '2015-03-24', '2016-05-10 10:37:23', '2016-05-10 12:56:46'),
(7, 153, '2015-12-12', '2016-05-10 10:27:19', '2016-05-10 11:04:02'),
(7, 84, '2015-11-03', '2016-05-10 13:16:25', '2016-05-10 13:17:35'),
(7, 161, '2015-11-30', '2016-05-10 07:00:38', '2016-05-10 09:08:17'),
(7, 2, '2015-03-25', '2016-05-10 13:29:22', '2016-05-10 13:40:43'),
(7, 198, '2015-03-13', '2016-05-10 12:15:00', '2016-05-10 13:26:23'),
(7, 90, '2015-07-14', '2016-05-10 13:03:17', '2016-05-10 13:21:14'),
(7, 1, '2015-08-14', '2016-05-10 07:17:26', '2016-05-10 08:31:41'),
(7, 106, '2015-12-23', '2016-05-10 12:03:37', '2016-05-10 13:10:20'),
(7, 142, '2015-10-17', '2016-05-10 11:45:01', '2016-05-10 13:47:46'),
(7, 166, '2016-03-07', '2016-05-10 11:29:29', '2016-05-10 13:28:52'),
(7, 184, '2016-05-07', '2016-05-10 06:11:52', '2016-05-10 07:12:14'),
(7, 3, '2015-04-02', '2016-05-10 05:03:55', '2016-05-10 11:21:18'),
(7, 55, '2015-09-24', '2016-05-10 06:53:39', '2016-05-10 10:19:54'),
(7, 122, '2015-10-31', '2016-05-10 10:32:12', '2016-05-10 13:37:24'),
(7, 70, '2015-04-03', '2016-05-10 06:45:26', '2016-05-10 09:19:54'),
(7, 19, '2015-07-18', '2016-05-10 10:14:55', '2016-05-10 11:49:47'),
(7, 104, '2015-03-07', '2016-05-10 07:17:44', '2016-05-10 11:33:52'),
(7, 82, '2015-01-11', '2016-05-10 08:18:49', '2016-05-10 09:07:16'),
(7, 77, '2015-02-09', '2016-05-10 10:58:37', '2016-05-10 13:18:03'),
(7, 137, '2015-08-16', '2016-05-10 08:11:38', '2016-05-10 10:02:28'),
(7, 167, '2015-08-08', '2016-05-10 07:56:38', '2016-05-10 07:57:54'),
(7, 127, '2015-07-04', '2016-05-10 11:40:30', '2016-05-10 12:55:16'),
(8, 9, '2015-09-22', '2016-05-10 05:25:08', '2016-05-10 08:34:13'),
(8, 134, '2015-06-12', '2016-05-10 11:27:17', '2016-05-10 12:24:38'),
(8, 189, '2015-07-08', '2016-05-10 10:33:55', '2016-05-10 14:18:40'),
(8, 96, '2015-09-07', '2016-05-10 06:30:19', '2016-05-10 10:13:32'),
(8, 154, '2015-02-02', '2016-05-10 14:26:14', '2016-05-10 14:33:41'),
(8, 61, '2015-09-14', '2016-05-10 04:25:22', '2016-05-10 08:17:06'),
(8, 149, '2015-02-28', '2016-05-10 06:03:52', '2016-05-10 12:09:46'),
(8, 41, '2015-07-17', '2016-05-10 05:56:18', '2016-05-10 11:22:51'),
(8, 159, '2015-02-21', '2016-05-10 08:01:56', '2016-05-10 10:44:36'),
(8, 59, '2015-03-12', '2016-05-10 06:03:25', '2016-05-10 12:10:09'),
(8, 136, '2016-02-24', '2016-05-10 03:12:21', '2016-05-10 13:45:42'),
(8, 188, '2015-07-09', '2016-05-10 03:58:24', '2016-05-10 12:01:42'),
(8, 70, '2015-08-12', '2016-05-10 05:02:04', '2016-05-10 06:55:20'),
(8, 129, '2015-04-18', '2016-05-10 12:35:48', '2016-05-10 13:47:50'),
(8, 73, '2016-03-02', '2016-05-10 05:57:40', '2016-05-10 12:39:11'),
(8, 19, '2015-12-21', '2016-05-10 14:41:35', '2016-05-10 14:42:29'),
(8, 141, '2015-01-26', '2016-05-10 03:08:14', '2016-05-10 08:54:22'),
(8, 81, '2015-04-04', '2016-05-10 04:16:26', '2016-05-10 13:30:02'),
(8, 200, '2015-06-20', '2016-05-10 06:21:46', '2016-05-10 08:05:16'),
(8, 76, '2015-03-14', '2016-05-10 11:26:31', '2016-05-10 14:32:43'),
(8, 118, '2015-02-27', '2016-05-10 11:06:53', '2016-05-10 13:56:07'),
(8, 116, '2015-09-27', '2016-05-10 03:52:22', '2016-05-10 11:29:21'),
(8, 195, '2015-09-14', '2016-05-10 09:57:31', '2016-05-10 12:29:42'),
(8, 77, '2015-02-28', '2016-05-10 07:13:15', '2016-05-10 14:21:04'),
(8, 115, '2015-12-06', '2016-05-10 14:43:30', '2016-05-10 14:43:42'),
(8, 92, '2015-03-28', '2016-05-10 08:19:43', '2016-05-10 14:15:23'),
(8, 119, '2015-05-15', '2016-05-10 11:41:42', '2016-05-10 11:58:17'),
(8, 190, '2015-11-02', '2016-05-10 06:26:02', '2016-05-10 12:00:02'),
(8, 137, '2015-02-19', '2016-05-10 07:52:33', '2016-05-10 12:44:16'),
(9, 9, '2017-04-04', '2017-08-04 06:32:21', '2017-08-04 06:53:19'),
(9, 84, '2016-02-03', '2017-08-04 05:18:39', '2017-08-04 06:12:56'),
(9, 153, '2016-11-27', '2017-08-04 06:18:24', '2017-08-04 06:57:05'),
(9, 11, '2017-08-02', '2017-08-04 06:14:32', '2017-08-04 07:13:26'),
(9, 30, '2016-04-12', '2017-08-04 06:53:03', '2017-08-04 07:05:56'),
(9, 120, '2016-11-21', '2017-08-04 06:27:57', '2017-08-04 07:05:06'),
(9, 25, '2016-09-12', '2017-08-04 06:50:33', '2017-08-04 07:23:10'),
(9, 134, '2017-07-15', '2017-08-04 05:15:32', '2017-08-04 06:22:29'),
(9, 98, '2016-02-22', '2017-08-04 06:54:25', '2017-08-04 07:13:33'),
(9, 36, '2016-05-06', '2017-08-04 06:29:34', '2017-08-04 06:49:25'),
(9, 20, '2016-04-10', '2017-08-04 05:23:20', '2017-08-04 07:04:28'),
(9, 182, '2017-03-08', '2017-08-04 05:00:41', '2017-08-04 05:13:14'),
(9, 122, '2016-06-18', '2017-08-04 05:06:54', '2017-08-04 05:09:06'),
(9, 59, '2017-06-18', '2017-08-04 06:53:30', '2017-08-04 07:10:50'),
(9, 83, '2016-05-30', '2017-08-04 07:19:32', '2017-08-04 07:30:46'),
(9, 200, '2016-11-02', '2017-08-04 06:15:08', '2017-08-04 07:31:05'),
(9, 14, '2017-02-26', '2017-08-04 05:56:10', '2017-08-04 06:28:46'),
(9, 139, '2016-09-01', '2017-08-04 05:34:53', '2017-08-04 05:56:49'),
(9, 93, '2016-03-12', '2017-08-04 04:36:26', '2017-08-04 06:08:46'),
(9, 168, '2016-09-09', '2017-08-04 04:54:04', '2017-08-04 07:17:33'),
(9, 141, '2016-06-30', '2017-08-04 06:51:29', '2017-08-04 07:16:20'),
(9, 183, '2016-05-02', '2017-08-04 06:00:54', '2017-08-04 06:14:35'),
(9, 106, '2016-10-06', '2017-08-04 07:00:38', '2017-08-04 07:29:14'),
(9, 24, '2017-01-11', '2017-08-04 04:38:33', '2017-08-04 06:15:27'),
(9, 195, '2017-01-16', '2017-08-04 06:08:18', '2017-08-04 07:02:01'),
(9, 104, '2016-02-11', '2017-08-04 04:56:51', '2017-08-04 07:27:07'),
(9, 90, '2016-09-15', '2017-08-04 05:43:10', '2017-08-04 06:36:35'),
(9, 16, '2017-07-03', '2017-08-04 05:50:51', '2017-08-04 07:13:32'),
(9, 114, '2016-05-26', '2017-08-04 06:25:10', '2017-08-04 07:29:29'),
(9, 140, '2017-05-02', '2017-08-04 05:47:34', '2017-08-04 06:19:09'),
(9, 1, '2017-05-09', '2017-08-04 07:23:55', '2017-08-04 07:31:53'),
(9, 192, '2017-06-20', '2017-08-04 04:50:58', '2017-08-04 04:55:51'),
(9, 125, '2016-10-13', '2017-08-04 06:45:11', '2017-08-04 07:24:23'),
(9, 38, '2016-10-29', '2017-08-04 04:54:35', '2017-08-04 06:40:23'),
(9, 175, '2016-09-30', '2017-08-04 05:27:15', '2017-08-04 07:20:59'),
(9, 77, '2017-06-06', '2017-08-04 05:17:59', '2017-08-04 06:39:35'),
(9, 167, '2017-07-17', '2017-08-04 05:11:03', '2017-08-04 05:54:23'),
(9, 54, '2016-02-02', '2017-08-04 05:43:54', '2017-08-04 06:16:06'),
(9, 111, '2016-02-21', '2017-08-04 05:36:20', '2017-08-04 06:28:48'),
(9, 179, '2017-02-14', '2017-08-04 04:59:15', '2017-08-04 07:02:14'),
(9, 158, '2017-01-02', '2017-08-04 06:40:25', '2017-08-04 06:48:24'),
(9, 69, '2017-01-25', '2017-08-04 06:37:59', '2017-08-04 07:08:01'),
(10, 105, '2016-04-27', '2017-08-04 10:29:25', '2017-08-04 16:03:48'),
(10, 152, '2017-05-26', '2017-08-04 15:25:21', '2017-08-04 18:34:51'),
(10, 135, '2016-06-18', '2017-08-04 08:31:33', '2017-08-04 17:28:41'),
(10, 10, '2017-01-18', '2017-08-04 17:08:18', '2017-08-04 18:23:33'),
(10, 149, '2016-07-22', '2017-08-04 15:59:33', '2017-08-04 18:46:06'),
(10, 22, '2017-01-15', '2017-08-04 11:16:38', '2017-08-04 12:41:02'),
(10, 114, '2016-04-08', '2017-08-04 10:10:01', '2017-08-04 18:22:30'),
(10, 140, '2016-11-23', '2017-08-04 09:17:59', '2017-08-04 17:45:56'),
(10, 29, '2016-09-16', '2017-08-04 08:00:39', '2017-08-04 08:26:48'),
(10, 59, '2016-06-03', '2017-08-04 12:11:59', '2017-08-04 19:54:00'),
(10, 81, '2016-02-08', '2017-08-04 19:33:32', '2017-08-04 19:52:24'),
(10, 168, '2017-02-19', '2017-08-04 12:48:43', '2017-08-04 19:56:46'),
(10, 86, '2017-07-01', '2017-08-04 08:28:59', '2017-08-04 15:19:47'),
(10, 122, '2017-04-13', '2017-08-04 13:13:01', '2017-08-04 16:06:43'),
(10, 19, '2016-08-17', '2017-08-04 09:35:08', '2017-08-04 17:07:44'),
(10, 136, '2017-06-16', '2017-08-04 12:37:39', '2017-08-04 17:47:13'),
(10, 54, '2017-05-27', '2017-08-04 08:04:14', '2017-08-04 09:18:33'),
(10, 111, '2017-05-25', '2017-08-04 10:23:23', '2017-08-04 11:07:32'),
(10, 51, '2016-09-13', '2017-08-04 19:38:55', '2017-08-04 19:55:20'),
(10, 179, '2016-03-28', '2017-08-04 11:32:06', '2017-08-04 15:18:20'),
(11, 156, '2016-07-17', '2017-08-04 10:52:44', '2017-08-04 12:21:19'),
(11, 173, '2016-11-02', '2017-08-04 08:06:20', '2017-08-04 12:14:50'),
(11, 196, '2016-06-11', '2017-08-04 11:40:42', '2017-08-04 12:42:35'),
(11, 13, '2016-01-13', '2017-08-04 11:15:47', '2017-08-04 13:04:40'),
(11, 102, '2016-10-17', '2017-08-04 09:11:55', '2017-08-04 13:34:47'),
(11, 11, '2016-06-30', '2017-08-04 13:04:06', '2017-08-04 13:37:17'),
(11, 78, '2016-03-21', '2017-08-04 11:55:10', '2017-08-04 12:33:41'),
(11, 45, '2016-07-28', '2017-08-04 09:06:22', '2017-08-04 09:37:10'),
(11, 120, '2017-07-31', '2017-08-04 10:58:14', '2017-08-04 13:25:14'),
(11, 118, '2016-07-01', '2017-08-04 08:20:09', '2017-08-04 11:42:47'),
(11, 114, '2016-08-30', '2017-08-04 12:53:28', '2017-08-04 13:32:05'),
(11, 50, '2017-05-04', '2017-08-04 13:14:53', '2017-08-04 13:47:04'),
(11, 52, '2016-03-26', '2017-08-04 10:34:03', '2017-08-04 10:45:20'),
(11, 191, '2017-01-29', '2017-08-04 08:20:56', '2017-08-04 11:16:25'),
(11, 168, '2016-04-18', '2017-08-04 11:55:07', '2017-08-04 13:21:59'),
(11, 188, '2016-09-22', '2017-08-04 10:11:29', '2017-08-04 12:34:31'),
(11, 109, '2017-01-18', '2017-08-04 09:36:16', '2017-08-04 11:46:29'),
(11, 166, '2016-08-10', '2017-08-04 12:25:22', '2017-08-04 12:57:38'),
(11, 47, '2016-10-06', '2017-08-04 12:05:28', '2017-08-04 13:30:06'),
(11, 8, '2016-07-26', '2017-08-04 13:44:17', '2017-08-04 13:46:53'),
(11, 200, '2016-05-20', '2017-08-04 12:43:59', '2017-08-04 13:15:49'),
(11, 181, '2016-06-18', '2017-08-04 11:20:42', '2017-08-04 11:25:57'),
(11, 184, '2016-07-19', '2017-08-04 13:46:29', '2017-08-04 13:46:50'),
(11, 73, '2017-07-18', '2017-08-04 12:26:48', '2017-08-04 12:45:29'),
(11, 90, '2017-04-20', '2017-08-04 11:40:12', '2017-08-04 12:09:28'),
(11, 129, '2016-05-20', '2017-08-04 08:47:28', '2017-08-04 12:55:51'),
(11, 119, '2016-05-04', '2017-08-04 12:59:22', '2017-08-04 13:51:12'),
(11, 163, '2017-03-07', '2017-08-04 12:26:47', '2017-08-04 12:27:42'),
(11, 108, '2017-07-01', '2017-08-04 12:49:09', '2017-08-04 13:44:01'),
(11, 27, '2016-09-17', '2017-08-04 11:59:22', '2017-08-04 13:14:40'),
(11, 167, '2017-04-10', '2017-08-04 07:58:24', '2017-08-04 12:16:14'),
(11, 126, '2016-02-13', '2017-08-04 13:22:58', '2017-08-04 13:50:55'),
(11, 151, '2016-01-31', '2017-08-04 08:55:26', '2017-08-04 13:56:32'),
(12, 152, '2016-10-12', '2017-08-04 05:19:41', '2017-08-04 13:04:44'),
(12, 89, '2016-06-15', '2017-08-04 11:06:03', '2017-08-04 13:27:23'),
(12, 31, '2016-09-04', '2017-08-04 03:38:21', '2017-08-04 03:43:38'),
(12, 105, '2017-07-05', '2017-08-04 12:28:27', '2017-08-04 13:55:47'),
(12, 17, '2016-03-05', '2017-08-04 03:50:08', '2017-08-04 11:45:40'),
(12, 90, '2017-03-12', '2017-08-04 09:27:27', '2017-08-04 09:32:36'),
(12, 57, '2017-05-02', '2017-08-04 14:43:26', '2017-08-04 14:44:53'),
(12, 187, '2016-04-12', '2017-08-04 05:32:42', '2017-08-04 13:08:34'),
(12, 85, '2016-05-29', '2017-08-04 13:33:14', '2017-08-04 14:31:27'),
(12, 121, '2017-04-17', '2017-08-04 08:21:30', '2017-08-04 12:41:44'),
(12, 50, '2016-05-27', '2017-08-04 06:20:12', '2017-08-04 11:12:38'),
(12, 16, '2016-02-09', '2017-08-04 13:10:46', '2017-08-04 14:30:38'),
(12, 109, '2016-11-04', '2017-08-04 08:15:32', '2017-08-04 14:23:25'),
(12, 123, '2016-09-27', '2017-08-04 10:44:32', '2017-08-04 14:16:37'),
(12, 127, '2016-05-21', '2017-08-04 03:24:35', '2017-08-04 03:34:59'),
(12, 162, '2017-05-26', '2017-08-04 07:33:26', '2017-08-04 13:25:36'),
(12, 108, '2017-05-30', '2017-08-04 10:55:31', '2017-08-04 12:02:48'),
(13, 62, '2017-01-30', '2018-10-08 11:34:34', '2018-10-08 11:35:20'),
(13, 94, '2017-04-07', '2018-10-08 09:35:16', '2018-10-08 10:16:35'),
(13, 135, '2018-05-09', '2018-10-08 11:44:56', '2018-10-08 11:45:57'),
(13, 34, '2017-12-27', '2018-10-08 10:53:20', '2018-10-08 11:07:57'),
(13, 58, '2018-01-08', '2018-10-08 10:00:48', '2018-10-08 11:13:19'),
(13, 146, '2017-10-31', '2018-10-08 11:41:20', '2018-10-08 11:46:01'),
(13, 182, '2017-10-11', '2018-10-08 10:17:54', '2018-10-08 10:40:46'),
(13, 148, '2017-09-04', '2018-10-08 10:14:00', '2018-10-08 10:21:32'),
(13, 131, '2018-09-27', '2018-10-08 08:58:57', '2018-10-08 11:23:09'),
(13, 24, '2017-11-01', '2018-10-08 09:03:44', '2018-10-08 10:27:38'),
(13, 18, '2017-07-15', '2018-10-08 09:16:55', '2018-10-08 11:40:19'),
(13, 32, '2017-08-21', '2018-10-08 09:18:50', '2018-10-08 11:11:07'),
(13, 14, '2017-05-19', '2018-10-08 09:08:01', '2018-10-08 09:36:56'),
(13, 59, '2018-05-19', '2018-10-08 11:18:33', '2018-10-08 11:37:56'),
(13, 113, '2017-02-22', '2018-10-08 11:18:58', '2018-10-08 11:33:50'),
(13, 140, '2017-04-08', '2018-10-08 09:23:50', '2018-10-08 09:25:44'),
(13, 188, '2018-02-06', '2018-10-08 09:52:36', '2018-10-08 10:08:58'),
(13, 29, '2018-01-31', '2018-10-08 10:27:19', '2018-10-08 11:16:01'),
(13, 191, '2017-05-22', '2018-10-08 10:29:51', '2018-10-08 11:42:06'),
(13, 57, '2017-05-07', '2018-10-08 10:40:39', '2018-10-08 11:20:59'),
(13, 187, '2017-04-11', '2018-10-08 10:48:03', '2018-10-08 11:43:29'),
(13, 200, '2017-08-25', '2018-10-08 09:31:26', '2018-10-08 09:44:06'),
(13, 75, '2017-07-10', '2018-10-08 11:05:55', '2018-10-08 11:17:39'),
(13, 76, '2018-04-17', '2018-10-08 10:30:38', '2018-10-08 11:11:19'),
(13, 73, '2017-02-28', '2018-10-08 11:07:22', '2018-10-08 11:43:07'),
(13, 3, '2017-11-10', '2018-10-08 10:33:32', '2018-10-08 11:03:50'),
(13, 46, '2017-03-29', '2018-10-08 09:28:33', '2018-10-08 11:45:43'),
(13, 145, '2017-04-20', '2018-10-08 11:13:00', '2018-10-08 11:15:40'),
(13, 119, '2018-08-27', '2018-10-08 10:22:54', '2018-10-08 11:39:52'),
(13, 15, '2017-04-20', '2018-10-08 09:09:55', '2018-10-08 11:03:47'),
(13, 28, '2018-08-16', '2018-10-08 11:30:46', '2018-10-08 11:34:20'),
(13, 115, '2018-07-31', '2018-10-08 09:59:05', '2018-10-08 10:24:38'),
(13, 54, '2017-01-28', '2018-10-08 10:43:37', '2018-10-08 11:42:58'),
(14, 153, '2017-03-01', '2018-10-08 12:14:36', '2018-10-08 12:22:49'),
(14, 65, '2017-03-11', '2018-10-08 11:03:08', '2018-10-08 11:15:17'),
(14, 100, '2017-07-31', '2018-10-08 11:49:26', '2018-10-08 12:35:27'),
(14, 138, '2017-11-14', '2018-10-08 12:03:22', '2018-10-08 12:16:02'),
(14, 6, '2017-01-25', '2018-10-08 09:50:50', '2018-10-08 12:33:06'),
(14, 14, '2017-03-06', '2018-10-08 09:52:39', '2018-10-08 12:15:18'),
(14, 4, '2017-08-15', '2018-10-08 09:44:39', '2018-10-08 11:45:37'),
(14, 24, '2018-05-10', '2018-10-08 09:36:26', '2018-10-08 11:48:42'),
(14, 75, '2018-09-25', '2018-10-08 11:53:23', '2018-10-08 12:22:08'),
(14, 187, '2017-10-14', '2018-10-08 10:29:27', '2018-10-08 10:51:48'),
(14, 109, '2017-11-07', '2018-10-08 12:10:59', '2018-10-08 12:33:31'),
(14, 192, '2018-09-16', '2018-10-08 10:09:29', '2018-10-08 11:06:27'),
(14, 193, '2017-11-28', '2018-10-08 11:49:15', '2018-10-08 11:55:59'),
(14, 141, '2017-07-26', '2018-10-08 11:22:37', '2018-10-08 11:41:21'),
(14, 56, '2018-02-13', '2018-10-08 10:00:27', '2018-10-08 10:10:58'),
(14, 145, '2017-12-22', '2018-10-08 10:13:56', '2018-10-08 12:21:39'),
(14, 108, '2018-01-07', '2018-10-08 09:53:05', '2018-10-08 11:23:37'),
(14, 60, '2018-07-01', '2018-10-08 11:24:12', '2018-10-08 12:00:07'),
(15, 170, '2017-05-21', '2018-10-08 21:46:26', '2018-10-08 22:27:28'),
(15, 103, '2017-02-16', '2018-10-08 16:45:29', '2018-10-08 20:25:37'),
(15, 42, '2017-04-23', '2018-10-08 22:32:03', '2018-10-08 22:34:43'),
(15, 197, '2017-05-17', '2018-10-08 20:24:32', '2018-10-08 22:20:53'),
(15, 89, '2017-08-17', '2018-10-08 17:51:46', '2018-10-08 19:36:22'),
(15, 2, '2018-04-06', '2018-10-08 21:47:00', '2018-10-08 22:33:55'),
(15, 184, '2018-06-03', '2018-10-08 19:49:40', '2018-10-08 22:12:36'),
(15, 118, '2018-05-30', '2018-10-08 17:19:05', '2018-10-08 18:07:15'),
(15, 5, '2017-02-16', '2018-10-08 18:41:58', '2018-10-08 21:41:56'),
(15, 76, '2017-05-02', '2018-10-08 21:35:21', '2018-10-08 22:13:24'),
(15, 168, '2018-07-29', '2018-10-08 20:17:03', '2018-10-08 20:45:24'),
(15, 90, '2018-07-28', '2018-10-08 21:55:47', '2018-10-08 22:15:30'),
(15, 121, '2017-02-25', '2018-10-08 22:42:19', '2018-10-08 22:42:20'),
(15, 99, '2017-09-28', '2018-10-08 17:09:07', '2018-10-08 21:14:40'),
(15, 114, '2017-05-14', '2018-10-08 17:12:57', '2018-10-08 18:35:36'),
(15, 70, '2017-07-13', '2018-10-08 16:47:16', '2018-10-08 20:24:14'),
(15, 24, '2017-12-05', '2018-10-08 20:47:17', '2018-10-08 22:05:09'),
(15, 163, '2017-02-21', '2018-10-08 18:22:04', '2018-10-08 19:33:43'),
(15, 126, '2017-07-12', '2018-10-08 19:41:08', '2018-10-08 20:15:35'),
(15, 124, '2017-08-27', '2018-10-08 22:38:35', '2018-10-08 22:41:16'),
(15, 176, '2017-08-05', '2018-10-08 22:36:26', '2018-10-08 22:42:24'),
(15, 53, '2017-08-03', '2018-10-08 18:41:26', '2018-10-08 21:01:17'),
(16, 30, '2017-12-23', '2018-10-08 19:12:15', '2018-10-08 21:55:43'),
(16, 100, '2017-08-09', '2018-10-08 23:51:16', '2018-10-08 23:52:52'),
(16, 131, '2018-03-07', '2018-10-08 20:02:45', '2018-10-08 23:50:33'),
(16, 199, '2017-10-29', '2018-10-08 22:01:25', '2018-10-08 23:44:13'),
(16, 196, '2017-03-30', '2018-10-08 22:50:09', '2018-10-08 23:32:54'),
(16, 155, '2017-03-03', '2018-10-08 19:47:42', '2018-10-08 20:16:31'),
(16, 125, '2017-10-19', '2018-10-08 23:18:58', '2018-10-08 23:26:46'),
(16, 19, '2018-05-06', '2018-10-08 23:02:44', '2018-10-08 23:06:26'),
(16, 168, '2017-06-14', '2018-10-08 22:20:13', '2018-10-08 22:37:02'),
(16, 140, '2017-12-04', '2018-10-08 19:32:45', '2018-10-08 21:24:02'),
(16, 139, '2018-04-07', '2018-10-08 23:29:52', '2018-10-08 23:35:00'),
(16, 81, '2018-09-28', '2018-10-08 22:02:07', '2018-10-08 23:24:53'),
(16, 195, '2018-05-18', '2018-10-08 22:52:57', '2018-10-08 23:18:56'),
(16, 118, '2018-06-23', '2018-10-08 22:21:43', '2018-10-08 23:18:21'),
(16, 188, '2017-04-10', '2018-10-08 21:59:09', '2018-10-08 23:10:02'),
(16, 83, '2018-01-09', '2018-10-08 19:18:27', '2018-10-08 19:32:57'),
(16, 150, '2018-04-15', '2018-10-08 20:42:32', '2018-10-08 21:46:54'),
(16, 110, '2017-11-09', '2018-10-08 19:59:46', '2018-10-08 21:16:24'),
(16, 12, '2018-01-06', '2018-10-08 20:49:40', '2018-10-08 23:26:21'),
(16, 111, '2018-02-03', '2018-10-08 21:10:34', '2018-10-08 21:56:30'),
(16, 178, '2017-01-26', '2018-10-08 19:37:53', '2018-10-08 20:14:12'),
(16, 27, '2017-08-19', '2018-10-08 23:22:10', '2018-10-08 23:39:44'),
(17, 42, '2018-04-20', '2019-08-22 22:14:15', '2019-08-22 22:19:53'),
(17, 9, '2019-01-20', '2019-08-22 20:18:08', '2019-08-22 21:10:25'),
(17, 67, '2018-02-06', '2019-08-22 19:42:26', '2019-08-22 21:22:25'),
(17, 102, '2018-10-07', '2019-08-22 22:07:44', '2019-08-22 22:09:55'),
(17, 61, '2018-02-12', '2019-08-22 20:23:53', '2019-08-22 20:28:27'),
(17, 199, '2018-12-13', '2019-08-22 20:17:11', '2019-08-22 21:03:16'),
(17, 117, '2019-06-18', '2019-08-22 20:54:04', '2019-08-22 22:29:40'),
(17, 165, '2018-04-24', '2019-08-22 19:39:27', '2019-08-22 22:17:17'),
(17, 155, '2018-03-15', '2019-08-22 20:23:11', '2019-08-22 22:24:16'),
(17, 157, '2018-03-22', '2019-08-22 19:57:03', '2019-08-22 20:17:09'),
(17, 38, '2018-01-02', '2019-08-22 20:02:15', '2019-08-22 21:10:35'),
(17, 47, '2019-01-08', '2019-08-22 21:04:50', '2019-08-22 21:55:47'),
(17, 147, '2018-01-05', '2019-08-22 21:59:50', '2019-08-22 22:21:22'),
(17, 5, '2019-02-19', '2019-08-22 19:48:14', '2019-08-22 19:52:07'),
(17, 118, '2018-04-14', '2019-08-22 21:12:24', '2019-08-22 21:25:33'),
(17, 48, '2019-02-15', '2019-08-22 20:53:30', '2019-08-22 21:41:21'),
(17, 59, '2019-05-15', '2019-08-22 20:13:21', '2019-08-22 21:57:49'),
(17, 191, '2018-09-06', '2019-08-22 21:16:50', '2019-08-22 21:24:21'),
(17, 90, '2019-07-29', '2019-08-22 19:36:30', '2019-08-22 21:16:48'),
(17, 93, '2019-02-20', '2019-08-22 21:01:59', '2019-08-22 22:09:35'),
(17, 95, '2018-01-18', '2019-08-22 20:26:31', '2019-08-22 21:17:29'),
(17, 32, '2018-11-08', '2019-08-22 21:09:54', '2019-08-22 22:15:49'),
(17, 70, '2018-12-06', '2019-08-22 20:05:03', '2019-08-22 20:21:53'),
(17, 85, '2018-09-26', '2019-08-22 21:07:22', '2019-08-22 21:40:11'),
(17, 16, '2018-02-25', '2019-08-22 22:12:36', '2019-08-22 22:26:36'),
(17, 200, '2018-10-15', '2019-08-22 19:57:20', '2019-08-22 21:19:59'),
(17, 124, '2019-02-20', '2019-08-22 20:18:19', '2019-08-22 21:46:01'),
(17, 180, '2018-01-15', '2019-08-22 19:54:52', '2019-08-22 21:53:55'),
(17, 56, '2019-08-01', '2019-08-22 21:48:49', '2019-08-22 22:19:54'),
(17, 133, '2018-08-16', '2019-08-22 20:34:40', '2019-08-22 20:52:00'),
(17, 35, '2018-07-20', '2019-08-22 21:13:21', '2019-08-22 21:16:43'),
(17, 128, '2019-06-14', '2019-08-22 20:33:58', '2019-08-22 22:19:46'),
(17, 27, '2018-06-24', '2019-08-22 20:51:33', '2019-08-22 22:28:04'),
(18, 25, '2019-05-04', '2019-08-22 22:37:00', '2019-08-23 03:29:06'),
(18, 71, '2019-03-21', '2019-08-23 05:36:28', '2019-08-23 07:19:40'),
(18, 42, '2018-08-24', '2019-08-23 00:10:35', '2019-08-23 00:53:17'),
(18, 20, '2019-02-09', '2019-08-22 21:24:06', '2019-08-23 03:41:15'),
(18, 61, '2018-05-27', '2019-08-22 21:05:06', '2019-08-23 05:14:54'),
(18, 199, '2018-12-09', '2019-08-22 22:49:08', '2019-08-22 23:52:54'),
(18, 49, '2018-11-22', '2019-08-23 07:10:30', '2019-08-23 07:15:27'),
(18, 161, '2018-08-31', '2019-08-23 05:28:44', '2019-08-23 06:46:37'),
(18, 6, '2019-06-26', '2019-08-23 01:18:03', '2019-08-23 04:11:14'),
(18, 131, '2018-03-11', '2019-08-23 00:33:58', '2019-08-23 05:07:30'),
(18, 155, '2018-12-07', '2019-08-22 20:06:11', '2019-08-23 01:23:38'),
(18, 48, '2018-09-26', '2019-08-23 00:46:31', '2019-08-23 04:14:45'),
(18, 129, '2018-05-26', '2019-08-23 02:12:51', '2019-08-23 05:30:50'),
(18, 186, '2018-05-07', '2019-08-23 00:01:18', '2019-08-23 05:40:16'),
(18, 106, '2019-05-07', '2019-08-23 00:03:02', '2019-08-23 02:09:19'),
(18, 144, '2018-11-21', '2019-08-23 01:24:33', '2019-08-23 02:25:35'),
(18, 195, '2018-01-17', '2019-08-23 06:28:45', '2019-08-23 07:02:07'),
(18, 191, '2019-04-09', '2019-08-22 23:30:08', '2019-08-23 07:15:57'),
(18, 4, '2018-09-05', '2019-08-22 22:28:32', '2019-08-23 02:58:03'),
(18, 50, '2018-09-29', '2019-08-22 21:26:49', '2019-08-22 21:44:33'),
(18, 76, '2019-02-16', '2019-08-23 02:54:50', '2019-08-23 05:28:46'),
(18, 140, '2019-08-16', '2019-08-22 21:39:26', '2019-08-23 03:38:11'),
(18, 139, '2018-03-28', '2019-08-23 06:40:15', '2019-08-23 06:51:44'),
(18, 187, '2019-03-05', '2019-08-23 00:19:02', '2019-08-23 04:20:08'),
(18, 183, '2019-04-24', '2019-08-23 06:38:22', '2019-08-23 06:58:20'),
(18, 81, '2018-09-09', '2019-08-23 04:17:45', '2019-08-23 06:17:47'),
(18, 86, '2018-03-21', '2019-08-22 20:41:13', '2019-08-23 01:50:08'),
(18, 70, '2018-01-19', '2019-08-22 22:46:24', '2019-08-22 23:20:15'),
(18, 95, '2018-07-05', '2019-08-23 05:33:03', '2019-08-23 06:42:18'),
(18, 172, '2019-07-24', '2019-08-23 06:36:40', '2019-08-23 06:50:59'),
(18, 166, '2018-08-14', '2019-08-23 01:50:24', '2019-08-23 02:25:56'),
(18, 108, '2018-09-25', '2019-08-23 01:35:42', '2019-08-23 07:05:07'),
(18, 194, '2019-08-15', '2019-08-23 04:42:53', '2019-08-23 05:03:31'),
(18, 54, '2018-08-03', '2019-08-23 06:26:13', '2019-08-23 06:43:10'),
(18, 87, '2018-01-30', '2019-08-23 05:47:22', '2019-08-23 07:02:09'),
(18, 123, '2018-07-21', '2019-08-23 07:02:41', '2019-08-23 07:07:07'),
(18, 7, '2019-03-06', '2019-08-22 20:20:53', '2019-08-22 23:14:24'),
(18, 162, '2018-05-02', '2019-08-22 21:04:08', '2019-08-23 03:21:51'),
(18, 158, '2018-08-18', '2019-08-23 05:53:17', '2019-08-23 06:39:25'),
(19, 84, '2019-08-04', '2019-08-22 18:46:59', '2019-08-23 01:53:42'),
(19, 25, '2018-12-25', '2019-08-23 02:38:26', '2019-08-23 02:52:07'),
(19, 43, '2019-01-10', '2019-08-23 01:51:53', '2019-08-23 02:28:05'),
(19, 153, '2019-07-24', '2019-08-23 00:53:50', '2019-08-23 02:09:13'),
(19, 198, '2018-10-17', '2019-08-22 20:09:25', '2019-08-23 02:00:04'),
(19, 6, '2018-08-07', '2019-08-22 19:03:49', '2019-08-22 20:10:14'),
(19, 148, '2019-08-19', '2019-08-23 00:08:06', '2019-08-23 01:52:30'),
(19, 96, '2018-09-19', '2019-08-22 20:02:25', '2019-08-23 01:09:46'),
(19, 195, '2018-03-14', '2019-08-23 02:48:23', '2019-08-23 02:52:25'),
(19, 104, '2018-04-23', '2019-08-23 00:02:55', '2019-08-23 02:09:17'),
(19, 86, '2018-03-24', '2019-08-23 01:59:56', '2019-08-23 02:44:30'),
(19, 186, '2019-03-09', '2019-08-22 22:07:27', '2019-08-22 22:26:02'),
(19, 114, '2018-06-20', '2019-08-23 01:08:11', '2019-08-23 02:13:48'),
(19, 4, '2018-11-14', '2019-08-23 00:25:06', '2019-08-23 00:52:23'),
(19, 144, '2018-09-30', '2019-08-22 21:19:07', '2019-08-23 02:07:23'),
(19, 200, '2018-09-21', '2019-08-23 01:57:13', '2019-08-23 02:21:11'),
(19, 192, '2019-04-23', '2019-08-22 18:03:03', '2019-08-23 02:11:20'),
(19, 188, '2018-11-12', '2019-08-23 02:26:04', '2019-08-23 02:53:05'),
(19, 159, '2019-02-15', '2019-08-22 20:30:45', '2019-08-22 22:16:25'),
(19, 113, '2019-06-25', '2019-08-22 20:54:29', '2019-08-22 21:43:06'),
(19, 81, '2019-02-27', '2019-08-22 23:35:48', '2019-08-23 02:46:46'),
(19, 122, '2018-03-29', '2019-08-22 20:20:31', '2019-08-23 02:18:52'),
(19, 109, '2018-03-08', '2019-08-23 00:45:00', '2019-08-23 01:44:12'),
(19, 194, '2018-08-12', '2019-08-22 20:59:31', '2019-08-22 22:25:27'),
(19, 97, '2018-01-01', '2019-08-22 18:12:02', '2019-08-23 02:13:04'),
(19, 132, '2018-06-12', '2019-08-22 20:17:30', '2019-08-22 22:45:56'),
(19, 56, '2018-09-07', '2019-08-22 22:45:21', '2019-08-23 00:08:41'),
(19, 82, '2018-06-11', '2019-08-22 21:40:42', '2019-08-23 01:31:54'),
(19, 167, '2018-04-23', '2019-08-22 20:54:34', '2019-08-23 02:31:19'),
(20, 63, '2019-04-02', '2019-08-22 16:55:47', '2019-08-22 16:58:27'),
(20, 30, '2019-08-03', '2019-08-22 15:56:56', '2019-08-22 16:04:00'),
(20, 6, '2019-08-21', '2019-08-22 17:48:11', '2019-08-22 17:49:29'),
(20, 182, '2018-06-23', '2019-08-22 16:23:57', '2019-08-22 17:12:15'),
(20, 96, '2018-11-12', '2019-08-22 15:39:46', '2019-08-22 16:30:02'),
(20, 107, '2019-01-11', '2019-08-22 17:14:30', '2019-08-22 17:33:15'),
(20, 113, '2018-01-04', '2019-08-22 16:48:41', '2019-08-22 16:58:45'),
(20, 142, '2018-11-09', '2019-08-22 15:20:29', '2019-08-22 17:49:20'),
(20, 5, '2019-02-09', '2019-08-22 14:53:02', '2019-08-22 15:10:54'),
(20, 4, '2018-06-21', '2019-08-22 16:57:36', '2019-08-22 17:30:35'),
(20, 75, '2019-03-23', '2019-08-22 15:32:26', '2019-08-22 17:11:56'),
(20, 168, '2019-01-30', '2019-08-22 17:23:35', '2019-08-22 17:51:46'),
(20, 70, '2018-05-03', '2019-08-22 16:48:08', '2019-08-22 17:48:26'),
(20, 157, '2018-09-28', '2019-08-22 17:16:57', '2019-08-22 17:44:29'),
(20, 183, '2018-03-18', '2019-08-22 17:23:38', '2019-08-22 17:32:53'),
(20, 147, '2018-08-03', '2019-08-22 15:04:52', '2019-08-22 15:14:26'),
(20, 104, '2018-08-08', '2019-08-22 17:49:47', '2019-08-22 17:49:54'),
(20, 51, '2018-06-25', '2019-08-22 15:00:03', '2019-08-22 15:40:11'),
(20, 126, '2019-03-13', '2019-08-22 16:32:23', '2019-08-22 17:00:36'),
(20, 39, '2019-05-08', '2019-08-22 15:47:45', '2019-08-22 17:15:38'),
(20, 68, '2018-08-26', '2019-08-22 15:40:48', '2019-08-22 17:20:22'),
(20, 26, '2018-08-27', '2019-08-22 17:49:23', '2019-08-22 17:50:00'),
(21, 98, '2019-06-08', '2020-06-02 17:09:02', '2020-06-02 21:50:31'),
(21, 78, '2019-04-30', '2020-06-02 20:42:12', '2020-06-02 20:58:29'),
(21, 177, '2020-03-07', '2020-06-02 20:09:51', '2020-06-02 21:45:38'),
(21, 30, '2019-08-08', '2020-06-02 13:44:56', '2020-06-02 16:49:11'),
(21, 17, '2019-06-27', '2020-06-02 19:26:44', '2020-06-02 21:57:33'),
(21, 88, '2020-01-19', '2020-06-02 19:03:03', '2020-06-02 21:21:04'),
(21, 198, '2019-12-27', '2020-06-02 21:11:24', '2020-06-02 21:34:42'),
(21, 14, '2019-01-02', '2020-06-02 17:47:33', '2020-06-02 18:47:27'),
(21, 47, '2020-03-01', '2020-06-02 17:15:40', '2020-06-02 17:33:34'),
(21, 200, '2019-03-09', '2020-06-02 18:10:27', '2020-06-02 18:48:13'),
(21, 48, '2020-03-07', '2020-06-02 15:10:21', '2020-06-02 15:47:31'),
(21, 83, '2020-02-02', '2020-06-02 17:19:35', '2020-06-02 19:05:41'),
(21, 114, '2020-02-13', '2020-06-02 16:01:52', '2020-06-02 21:27:23'),
(21, 168, '2019-07-02', '2020-06-02 15:49:19', '2020-06-02 17:10:27'),
(21, 106, '2019-12-07', '2020-06-02 15:30:08', '2020-06-02 18:33:07'),
(21, 147, '2019-12-23', '2020-06-02 15:59:32', '2020-06-02 16:15:17'),
(21, 129, '2020-05-17', '2020-06-02 19:58:27', '2020-06-02 21:11:27'),
(21, 104, '2020-04-20', '2020-06-02 16:58:35', '2020-06-02 18:02:37'),
(21, 55, '2019-10-03', '2020-06-02 19:46:11', '2020-06-02 20:53:35'),
(21, 194, '2019-06-01', '2020-06-02 14:58:35', '2020-06-02 17:29:50'),
(21, 91, '2019-12-17', '2020-06-02 17:59:30', '2020-06-02 21:08:10'),
(21, 160, '2019-03-29', '2020-06-02 18:31:55', '2020-06-02 19:10:15'),
(21, 64, '2019-12-22', '2020-06-02 15:19:20', '2020-06-02 21:25:11'),
(21, 167, '2019-11-06', '2020-06-02 19:46:00', '2020-06-02 20:45:08'),
(22, 65, '2019-11-17', '2020-06-02 08:44:36', '2020-06-02 13:51:31'),
(22, 42, '2019-11-25', '2020-06-02 08:45:01', '2020-06-02 10:54:55'),
(22, 30, '2019-06-16', '2020-06-02 07:51:58', '2020-06-02 14:42:56'),
(22, 98, '2019-04-01', '2020-06-02 07:11:54', '2020-06-02 14:47:45'),
(22, 189, '2019-10-22', '2020-06-02 08:48:32', '2020-06-02 09:23:00'),
(22, 170, '2019-12-04', '2020-06-02 09:08:53', '2020-06-02 14:01:03'),
(22, 94, '2020-02-22', '2020-06-02 06:37:00', '2020-06-02 13:43:22'),
(22, 166, '2020-04-11', '2020-06-02 14:51:38', '2020-06-02 14:58:06'),
(22, 50, '2019-09-23', '2020-06-02 11:10:02', '2020-06-02 13:57:24'),
(22, 188, '2019-05-26', '2020-06-02 14:32:32', '2020-06-02 14:42:34'),
(22, 114, '2019-08-04', '2020-06-02 12:29:31', '2020-06-02 13:48:53'),
(22, 174, '2020-04-18', '2020-06-02 14:09:01', '2020-06-02 14:30:46'),
(22, 4, '2019-01-18', '2020-06-02 10:43:31', '2020-06-02 11:30:47'),
(22, 172, '2019-02-28', '2020-06-02 06:24:28', '2020-06-02 12:40:21'),
(22, 142, '2019-04-28', '2020-06-02 10:04:01', '2020-06-02 14:10:20'),
(22, 159, '2020-05-09', '2020-06-02 07:22:50', '2020-06-02 08:30:40'),
(22, 186, '2020-04-09', '2020-06-02 06:56:24', '2020-06-02 09:43:19'),
(22, 121, '2020-03-07', '2020-06-02 13:32:44', '2020-06-02 14:04:08'),
(22, 76, '2020-05-04', '2020-06-02 08:49:31', '2020-06-02 11:57:05'),
(22, 52, '2019-02-24', '2020-06-02 14:05:22', '2020-06-02 14:22:32'),
(22, 77, '2019-02-23', '2020-06-02 08:40:26', '2020-06-02 14:11:03'),
(22, 28, '2020-03-16', '2020-06-02 07:00:09', '2020-06-02 12:55:13'),
(22, 163, '2020-05-12', '2020-06-02 12:23:40', '2020-06-02 12:24:40'),
(22, 127, '2020-01-22', '2020-06-02 13:49:15', '2020-06-02 14:36:44'),
(22, 92, '2019-01-10', '2020-06-02 12:38:21', '2020-06-02 13:07:44'),
(23, 161, '2020-02-02', '2020-06-02 00:14:58', '2020-06-02 04:16:36'),
(23, 96, '2019-02-01', '2020-06-02 05:17:41', '2020-06-02 05:47:13'),
(23, 65, '2020-05-11', '2020-06-02 05:34:54', '2020-06-02 06:06:09'),
(23, 80, '2019-10-11', '2020-06-02 03:22:35', '2020-06-02 05:03:21'),
(23, 41, '2019-04-25', '2020-06-02 05:59:23', '2020-06-02 06:05:28'),
(23, 62, '2019-06-04', '2020-06-02 01:15:05', '2020-06-02 02:30:36'),
(23, 84, '2019-11-04', '2020-06-02 04:17:15', '2020-06-02 05:38:21'),
(23, 45, '2019-05-31', '2020-06-02 05:11:23', '2020-06-02 05:12:13'),
(23, 199, '2020-05-16', '2020-06-02 02:53:17', '2020-06-02 04:53:01'),
(23, 31, '2020-03-11', '2020-06-02 05:59:43', '2020-06-02 06:06:22'),
(23, 99, '2019-01-30', '2020-06-02 05:00:30', '2020-06-02 05:02:38'),
(23, 139, '2019-07-29', '2020-06-02 02:14:52', '2020-06-02 02:22:39'),
(23, 200, '2020-04-17', '2020-06-02 05:02:43', '2020-06-02 05:31:12'),
(23, 47, '2019-12-05', '2020-06-02 00:39:32', '2020-06-02 03:56:42'),
(23, 142, '2019-04-04', '2020-06-02 02:27:50', '2020-06-02 02:33:30'),
(23, 183, '2019-09-09', '2020-06-02 03:52:24', '2020-06-02 05:21:08'),
(23, 104, '2020-03-06', '2020-06-02 03:52:19', '2020-06-02 05:38:20'),
(23, 48, '2019-03-01', '2020-06-02 02:56:46', '2020-06-02 03:51:20'),
(23, 70, '2019-04-12', '2020-06-02 01:57:35', '2020-06-02 03:58:30'),
(23, 14, '2019-09-13', '2020-06-02 05:53:00', '2020-06-02 06:06:27'),
(23, 181, '2020-02-28', '2020-06-02 02:28:25', '2020-06-02 05:30:36'),
(23, 159, '2019-06-21', '2020-06-02 01:36:16', '2020-06-02 03:17:58'),
(23, 24, '2020-04-03', '2020-06-02 02:46:44', '2020-06-02 04:54:16'),
(23, 116, '2019-09-26', '2020-06-02 01:23:48', '2020-06-02 05:46:39'),
(23, 4, '2019-08-06', '2020-06-02 00:37:17', '2020-06-02 03:11:35'),
(23, 83, '2019-04-16', '2020-06-02 01:18:43', '2020-06-02 06:03:43'),
(23, 122, '2019-04-11', '2020-06-02 02:34:09', '2020-06-02 04:34:13'),
(23, 75, '2020-01-21', '2020-06-02 06:07:46', '2020-06-02 06:08:09'),
(23, 32, '2019-05-26', '2020-06-02 03:14:01', '2020-06-02 03:23:56'),
(23, 123, '2019-08-25', '2020-06-02 04:51:11', '2020-06-02 05:06:27'),
(23, 179, '2019-01-02', '2020-06-02 04:17:19', '2020-06-02 04:39:00'),
(23, 119, '2020-02-05', '2020-06-02 00:10:25', '2020-06-02 04:03:52'),
(23, 178, '2019-10-12', '2020-06-02 02:51:52', '2020-06-02 06:08:09'),
(23, 91, '2020-04-20', '2020-06-02 01:10:30', '2020-06-02 03:15:13'),
(23, 160, '2020-04-10', '2020-06-02 02:25:29', '2020-06-02 05:21:59'),
(23, 111, '2020-05-17', '2020-06-02 02:03:02', '2020-06-02 05:35:49'),
(24, 49, '2020-03-15', '2020-06-02 04:22:11', '2020-06-02 04:23:10'),
(24, 182, '2019-12-01', '2020-06-02 09:52:13', '2020-06-02 11:18:29'),
(24, 112, '2019-10-27', '2020-06-02 10:44:57', '2020-06-02 11:02:42'),
(24, 23, '2019-03-10', '2020-06-02 09:34:17', '2020-06-02 09:43:40'),
(24, 44, '2019-03-23', '2020-06-02 04:30:14', '2020-06-02 11:26:05'),
(24, 30, '2019-06-12', '2020-06-02 03:49:45', '2020-06-02 08:46:28'),
(24, 196, '2019-05-09', '2020-06-02 04:22:12', '2020-06-02 10:17:46'),
(24, 173, '2019-03-14', '2020-06-02 04:34:50', '2020-06-02 06:37:47'),
(24, 105, '2020-04-11', '2020-06-02 10:16:21', '2020-06-02 10:51:22'),
(24, 152, '2019-12-11', '2020-06-02 05:09:23', '2020-06-02 05:42:22'),
(24, 103, '2019-03-30', '2020-06-02 05:25:05', '2020-06-02 06:52:16'),
(24, 32, '2019-08-20', '2020-06-02 09:35:07', '2020-06-02 10:48:45'),
(24, 29, '2019-01-03', '2020-06-02 11:05:38', '2020-06-02 11:20:13'),
(24, 8, '2019-11-06', '2020-06-02 11:23:00', '2020-06-02 11:24:07'),
(24, 186, '2019-09-08', '2020-06-02 04:33:16', '2020-06-02 11:23:19'),
(24, 136, '2020-02-08', '2020-06-02 09:24:27', '2020-06-02 11:04:33'),
(24, 113, '2020-03-31', '2020-06-02 10:39:38', '2020-06-02 10:52:56'),
(24, 200, '2019-03-31', '2020-06-02 11:14:44', '2020-06-02 11:34:24'),
(24, 144, '2020-04-21', '2020-06-02 11:27:45', '2020-06-02 11:34:24'),
(24, 99, '2019-11-21', '2020-06-02 10:04:54', '2020-06-02 10:47:12'),
(24, 24, '2020-02-08', '2020-06-02 04:31:04', '2020-06-02 11:18:12'),
(24, 125, '2020-01-30', '2020-06-02 08:44:23', '2020-06-02 09:33:25'),
(24, 75, '2019-05-16', '2020-06-02 06:58:37', '2020-06-02 07:44:02'),
(24, 47, '2019-03-13', '2020-06-02 09:27:42', '2020-06-02 10:34:31'),
(24, 81, '2020-04-27', '2020-06-02 07:15:58', '2020-06-02 07:41:37'),
(24, 59, '2019-08-21', '2020-06-02 08:50:15', '2020-06-02 10:48:35'),
(24, 187, '2020-01-26', '2020-06-02 10:33:13', '2020-06-02 10:54:54'),
(24, 19, '2019-05-08', '2020-06-02 08:40:56', '2020-06-02 09:14:45'),
(24, 52, '2020-03-30', '2020-06-02 08:53:50', '2020-06-02 09:00:56'),
(24, 4, '2019-10-26', '2020-06-02 05:46:08', '2020-06-02 07:36:52'),
(24, 90, '2019-09-05', '2020-06-02 03:36:42', '2020-06-02 09:40:03'),
(24, 169, '2019-08-13', '2020-06-02 06:27:35', '2020-06-02 06:32:05'),
(24, 64, '2019-08-28', '2020-06-02 07:00:37', '2020-06-02 09:11:51'),
(24, 91, '2019-06-05', '2020-06-02 03:55:53', '2020-06-02 07:28:40'),
(24, 35, '2019-12-19', '2020-06-02 09:01:02', '2020-06-02 11:20:37'),
(24, 66, '2019-01-17', '2020-06-02 05:08:40', '2020-06-02 09:51:07'),
(24, 158, '2020-02-25', '2020-06-02 02:59:26', '2020-06-02 05:12:31'),
(24, 40, '2019-09-18', '2020-06-02 04:22:32', '2020-06-02 08:04:50'),
(24, 126, '2019-01-21', '2020-06-02 06:57:44', '2020-06-02 08:43:21'),
(25, 117, '2020-12-12', '2021-07-12 18:34:42', '2021-07-12 20:10:33'),
(25, 143, '2020-07-05', '2021-07-12 17:13:34', '2021-07-12 18:55:20'),
(25, 103, '2020-06-13', '2021-07-12 16:49:43', '2021-07-12 18:17:40'),
(25, 146, '2020-12-08', '2021-07-12 18:34:26', '2021-07-12 19:34:12'),
(25, 134, '2020-09-14', '2021-07-12 18:27:52', '2021-07-12 20:44:11'),
(25, 49, '2020-09-23', '2021-07-12 17:41:44', '2021-07-12 18:07:26'),
(25, 196, '2020-02-15', '2021-07-12 18:34:24', '2021-07-12 20:27:03'),
(25, 96, '2020-08-30', '2021-07-12 15:04:16', '2021-07-12 15:48:39'),
(25, 22, '2020-12-14', '2021-07-12 16:10:43', '2021-07-12 17:14:49'),
(25, 98, '2020-08-17', '2021-07-12 15:26:06', '2021-07-12 20:39:34'),
(25, 165, '2020-08-22', '2021-07-12 16:54:30', '2021-07-12 17:36:49'),
(25, 32, '2021-02-10', '2021-07-12 15:17:45', '2021-07-12 17:08:08'),
(25, 75, '2020-03-21', '2021-07-12 16:06:31', '2021-07-12 18:06:21'),
(25, 187, '2021-01-28', '2021-07-12 18:15:49', '2021-07-12 19:20:29'),
(25, 121, '2020-04-11', '2021-07-12 18:19:13', '2021-07-12 20:03:21'),
(25, 106, '2020-08-24', '2021-07-12 14:52:23', '2021-07-12 19:53:09'),
(25, 16, '2020-07-28', '2021-07-12 19:16:20', '2021-07-12 20:17:08'),
(25, 172, '2020-11-23', '2021-07-12 15:18:15', '2021-07-12 17:10:18'),
(25, 19, '2021-01-26', '2021-07-12 17:37:02', '2021-07-12 19:48:38'),
(25, 38, '2020-04-12', '2021-07-12 20:22:09', '2021-07-12 20:42:23'),
(25, 122, '2020-03-24', '2021-07-12 19:07:57', '2021-07-12 20:07:15'),
(25, 129, '2021-05-30', '2021-07-12 19:46:58', '2021-07-12 20:30:36'),
(25, 193, '2021-03-17', '2021-07-12 15:41:46', '2021-07-12 18:25:33'),
(25, 76, '2020-03-06', '2021-07-12 20:03:44', '2021-07-12 20:22:13'),
(25, 141, '2020-01-02', '2021-07-12 19:58:59', '2021-07-12 20:41:29'),
(25, 150, '2020-10-13', '2021-07-12 16:41:22', '2021-07-12 17:06:19'),
(25, 14, '2021-03-16', '2021-07-12 19:31:33', '2021-07-12 20:27:43'),
(25, 166, '2020-10-24', '2021-07-12 20:22:01', '2021-07-12 20:39:56'),
(25, 86, '2020-06-22', '2021-07-12 17:43:31', '2021-07-12 18:25:56'),
(25, 125, '2020-06-17', '2021-07-12 20:03:34', '2021-07-12 20:40:45'),
(25, 157, '2021-03-30', '2021-07-12 20:34:14', '2021-07-12 20:41:57'),
(25, 7, '2020-10-04', '2021-07-12 17:45:40', '2021-07-12 19:27:51'),
(25, 194, '2020-04-14', '2021-07-12 16:00:03', '2021-07-12 16:53:22'),
(25, 35, '2020-02-19', '2021-07-12 16:29:54', '2021-07-12 18:23:04'),
(25, 123, '2020-11-30', '2021-07-12 18:11:20', '2021-07-12 20:08:57'),
(25, 46, '2020-03-02', '2021-07-12 18:26:29', '2021-07-12 20:20:32'),
(25, 179, '2020-05-09', '2021-07-12 15:34:24', '2021-07-12 16:35:54'),
(25, 169, '2020-02-10', '2021-07-12 18:31:07', '2021-07-12 20:32:56'),
(25, 40, '2020-08-24', '2021-07-12 16:02:28', '2021-07-12 20:06:46'),
(26, 42, '2021-03-03', '2021-07-12 07:25:38', '2021-07-12 11:00:28'),
(26, 177, '2021-04-22', '2021-07-12 08:51:12', '2021-07-12 09:24:49'),
(26, 36, '2021-02-08', '2021-07-12 11:06:53', '2021-07-12 12:18:49'),
(26, 89, '2021-06-20', '2021-07-12 10:32:55', '2021-07-12 11:57:39'),
(26, 120, '2020-10-13', '2021-07-12 11:20:48', '2021-07-12 12:49:12'),
(26, 189, '2021-04-19', '2021-07-12 11:54:35', '2021-07-12 12:40:49'),
(26, 31, '2021-06-23', '2021-07-12 11:25:55', '2021-07-12 12:07:12'),
(26, 198, '2021-02-21', '2021-07-12 08:38:53', '2021-07-12 11:22:31'),
(26, 135, '2021-04-30', '2021-07-12 11:08:18', '2021-07-12 12:18:33'),
(26, 75, '2020-11-30', '2021-07-12 07:11:46', '2021-07-12 10:53:59'),
(26, 85, '2020-01-05', '2021-07-12 11:21:34', '2021-07-12 12:11:19'),
(26, 104, '2020-04-03', '2021-07-12 10:03:50', '2021-07-12 11:17:37'),
(26, 142, '2020-12-17', '2021-07-12 06:51:41', '2021-07-12 11:55:13'),
(26, 150, '2021-03-19', '2021-07-12 10:13:00', '2021-07-12 11:29:37'),
(26, 122, '2020-06-12', '2021-07-12 07:42:33', '2021-07-12 10:22:14'),
(26, 186, '2020-03-09', '2021-07-12 08:30:53', '2021-07-12 09:41:49'),
(26, 183, '2020-11-25', '2021-07-12 07:11:16', '2021-07-12 10:56:02'),
(26, 113, '2021-06-01', '2021-07-12 11:12:41', '2021-07-12 12:47:59'),
(26, 144, '2020-12-16', '2021-07-12 07:13:55', '2021-07-12 08:29:54'),
(26, 159, '2020-02-11', '2021-07-12 06:57:52', '2021-07-12 12:23:46'),
(26, 38, '2020-01-12', '2021-07-12 06:56:59', '2021-07-12 12:03:32'),
(26, 14, '2020-03-22', '2021-07-12 12:49:09', '2021-07-12 12:50:51'),
(26, 16, '2021-04-08', '2021-07-12 12:49:41', '2021-07-12 12:50:36'),
(26, 118, '2020-04-05', '2021-07-12 12:43:56', '2021-07-12 12:45:41'),
(26, 129, '2021-04-17', '2021-07-12 10:53:28', '2021-07-12 11:58:44'),
(26, 191, '2020-05-06', '2021-07-12 07:32:28', '2021-07-12 11:06:33'),
(26, 123, '2021-01-28', '2021-07-12 09:04:33', '2021-07-12 10:40:04'),
(26, 27, '2020-12-26', '2021-07-12 07:22:02', '2021-07-12 11:23:22'),
(26, 74, '2021-06-02', '2021-07-12 09:04:02', '2021-07-12 12:04:55'),
(26, 66, '2020-09-03', '2021-07-12 06:56:26', '2021-07-12 09:22:27'),
(26, 145, '2020-01-11', '2021-07-12 10:49:11', '2021-07-12 12:13:28'),
(26, 163, '2020-10-25', '2021-07-12 11:44:22', '2021-07-12 12:01:32'),
(26, 185, '2020-11-01', '2021-07-12 08:07:38', '2021-07-12 08:56:26'),
(27, 72, '2020-04-04', '2021-07-13 00:28:34', '2021-07-13 00:36:34'),
(27, 43, '2020-12-21', '2021-07-13 01:02:25', '2021-07-13 01:28:55'),
(27, 117, '2021-02-05', '2021-07-13 00:30:47', '2021-07-13 00:44:24'),
(27, 107, '2021-04-24', '2021-07-13 00:44:50', '2021-07-13 00:59:14'),
(27, 61, '2021-03-06', '2021-07-12 22:39:07', '2021-07-13 00:24:31'),
(27, 98, '2020-12-02', '2021-07-12 22:46:14', '2021-07-13 00:18:46'),
(27, 25, '2020-05-04', '2021-07-13 00:26:24', '2021-07-13 00:52:33'),
(27, 13, '2021-02-10', '2021-07-12 22:34:17', '2021-07-13 00:37:37'),
(27, 153, '2021-04-27', '2021-07-12 21:43:23', '2021-07-13 00:24:25'),
(27, 112, '2020-06-10', '2021-07-13 00:04:39', '2021-07-13 01:25:15'),
(27, 170, '2021-06-08', '2021-07-12 22:23:51', '2021-07-12 23:52:52'),
(27, 147, '2020-11-02', '2021-07-12 23:11:12', '2021-07-13 00:53:40'),
(27, 76, '2021-04-27', '2021-07-12 22:06:59', '2021-07-13 01:05:55'),
(27, 183, '2021-01-01', '2021-07-12 21:52:37', '2021-07-13 01:18:00'),
(27, 191, '2020-08-14', '2021-07-13 00:39:26', '2021-07-13 01:37:34'),
(27, 47, '2020-03-23', '2021-07-13 00:29:16', '2021-07-13 00:50:33'),
(27, 29, '2020-12-18', '2021-07-12 21:18:11', '2021-07-13 01:23:51'),
(27, 142, '2020-04-06', '2021-07-13 00:42:04', '2021-07-13 01:29:29'),
(27, 16, '2020-04-23', '2021-07-12 22:37:51', '2021-07-13 01:29:04'),
(27, 168, '2021-07-11', '2021-07-13 00:53:17', '2021-07-13 01:09:23'),
(27, 48, '2020-04-11', '2021-07-12 22:52:04', '2021-07-12 23:29:24'),
(27, 186, '2020-05-06', '2021-07-12 19:44:14', '2021-07-12 23:40:51'),
(27, 172, '2020-06-16', '2021-07-12 21:06:06', '2021-07-13 01:26:37'),
(27, 32, '2020-01-10', '2021-07-13 00:45:19', '2021-07-13 01:22:13'),
(27, 181, '2020-05-20', '2021-07-12 20:50:08', '2021-07-12 22:50:02'),
(27, 113, '2020-06-21', '2021-07-12 21:02:26', '2021-07-13 00:04:25'),
(27, 122, '2021-04-22', '2021-07-12 20:37:26', '2021-07-12 22:22:16'),
(27, 5, '2020-04-20', '2021-07-13 00:18:06', '2021-07-13 00:24:31'),
(27, 75, '2021-06-01', '2021-07-13 00:38:36', '2021-07-13 01:21:28'),
(27, 187, '2020-05-28', '2021-07-12 19:45:24', '2021-07-13 01:17:32'),
(27, 70, '2020-05-21', '2021-07-13 01:20:39', '2021-07-13 01:27:43'),
(27, 125, '2020-02-18', '2021-07-12 21:46:18', '2021-07-12 23:36:18'),
(27, 21, '2020-01-01', '2021-07-12 20:48:03', '2021-07-12 23:21:08'),
(27, 151, '2021-01-25', '2021-07-12 21:38:15', '2021-07-13 00:49:20'),
(27, 87, '2020-04-04', '2021-07-13 01:03:33', '2021-07-13 01:21:08'),
(27, 119, '2020-04-13', '2021-07-12 21:36:55', '2021-07-13 00:27:40'),
(27, 185, '2020-05-05', '2021-07-12 19:47:44', '2021-07-12 20:47:07'),
(27, 145, '2021-02-19', '2021-07-12 20:22:04', '2021-07-13 00:20:35'),
(27, 180, '2020-12-02', '2021-07-12 20:45:54', '2021-07-13 00:39:10'),
(27, 111, '2021-04-21', '2021-07-12 22:16:20', '2021-07-12 22:36:05'),
(28, 20, '2020-02-15', '2021-07-12 17:36:34', '2021-07-12 17:41:51'),
(28, 170, '2021-04-22', '2021-07-12 14:26:49', '2021-07-12 22:28:59'),
(28, 22, '2021-03-24', '2021-07-12 20:00:50', '2021-07-12 21:38:34'),
(28, 13, '2020-04-30', '2021-07-12 22:38:47', '2021-07-12 22:57:14'),
(28, 165, '2021-05-22', '2021-07-12 23:11:45', '2021-07-12 23:15:25'),
(28, 11, '2020-02-05', '2021-07-12 20:07:45', '2021-07-12 21:54:28'),
(28, 96, '2021-07-05', '2021-07-12 21:01:19', '2021-07-12 22:02:54'),
(28, 152, '2020-01-24', '2021-07-12 21:07:09', '2021-07-12 22:32:13'),
(28, 134, '2021-03-06', '2021-07-12 15:06:59', '2021-07-12 19:15:26'),
(28, 33, '2021-05-18', '2021-07-12 22:25:43', '2021-07-12 22:41:01'),
(28, 118, '2020-06-17', '2021-07-12 22:36:26', '2021-07-12 23:03:01'),
(28, 142, '2020-01-22', '2021-07-12 19:04:34', '2021-07-12 21:11:09'),
(28, 191, '2021-06-08', '2021-07-12 15:51:24', '2021-07-12 17:27:00'),
(28, 4, '2021-06-15', '2021-07-12 15:22:20', '2021-07-12 17:11:24'),
(28, 125, '2020-11-28', '2021-07-12 14:19:15', '2021-07-12 19:00:03'),
(28, 193, '2020-10-12', '2021-07-12 18:42:50', '2021-07-12 19:46:49'),
(28, 159, '2020-07-05', '2021-07-12 16:34:00', '2021-07-12 19:51:27'),
(28, 90, '2021-02-15', '2021-07-12 18:41:28', '2021-07-12 21:13:19'),
(28, 106, '2020-11-26', '2021-07-12 14:59:21', '2021-07-12 19:52:34'),
(28, 147, '2020-06-01', '2021-07-12 19:01:55', '2021-07-12 19:54:40'),
(28, 141, '2020-02-08', '2021-07-12 15:08:03', '2021-07-12 20:30:44'),
(28, 168, '2021-02-18', '2021-07-12 16:18:47', '2021-07-12 19:57:05'),
(28, 19, '2020-09-13', '2021-07-12 14:28:01', '2021-07-12 19:34:22'),
(28, 188, '2020-12-29', '2021-07-12 16:56:11', '2021-07-12 22:03:52'),
(28, 187, '2020-01-18', '2021-07-12 22:11:08', '2021-07-12 22:21:47'),
(28, 195, '2020-03-28', '2021-07-12 15:34:43', '2021-07-12 16:52:00'),
(28, 57, '2020-12-31', '2021-07-12 19:03:05', '2021-07-12 20:40:14'),
(28, 8, '2020-12-17', '2021-07-12 19:07:09', '2021-07-12 21:59:28'),
(28, 29, '2020-02-22', '2021-07-12 18:40:01', '2021-07-12 23:13:34'),
(28, 130, '2020-07-07', '2021-07-12 15:18:27', '2021-07-12 17:56:06'),
(28, 175, '2020-04-11', '2021-07-12 18:36:36', '2021-07-12 20:10:40'),
(28, 194, '2020-04-25', '2021-07-12 15:15:14', '2021-07-12 19:45:44'),
(28, 158, '2020-06-28', '2021-07-12 20:25:07', '2021-07-12 22:01:41'),
(28, 69, '2020-02-01', '2021-07-12 22:44:29', '2021-07-12 22:53:29'),
(28, 123, '2020-12-21', '2021-07-12 21:36:41', '2021-07-12 21:38:42'),
(28, 51, '2020-07-15', '2021-07-12 18:38:51', '2021-07-12 19:11:33'),
(29, 103, '2021-01-14', '2022-11-13 16:32:56', '2022-11-13 23:57:17'),
(29, 156, '2021-05-29', '2022-11-13 23:18:46', '2022-11-14 00:25:45'),
(29, 84, '2022-08-16', '2022-11-13 21:13:21', '2022-11-13 23:30:42'),
(29, 42, '2022-08-31', '2022-11-14 00:26:18', '2022-11-14 00:27:45'),
(29, 118, '2021-09-27', '2022-11-13 18:58:12', '2022-11-13 19:01:34'),
(29, 121, '2021-11-17', '2022-11-13 21:50:27', '2022-11-13 23:31:23'),
(29, 19, '2022-07-17', '2022-11-13 18:26:48', '2022-11-13 19:09:15'),
(29, 144, '2021-12-26', '2022-11-14 00:20:55', '2022-11-14 00:30:38'),
(29, 86, '2022-05-13', '2022-11-13 20:07:36', '2022-11-13 20:42:04'),
(29, 59, '2022-11-04', '2022-11-13 16:38:17', '2022-11-13 17:53:05'),
(29, 76, '2022-01-27', '2022-11-13 18:14:05', '2022-11-13 21:53:07'),
(29, 97, '2021-08-31', '2022-11-13 19:55:39', '2022-11-13 22:51:54'),
(29, 79, '2022-02-23', '2022-11-13 23:00:46', '2022-11-13 23:58:59'),
(29, 46, '2022-03-25', '2022-11-13 16:39:14', '2022-11-13 17:37:46'),
(30, 152, '2021-05-04', '2022-11-13 20:57:48', '2022-11-14 06:26:39'),
(30, 196, '2021-12-29', '2022-11-14 02:46:46', '2022-11-14 05:28:12'),
(30, 138, '2021-07-24', '2022-11-13 21:51:43', '2022-11-13 23:21:44'),
(30, 134, '2022-09-09', '2022-11-14 03:45:19', '2022-11-14 05:37:27'),
(30, 80, '2022-01-26', '2022-11-13 20:51:50', '2022-11-14 04:08:52'),
(30, 33, '2021-06-30', '2022-11-14 05:45:14', '2022-11-14 06:18:40'),
(30, 155, '2021-02-21', '2022-11-14 02:26:56', '2022-11-14 05:02:06'),
(30, 81, '2021-07-23', '2022-11-13 22:27:56', '2022-11-14 05:57:26'),
(30, 136, '2021-05-28', '2022-11-13 20:51:25', '2022-11-14 02:46:30'),
(30, 122, '2022-04-18', '2022-11-13 22:31:29', '2022-11-14 03:34:17'),
(30, 75, '2022-05-04', '2022-11-14 06:06:38', '2022-11-14 06:20:55'),
(30, 172, '2022-07-28', '2022-11-13 21:48:14', '2022-11-14 00:51:57'),
(30, 186, '2021-07-23', '2022-11-14 01:46:33', '2022-11-14 05:06:11'),
(30, 32, '2021-12-24', '2022-11-14 02:18:29', '2022-11-14 04:44:37'),
(30, 24, '2021-10-16', '2022-11-14 01:59:31', '2022-11-14 02:02:55'),
(30, 70, '2021-12-06', '2022-11-14 03:28:32', '2022-11-14 04:03:32'),
(30, 18, '2022-06-24', '2022-11-14 00:40:40', '2022-11-14 04:13:19'),
(30, 191, '2021-04-28', '2022-11-13 19:47:15', '2022-11-14 01:14:14'),
(30, 5, '2021-09-06', '2022-11-14 04:46:57', '2022-11-14 06:04:06'),
(30, 110, '2021-09-12', '2022-11-14 00:49:28', '2022-11-14 02:50:17'),
(30, 35, '2022-02-02', '2022-11-14 02:44:55', '2022-11-14 03:45:58'),
(30, 164, '2022-01-01', '2022-11-14 03:00:54', '2022-11-14 05:31:05'),
(30, 123, '2022-05-20', '2022-11-14 04:55:35', '2022-11-14 06:30:35'),
(30, 87, '2022-05-09', '2022-11-13 23:37:30', '2022-11-14 00:28:35');

INSERT INTO tickets (EAN13, visitor_id, category, purchase_date, price, payment_method, event_id, isActivated) VALUES
('6746522710506', '126', 'GA', '2018-03-14', 323.21, 'BC', 16, True),
('7462178490803', '394', 'GA', '2016-03-10', 96.96, 'NC', 8, True),
('9423361693420', '300', 'VIP', '2015-01-05', 1285.91, 'BC', 1, True),
('2371512267066', '380', 'GA', '2016-01-29', 479.75, 'DC', 7, True),
('1202717914062', '88', 'GA', '2020-08-07', 250.52, 'NC', 25, True),
('0906085444343', '530', 'GA', '2022-09-23', 344.77, 'BC', 29, True),
('7602559921130', '171', 'GA', '2014-10-29', 344.43, 'NC', 3, True),
('7138585784400', '214', 'BaS', '2014-06-27', 0.0, 'CC', 3, True),
('1065528412076', '44', 'GA', '2016-09-21', 309.87, 'NC', 9, True),
('3646434174362', '590', 'GA', '2018-06-03', 414.14, 'NC', 14, True),
('7583686282066', '251', 'GA', '2021-06-01', 80.6, 'BC', 25, True),
('3714095206548', '91', 'GA', '2016-10-20', 356.46, 'NC', 12, True),
('8122869932276', '172', 'GA', '2021-01-17', 422.45, 'DC', 28, True),
('1762609988847', '225', 'GA', '2015-11-15', 487.77, 'NC', 7, True),
('2360398291385', '563', 'GA', '2022-06-14', 295.66, 'DC', 30, True),
('8053892073337', '512', 'GA', '2019-08-04', 151.44, 'BC', 18, True),
('0205206935318', '328', 'BaS', '2021-01-05', 0.0, 'NC', 28, True),
('8338884909306', '107', 'GA', '2018-10-21', 279.75, 'NC', 18, True),
('3866078701335', '492', 'BaS', '2017-11-05', 0.0, 'NC', 16, True),
('3065864777107', '186', 'GA', '2019-08-10', 458.59, 'NC', 19, True),
('9331257169149', '3', 'GA', '2022-11-09', 362.0, 'DC', 30, True),
('0161158030091', '298', 'GA', '2021-12-03', 205.26, 'BC', 29, True),
('0108999690776', '147', 'GA', '2016-02-23', 417.61, 'NC', 6, True),
('6246977633398', '145', 'GA', '2014-10-15', 416.29, 'CC', 3, True),
('4170018473019', '208', 'BaS', '2017-12-20', 0.0, 'DC', 16, True),
('5551771977436', '157', 'GA', '2019-10-03', 402.65, 'BC', 22, True),
('1309375229539', '36', 'GA', '2020-10-25', 465.65, 'BC', 27, True),
('3020204071316', '339', 'GA', '2016-10-24', 487.74, 'DC', 12, True),
('3215206440211', '485', 'GA', '2020-03-21', 315.29, 'NC', 21, True),
('6792705420390', '42', 'GA', '2015-10-11', 460.4, 'NC', 7, True),
('5985380735273', '436', 'GA', '2017-05-21', 495.29, 'CC', 11, True),
('8225610054996', '340', 'BaS', '2020-10-05', 0.0, 'CC', 28, True),
('0945509870421', '101', 'GA', '2017-01-20', 103.55, 'NC', 9, True),
('9688278197332', '600', 'GA', '2021-04-10', 165.18, 'DC', 25, True),
('6925146136300', '168', 'GA', '2019-06-13', 359.0, 'CC', 22, True),
('0255948189914', '583', 'GA', '2016-01-14', 308.14, 'CC', 6, True),
('5469619423972', '515', 'GA', '2018-10-18', 67.01, 'CC', 20, True),
('9517539644174', '580', 'GA', '2019-08-16', 369.92, 'BC', 24, True),
('2314615345320', '587', 'BaS', '2019-06-14', 0.0, 'NC', 17, True),
('6870664639473', '121', 'GA', '2015-10-18', 222.2, 'CC', 8, True),
('7768938473734', '550', 'BaS', '2018-12-24', 0.0, 'BC', 18, True),
('4185320716360', '39', 'GA', '2014-03-31', 213.31, 'NC', 2, True),
('8664010424017', '95', 'GA', '2015-02-20', 275.69, 'NC', 3, True),
('4887790530313', '377', 'GA', '2021-12-07', 334.83, 'BC', 30, True),
('2625552314699', '8', 'GA', '2016-04-26', 67.3, 'BC', 5, True),
('1679765595324', '104', 'GA', '2014-05-25', 431.14, 'DC', 1, True),
('9895624644708', '342', 'GA', '2020-10-28', 89.67, 'DC', 28, True),
('6325578256946', '431', 'GA', '2022-01-18', 252.5, 'NC', 30, True),
('5130518948213', '73', 'GA', '2016-12-11', 56.78, 'BC', 9, True),
('2502953087679', '500', 'GA', '2016-12-15', 408.91, 'BC', 11, True),
('0036539765909', '260', 'GA', '2014-08-27', 430.88, 'CC', 1, True),
('7844079153092', '55', 'GA', '2014-12-21', 401.27, 'BC', 2, True),
('2553294657888', '48', 'GA', '2019-09-29', 330.58, 'DC', 21, True),
('5715867558144', '204', 'GA', '2019-02-14', 236.85, 'CC', 20, True),
('9140627345550', '538', 'GA', '2016-04-02', 180.18, 'DC', 7, True),
('2937118221047', '246', 'GA', '2019-06-13', 300.77, 'CC', 23, True),
('0608555996191', '472', 'GA', '2016-11-28', 431.42, 'CC', 9, True),
('1860599364661', '547', 'VIP', '2015-09-25', 668.28, 'CC', 8, True),
('4669797870104', '403', 'GA', '2021-12-11', 177.39, 'BC', 30, True),
('9791034606599', '6', 'BaS', '2021-03-31', 0.0, 'NC', 26, True),
('6928381441427', '568', 'GA', '2015-02-13', 229.34, 'CC', 4, True),
('8698339368500', '52', 'GA', '2021-05-17', 377.03, 'BC', 27, True),
('9036005300925', '265', 'VIP', '2014-06-26', 1151.87, 'DC', 4, True),
('7779741716027', '180', 'GA', '2017-03-28', 222.92, 'BC', 12, True),
('3135938373273', '343', 'GA', '2022-04-25', 433.65, 'BC', 29, True),
('0103206640330', '99', 'GA', '2018-06-29', 102.18, 'BC', 14, True),
('5615388990443', '548', 'GA', '2017-03-08', 419.25, 'CC', 11, True),
('8674779267496', '114', 'BaS', '2019-03-30', 0.0, 'BC', 18, True),
('2295553084596', '491', 'GA', '2022-05-01', 374.5, 'NC', 29, True),
('6636307008428', '79', 'GA', '2022-11-05', 439.36, 'DC', 29, True),
('1824935789775', '215', 'GA', '2020-01-09', 357.24, 'NC', 24, True),
('1765591062944', '422', 'GA', '2015-01-15', 145.29, 'CC', 4, True),
('2504079839963', '501', 'GA', '2018-05-22', 202.94, 'BC', 14, True),
('8754342359825', '561', 'GA', '2015-06-16', 70.73, 'BC', 7, True),
('5635420480139', '56', 'GA', '2019-09-26', 457.77, 'CC', 22, True),
('6945031768422', '102', 'GA', '2014-11-12', 269.85, 'BC', 1, True),
('7482512523290', '130', 'GA', '2016-10-26', 101.14, 'BC', 11, True),
('0428678550774', '455', 'GA', '2018-11-08', 457.44, 'BC', 19, True),
('9838155737065', '505', 'GA', '2016-03-22', 125.76, 'BC', 7, True),
('3051082664147', '596', 'GA', '2015-09-06', 287.9, 'BC', 6, True),
('0398584709589', '320', 'GA', '2017-12-19', 344.98, 'NC', 15, True),
('1338896839591', '287', 'GA', '2019-06-16', 321.64, 'DC', 23, True),
('8168499923570', '569', 'GA', '2017-01-17', 256.51, 'NC', 12, True),
('2358997200353', '314', 'GA', '2014-11-12', 287.47, 'DC', 1, True),
('0773887309302', '187', 'GA', '2016-09-17', 165.39, 'BC', 11, True),
('2268437806071', '47', 'GA', '2017-07-17', 185.43, 'NC', 12, True),
('0263261995199', '54', 'GA', '2021-12-20', 461.5, 'NC', 29, True),
('2652643349333', '313', 'GA', '2016-10-12', 480.97, 'DC', 12, True),
('8981458655398', '489', 'GA', '2018-10-19', 80.88, 'CC', 20, True),
('6501231011846', '84', 'GA', '2017-04-07', 442.79, 'NC', 9, True),
('5818443357487', '268', 'GA', '2021-07-01', 455.28, 'DC', 28, True),
('2649834080962', '387', 'GA', '2014-05-01', 228.72, 'NC', 4, True),
('7856574221489', '558', 'GA', '2020-12-08', 147.0, 'DC', 28, True),
('9772373679277', '278', 'GA', '2018-05-29', 378.35, 'BC', 16, True),
('5329592729500', '330', 'GA', '2016-12-17', 242.08, 'CC', 10, True),
('9500283599154', '327', 'GA', '2018-09-24', 428.46, 'CC', 13, True),
('6049227059709', '290', 'BaS', '2014-04-30', 0.0, 'NC', 4, True),
('6350560167624', '427', 'GA', '2015-01-02', 457.63, 'BC', 4, True),
('3692858232840', '459', 'GA', '2019-12-10', 243.36, 'CC', 22, True),
('7758010272171', '61', 'GA', '2016-05-02', 209.83, 'NC', 8, True),
('0197756042891', '346', 'GA', '2017-07-30', 84.21, 'BC', 9, True),
('8684643637983', '283', 'GA', '2019-08-05', 98.47, 'NC', 17, True),
('6994644372876', '302', 'GA', '2015-01-30', 305.54, 'BC', 3, True),
('6039729622802', '280', 'GA', '2018-09-09', 412.57, 'CC', 20, True),
('5727942910887', '141', 'GA', '2018-01-24', 184.15, 'CC', 15, True),
('8487733254554', '222', 'GA', '2020-08-26', 467.14, 'NC', 26, True),
('7594231957765', '441', 'GA', '2015-02-12', 115.18, 'BC', 3, True),
('6105343245746', '220', 'GA', '2014-10-01', 259.5, 'CC', 3, True),
('4632853818363', '20', 'GA', '2018-08-08', 422.08, 'BC', 16, True),
('1446199331937', '49', 'GA', '2016-04-13', 454.13, 'DC', 5, True),
('2982640606057', '64', 'GA', '2020-12-15', 359.25, 'BC', 27, True),
('6076264247143', '366', 'GA', '2016-12-27', 393.43, 'CC', 11, True),
('2202265488328', '478', 'GA', '2018-05-25', 302.85, 'BC', 15, True),
('8301425502915', '448', 'GA', '2017-05-25', 247.97, 'NC', 12, True),
('9603194323510', '112', 'GA', '2016-12-08', 336.77, 'NC', 9, True),
('8176572926794', '482', 'GA', '2016-04-08', 147.29, 'NC', 7, True),
('9511544816896', '373', 'BaS', '2020-04-06', 0.0, 'NC', 22, True),
('8579773043486', '218', 'GA', '2019-08-19', 103.73, 'BC', 21, True),
('4311156991896', '183', 'GA', '2017-07-21', 230.24, 'BC', 10, True),
('9886265372349', '115', 'GA', '2015-02-09', 226.95, 'BC', 3, True),
('8642856784531', '194', 'GA', '2019-08-09', 218.44, 'DC', 23, True),
('0607192966923', '70', 'GA', '2021-01-25', 209.59, 'DC', 27, True),
('3551554343386', '407', 'GA', '2017-03-19', 459.44, 'NC', 9, True),
('8315254630705', '166', 'BaS', '2018-02-01', 0.0, 'CC', 16, True),
('5724523366841', '92', 'GA', '2018-12-07', 393.3, 'NC', 18, True),
('3118213378041', '221', 'BaS', '2017-11-17', 0.0, 'DC', 16, True),
('6844898621808', '379', 'GA', '2019-01-14', 298.42, 'DC', 18, True),
('3265996964628', '173', 'GA', '2020-10-01', 310.23, 'NC', 28, True),
('9088277540970', '31', 'GA', '2019-07-18', 230.69, 'NC', 23, True),
('5398327361939', '375', 'GA', '2017-11-06', 310.58, 'CC', 13, True),
('0207678525218', '508', 'GA', '2017-07-07', 65.94, 'CC', 10, True),
('3275691736642', '370', 'GA', '2014-08-14', 365.15, 'CC', 1, True),
('3074199753089', '53', 'GA', '2019-05-03', 330.25, 'NC', 17, True),
('2589071000298', '301', 'GA', '2021-06-01', 356.45, 'DC', 25, True),
('9347512622495', '454', 'GA', '2014-06-18', 140.66, 'NC', 1, True),
('4805895870660', '552', 'GA', '2020-11-07', 258.69, 'DC', 26, True),
('8316598393538', '381', 'GA', '2020-09-24', 89.77, 'BC', 26, True),
('1368205964332', '450', 'BaS', '2018-10-13', 0.0, 'BC', 19, True),
('2128495550727', '371', 'BaS', '2017-12-25', 0.0, 'NC', 16, True),
('5140005996007', '412', 'GA', '2017-01-24', 196.67, 'DC', 9, True),
('1641710951897', '509', 'GA', '2019-02-03', 108.88, 'BC', 20, True),
('8161763669442', '335', 'GA', '2019-06-13', 179.86, 'DC', 17, True),
('1511083875944', '575', 'BaS', '2014-07-28', 0.0, 'NC', 2, True),
('5431747119902', '129', 'BaS', '2015-12-07', 0.0, 'BC', 6, True),
('5539739725673', '517', 'BaS', '2017-10-22', 0.0, 'NC', 14, True),
('4022443915810', '87', 'GA', '2021-03-28', 122.29, 'BC', 26, True),
('0851849801694', '274', 'GA', '2020-02-24', 465.38, 'DC', 22, True),
('9733682916497', '65', 'GA', '2018-12-16', 145.74, 'BC', 17, True),
('7066762519165', '433', 'GA', '2016-08-23', 431.39, 'DC', 11, True),
('8272209584015', '562', 'GA', '2014-05-09', 216.6, 'NC', 4, True),
('4753506914354', '227', 'GA', '2014-05-07', 255.68, 'BC', 2, True),
('0977904238898', '119', 'GA', '2021-05-01', 252.16, 'DC', 25, True),
('5347589046227', '430', 'GA', '2018-05-15', 401.05, 'CC', 14, True),
('9077277637143', '426', 'GA', '2018-03-08', 152.03, 'DC', 13, True),
('6488977413948', '444', 'GA', '2014-04-15', 414.25, 'DC', 1, True),
('0604150721416', '127', 'GA', '2020-09-06', 472.53, 'NC', 27, True),
('0401852569881', '464', 'GA', '2016-04-30', 397.11, 'CC', 8, True),
('1796650585938', '544', 'GA', '2018-09-29', 275.51, 'DC', 18, True),
('8599174786276', '232', 'GA', '2020-01-17', 451.03, 'CC', 22, True),
('4581681010260', '372', 'GA', '2016-11-02', 155.94, 'NC', 10, True),
('9483343946133', '5', 'GA', '2014-04-20', 146.05, 'BC', 1, True),
('7272878608299', '545', 'GA', '2019-07-19', 168.69, 'CC', 24, True),
('5431198472608', '555', 'GA', '2022-04-23', 228.83, 'NC', 29, True),
('7234310237866', '312', 'GA', '2017-04-20', 75.06, 'DC', 10, True),
('2493591670321', '359', 'GA', '2022-07-14', 92.61, 'CC', 30, True),
('7855736085062', '237', 'GA', '2018-06-01', 498.76, 'CC', 15, True),
('3432403751495', '457', 'GA', '2017-06-22', 130.77, 'CC', 11, True),
('7769632273562', '212', 'GA', '2020-02-23', 288.78, 'CC', 22, True),
('7406245033279', '577', 'BaS', '2018-06-25', 0.0, 'DC', 15, True),
('5471697862706', '549', 'GA', '2019-07-08', 133.24, 'BC', 18, True),
('4058559894792', '572', 'GA', '2014-11-06', 172.52, 'DC', 3, True),
('2071444253117', '226', 'GA', '2016-04-22', 214.27, 'BC', 5, True),
('4605546972882', '163', 'GA', '2017-10-17', 184.89, 'BC', 14, True),
('4275878931764', '13', 'BaS', '2020-05-08', 0.0, 'NC', 22, True),
('6189945647605', '18', 'GA', '2018-08-17', 478.18, 'CC', 14, True),
('3501505679017', '160', 'GA', '2017-03-02', 230.38, 'BC', 9, True),
('3474256126925', '537', 'GA', '2018-03-28', 388.62, 'NC', 14, True),
('6007770204603', '105', 'GA', '2019-04-10', 365.18, 'BC', 20, True),
('8469264403500', '367', 'GA', '2019-06-29', 174.9, 'CC', 20, True),
('7307322770593', '159', 'GA', '2020-10-14', 390.18, 'DC', 27, True),
('8565396646044', '244', 'GA', '2020-04-22', 384.45, 'CC', 24, True),
('2721655078268', '447', 'GA', '2019-06-29', 218.31, 'NC', 20, True),
('4834435780071', '120', 'GA', '2015-12-22', 313.22, 'CC', 6, True),
('2851526665818', '263', 'GA', '2015-03-19', 123.76, 'NC', 4, True),
('4189061278456', '400', 'GA', '2020-07-22', 151.81, 'BC', 27, True),
('9307169254298', '304', 'GA', '2017-12-29', 238.44, 'DC', 13, True),
('5476074780371', '334', 'GA', '2015-09-17', 199.31, 'BC', 8, True),
('9028265831804', '424', 'GA', '2020-04-05', 417.79, 'CC', 24, True),
('4102235376581', '169', 'GA', '2014-08-08', 327.13, 'BC', 2, True),
('7144368054357', '578', 'GA', '2014-10-16', 311.13, 'BC', 4, True),
('9571715825836', '261', 'GA', '2021-02-12', 256.93, 'DC', 25, True),
('0201590912462', '71', 'GA', '2016-02-02', 317.35, 'DC', 6, True),
('2850960212454', '460', 'GA', '2021-04-17', 430.22, 'CC', 28, True),
('6061390201390', '322', 'GA', '2018-08-28', 376.07, 'NC', 18, True),
('3165355686108', '393', 'GA', '2021-12-12', 142.44, 'NC', 30, True),
('5002418011611', '345', 'BaS', '2022-05-12', 0.0, 'BC', 30, True),
('0546843562279', '329', 'GA', '2021-02-05', 92.94, 'BC', 27, True),
('4343399930180', '111', 'BaS', '2015-07-08', 0.0, 'BC', 5, True),
('3836505777628', '58', 'GA', '2016-01-13', 194.57, 'DC', 6, True),
('9094902617472', '579', 'GA', '2020-11-22', 145.95, 'DC', 28, True),
('8507237784319', '256', 'GA', '2014-05-11', 424.28, 'DC', 3, True),
('6251235824316', '318', 'GA', '2016-08-07', 344.68, 'BC', 11, True),
('0050947220086', '200', 'GA', '2017-12-28', 279.77, 'CC', 14, True),
('6268257292221', '310', 'GA', '2022-05-04', 307.93, 'DC', 29, True),
('9657333080984', '272', 'GA', '2021-05-23', 486.52, 'DC', 28, True),
('3852925678139', '405', 'GA', '2016-12-15', 448.46, 'DC', 12, True),
('8932340919425', '417', 'GA', '2022-09-03', 318.62, 'NC', 30, True),
('8862748915575', '76', 'GA', '2017-05-15', 175.46, 'BC', 10, True),
('4813815481198', '418', 'GA', '2022-04-30', 51.35, 'CC', 30, True),
('3421587311190', '546', 'GA', '2014-10-11', 144.56, 'NC', 2, True),
('3847850594964', '81', 'GA', '2019-06-20', 106.75, 'DC', 24, True),
('1611108664551', '136', 'GA', '2017-07-24', 137.28, 'NC', 10, True),
('3179037985382', '94', 'GA', '2019-11-05', 409.14, 'NC', 21, True),
('9035501001240', '308', 'GA', '2014-09-28', 66.59, 'DC', 1, True),
('4668793014794', '37', 'GA', '2016-12-31', 438.11, 'BC', 12, True),
('7926129209088', '33', 'GA', '2016-08-15', 428.81, 'NC', 12, True),
('3496642157432', '529', 'GA', '2020-03-11', 63.87, 'NC', 23, True),
('3069351252009', '38', 'GA', '2021-06-23', 305.98, 'NC', 27, True),
('3893937891109', '439', 'GA', '2017-01-27', 418.26, 'NC', 9, True),
('4699996994816', '277', 'GA', '2021-06-24', 293.41, 'NC', 28, True),
('5597003401495', '19', 'GA', '2021-06-07', 402.34, 'DC', 27, True),
('7024590725197', '22', 'GA', '2020-02-27', 67.12, 'NC', 22, True),
('0009036325463', '72', 'BaS', '2019-01-03', 0.0, 'CC', 18, True),
('7762555974260', '316', 'GA', '2016-05-06', 469.69, 'NC', 6, True),
('3450148559359', '216', 'GA', '2019-02-06', 341.21, 'NC', 19, True),
('3362153080252', '132', 'BaS', '2019-08-07', 0.0, 'BC', 24, True),
('0986284060971', '576', 'GA', '2018-02-20', 325.43, 'BC', 14, True),
('1327489949395', '487', 'GA', '2022-01-09', 460.11, 'CC', 30, True),
('9505288789695', '586', 'GA', '2015-08-02', 111.05, 'BC', 8, True),
('8272337111532', '420', 'GA', '2017-02-27', 440.91, 'CC', 11, True),
('6828196664457', '510', 'GA', '2014-11-23', 81.93, 'NC', 4, True),
('3484990605743', '144', 'GA', '2015-12-28', 277.03, 'NC', 8, True),
('7383868595016', '150', 'GA', '2017-02-14', 455.6, 'CC', 10, True),
('7165514385779', '389', 'GA', '2014-04-10', 75.87, 'BC', 1, True),
('1080434067065', '62', 'GA', '2014-12-09', 275.32, 'DC', 4, True),
('4368238507945', '560', 'GA', '2021-04-13', 476.68, 'CC', 25, True),
('5914102482101', '108', 'GA', '2015-07-17', 136.36, 'NC', 8, True),
('5350006248828', '161', 'GA', '2016-10-14', 454.78, 'NC', 12, True),
('7685952708053', '123', 'GA', '2021-03-19', 317.13, 'DC', 28, True),
('1430012232536', '507', 'GA', '2021-01-01', 347.99, 'NC', 26, True),
('6511110990558', '453', 'GA', '2020-02-04', 163.93, 'DC', 21, True),
('8478095235356', '131', 'GA', '2020-04-14', 50.74, 'BC', 21, True),
('8827782073237', '282', 'GA', '2017-07-13', 237.37, 'NC', 10, True),
('5951146858885', '350', 'GA', '2021-03-12', 442.28, 'NC', 27, True),
('3999623619315', '29', 'GA', '2022-04-30', 405.17, 'CC', 29, True),
('3714339559535', '116', 'GA', '2017-07-23', 477.36, 'NC', 12, True),
('4089581478026', '368', 'GA', '2016-01-07', 173.85, 'NC', 5, True),
('0173594726642', '506', 'BaS', '2014-08-17', 0.0, 'BC', 2, True),
('8215330849090', '199', 'GA', '2017-03-09', 339.75, 'BC', 12, True),
('6787458224356', '195', 'GA', '2019-05-09', 54.4, 'CC', 20, True),
('3515061846233', '446', 'GA', '2015-09-27', 346.62, 'CC', 5, True),
('9374544345286', '513', 'GA', '2021-01-03', 191.07, 'DC', 28, True),
('7920867149584', '539', 'BaS', '2021-07-04', 0.0, 'BC', 25, True),
('3307125963164', '241', 'GA', '2021-07-01', 338.13, 'DC', 27, True),
('0570351285524', '97', 'GA', '2017-03-02', 181.6, 'NC', 10, True),
('5566146174086', '462', 'BaS', '2015-10-19', 0.0, 'DC', 8, True),
('9272373259115', '479', 'GA', '2022-03-22', 462.01, 'NC', 29, True),
('9124123832161', '503', 'GA', '2021-05-23', 413.61, 'BC', 26, True),
('7073524672801', '435', 'GA', '2019-02-15', 453.4, 'DC', 17, True),
('3656041428470', '192', 'GA', '2019-08-19', 351.68, 'BC', 20, True),
('8871426423459', '315', 'GA', '2019-03-19', 109.56, 'CC', 18, True),
('0675417419947', '68', 'GA', '2022-10-08', 360.52, 'CC', 29, True),
('8296392400732', '554', 'GA', '2019-02-20', 52.01, 'DC', 18, True),
('0540877570028', '32', 'BaS', '2017-01-16', 0.0, 'CC', 10, True),
('1765218084320', '137', 'GA', '2018-09-19', 420.73, 'NC', 13, True),
('1184914063558', '317', 'BaS', '2019-05-04', 0.0, 'NC', 17, True),
('8351693118176', '469', 'GA', '2017-12-16', 400.05, 'DC', 13, True),
('3420309927063', '336', 'GA', '2014-08-21', 439.26, 'DC', 2, True),
('3717717585710', '305', 'GA', '2015-08-31', 148.82, 'NC', 5, True),
('2576396686783', '392', 'GA', '2015-11-06', 478.49, 'CC', 5, True),
('3251834926785', '134', 'BaS', '2015-06-08', 0.0, 'DC', 8, True),
('3234657780897', '89', 'BaS', '2018-09-08', 0.0, 'CC', 17, True),
('1834765180574', '74', 'BaS', '2014-12-22', 0.0, 'BC', 1, True),
('5943991353095', '138', 'GA', '2017-05-15', 258.76, 'BC', 11, True),
('1890858843574', '598', 'BaS', '2019-08-29', 0.0, 'NC', 21, True),
('6642335394350', '413', 'GA', '2014-08-29', 311.15, 'DC', 1, True),
('4678933377194', '493', 'GA', '2019-07-22', 427.62, 'BC', 24, True),
('9129384587800', '499', 'GA', '2019-07-06', 293.16, 'DC', 24, True),
('0046481926777', '67', 'GA', '2020-01-01', 146.19, 'CC', 23, True),
('5644232690259', '511', 'GA', '2015-05-23', 278.19, 'CC', 6, True),
('9366374090580', '333', 'GA', '2017-11-08', 198.06, 'NC', 16, True),
('7395550217473', '11', 'GA', '2019-05-08', 450.83, 'NC', 17, True),
('9549772696349', '17', 'GA', '2018-09-11', 172.37, 'CC', 17, True),
('9518166179357', '28', 'GA', '2014-07-20', 117.61, 'CC', 2, True),
('7252139112574', '63', 'GA', '2020-12-26', 360.7, 'NC', 26, True),
('4936025985336', '425', 'GA', '2022-01-17', 282.72, 'BC', 29, True),
('5507410129227', '443', 'GA', '2016-03-29', 290.47, 'DC', 7, True),
('3500487277580', '276', 'GA', '2019-11-13', 78.52, 'CC', 24, True),
('0616578570588', '385', 'GA', '2021-06-12', 459.7, 'NC', 25, True),
('3457734039562', '66', 'GA', '2021-01-11', 200.74, 'BC', 28, True),
('6776036886828', '2', 'GA', '2014-05-14', 293.67, 'DC', 2, True),
('7836303630656', '98', 'GA', '2021-04-08', 187.3, 'DC', 28, True),
('8939881259134', '50', 'GA', '2015-03-09', 160.34, 'DC', 2, True),
('3161829620173', '103', 'GA', '2021-06-16', 167.25, 'BC', 28, True),
('0420594900981', '125', 'GA', '2014-10-13', 416.6, 'CC', 3, True),
('7746165743869', '356', 'GA', '2015-06-13', 371.02, 'BC', 8, True),
('8018605546964', '228', 'BaS', '2018-08-04', 0.0, 'NC', 16, True),
('4526882280120', '213', 'GA', '2019-09-13', 190.19, 'BC', 23, True),
('0745766816676', '471', 'GA', '2018-06-27', 56.65, 'DC', 13, True),
('4590621560369', '57', 'GA', '2019-12-07', 133.5, 'DC', 24, True),
('2601613327952', '165', 'VIP', '2017-02-27', 2102.01, 'DC', 9, True),
('9602161449568', '419', 'GA', '2019-06-09', 235.58, 'BC', 22, True),
('6901234895594', '196', 'GA', '2018-04-30', 334.09, 'CC', 16, True),
('0714379376825', '158', 'GA', '2015-11-28', 425.19, 'CC', 7, True),
('5399517421650', '594', 'GA', '2017-02-15', 335.73, 'NC', 12, True),
('8358446764238', '219', 'GA', '2015-09-01', 137.23, 'BC', 5, True),
('6110534273478', '384', 'GA', '2016-08-18', 484.64, 'NC', 12, True),
('3911727883564', '239', 'GA', '2020-09-02', 187.92, 'BC', 26, True),
('4487022849662', '198', 'GA', '2016-11-28', 376.06, 'NC', 10, True),
('1444495981018', '10', 'GA', '2015-02-16', 369.61, 'CC', 3, True),
('2052859087549', '398', 'GA', '2020-08-12', 484.6, 'NC', 26, True),
('1724496133200', '234', 'GA', '2022-03-21', 332.78, 'NC', 30, True),
('6334942977859', '396', 'BaS', '2017-06-14', 0.0, 'CC', 11, True),
('8705691793987', '355', 'GA', '2019-04-25', 220.0, 'BC', 18, True),
('7531914555381', '59', 'BaS', '2019-04-13', 0.0, 'CC', 18, True),
('4857690996871', '303', 'GA', '2022-09-16', 76.32, 'DC', 30, True),
('5624223222305', '532', 'GA', '2018-09-04', 475.64, 'DC', 19, True),
('8397695548008', '363', 'GA', '2015-03-11', 399.76, 'NC', 4, True),
('6013259948216', '7', 'BaS', '2018-09-17', 0.0, 'BC', 15, True),
('2840106789077', '362', 'GA', '2017-07-01', 151.19, 'NC', 11, True),
('2829001183497', '519', 'GA', '2016-02-29', 350.47, 'NC', 8, True),
('8548566854420', '416', 'GA', '2022-01-29', 179.77, 'BC', 29, True),
('2306118861723', '175', 'GA', '2015-03-14', 326.23, 'DC', 2, True),
('0247139921922', '477', 'GA', '2014-07-14', 163.93, 'DC', 2, True),
('5077405448973', '498', 'GA', '2018-10-29', 211.61, 'BC', 19, True),
('8365977798434', '110', 'GA', '2014-06-07', 490.36, 'CC', 1, True),
('0744850574999', '475', 'GA', '2018-02-11', 480.29, 'CC', 14, True),
('0029961743852', '344', 'GA', '2016-11-27', 235.96, 'CC', 11, True),
('4702017425701', '571', 'GA', '2021-02-23', 163.92, 'CC', 28, True),
('5483728415547', '133', 'GA', '2021-01-19', 299.55, 'NC', 25, True),
('9868878458447', '113', 'GA', '2018-09-06', 126.69, 'DC', 20, True),
('2617559956143', '285', 'GA', '2021-07-03', 320.23, 'NC', 27, True),
('8578753507396', '46', 'GA', '2014-09-24', 164.44, 'NC', 2, True),
('7132093682446', '174', 'GA', '2014-06-15', 244.56, 'CC', 1, True),
('4112427418782', '452', 'GA', '2015-09-16', 453.21, 'BC', 8, True),
('6264614107896', '534', 'BaS', '2022-03-13', 0.0, 'CC', 30, True),
('6999062618162', '468', 'GA', '2018-07-12', 266.3, 'NC', 14, True),
('8844797814717', '248', 'GA', '2022-07-14', 322.44, 'CC', 29, True),
('7684902224521', '591', 'GA', '2021-02-18', 469.02, 'DC', 25, True),
('4236324737233', '288', 'GA', '2015-10-28', 246.19, 'CC', 7, True),
('7409610375676', '533', 'GA', '2019-12-30', 353.79, 'BC', 21, True),
('2093489223106', '390', 'GA', '2014-09-05', 241.35, 'BC', 3, True),
('0266899620840', '348', 'BaS', '2018-10-14', 0.0, 'DC', 18, True),
('4904685839558', '476', 'GA', '2021-07-05', 213.83, 'BC', 27, True),
('1311741328003', '331', 'GA', '2018-07-10', 171.98, 'NC', 15, True),
('2660149275439', '189', 'GA', '2015-07-07', 76.09, 'NC', 5, True),
('9835734340266', '463', 'GA', '2019-01-17', 392.34, 'CC', 19, True),
('9039606355003', '597', 'GA', '2017-04-09', 447.65, 'CC', 11, True),
('0796048875972', '306', 'GA', '2016-04-03', 381.28, 'CC', 5, True),
('4147776968358', '480', 'GA', '2018-09-23', 149.18, 'NC', 14, True),
('8524589813510', '323', 'GA', '2020-12-12', 145.9, 'BC', 28, True),
('5460009804493', '449', 'GA', '2021-04-26', 463.27, 'BC', 27, True),
('9705907992621', '205', 'GA', '2016-04-20', 61.25, 'NC', 7, True),
('4482188252016', '267', 'GA', '2015-08-23', 112.02, 'CC', 7, True),
('3729436909317', '206', 'GA', '2016-03-12', 360.01, 'NC', 5, True),
('9852568784933', '152', 'GA', '2022-09-02', 220.86, 'NC', 29, True),
('5396782461247', '358', 'GA', '2019-04-27', 184.3, 'DC', 18, True),
('8731709449240', '85', 'GA', '2019-05-11', 460.53, 'BC', 19, True),
('9196233982722', '21', 'GA', '2017-06-27', 248.91, 'NC', 9, True),
('6540314585270', '69', 'BaS', '2020-10-08', 0.0, 'CC', 28, True),
('0392495104750', '297', 'GA', '2017-05-27', 428.99, 'NC', 11, True),
('9434638109041', '573', 'GA', '2021-07-01', 293.4, 'CC', 28, True),
('7153055630665', '474', 'GA', '2020-01-15', 449.46, 'DC', 24, True),
('5927175051524', '470', 'GA', '2014-05-28', 433.05, 'BC', 3, True),
('2547930131201', '488', 'GA', '2014-07-01', 85.64, 'NC', 2, True),
('4524953036906', '352', 'GA', '2018-04-06', 376.75, 'NC', 16, True),
('3051745812620', '139', 'GA', '2016-03-12', 88.55, 'DC', 7, True),
('9363338896429', '106', 'GA', '2020-01-20', 80.46, 'BC', 21, True),
('4106448317034', '43', 'GA', '2018-10-07', 53.41, 'NC', 13, True),
('2936849052070', '202', 'GA', '2018-09-18', 266.02, 'NC', 17, True),
('9789050911419', '86', 'GA', '2014-11-25', 302.32, 'NC', 2, True),
('0476448910187', '122', 'GA', '2017-05-04', 248.91, 'BC', 11, True),
('2693955915978', '535', 'GA', '2016-04-03', 412.51, 'NC', 7, True),
('1586230140646', '242', 'GA', '2016-12-31', 462.97, 'DC', 12, True),
('6390861942529', '296', 'GA', '2018-05-06', 167.66, 'BC', 16, True),
('2920644626974', '83', 'GA', '2017-11-30', 412.38, 'NC', 15, True),
('6481722618579', '201', 'GA', '2015-08-08', 364.99, 'NC', 6, True),
('3089496972528', '559', 'GA', '2015-11-02', 239.43, 'CC', 6, True),
('3625186352829', '592', 'GA', '2017-10-15', 461.43, 'CC', 15, True),
('3406442669798', '361', 'BaS', '2014-09-10', 0.0, 'DC', 4, True),
('3372772029587', '360', 'GA', '2019-08-04', 272.78, 'DC', 24, True),
('8286220063028', '182', 'GA', '2020-03-30', 391.58, 'BC', 22, True),
('5249296002967', '254', 'GA', '2016-10-24', 491.04, 'NC', 9, True),
('8715462321921', '162', 'GA', '2018-10-04', 235.82, 'NC', 19, True),
('7590850515741', '191', 'GA', '2020-10-07', 159.34, 'NC', 27, True),
('6418094067659', '128', 'GA', '2019-01-18', 294.13, 'BC', 18, True),
('1845369292467', '188', 'GA', '2018-01-09', 161.22, 'DC', 16, True),
('6562077373732', '240', 'GA', '2015-02-02', 426.15, 'CC', 1, True),
('9459911730570', '332', 'GA', '2014-08-25', 115.55, 'DC', 4, True),
('1356893838152', '486', 'BaS', '2018-01-19', 0.0, 'DC', 16, True),
('2151750502617', '40', 'GA', '2022-10-21', 414.27, 'NC', 29, True),
('2746085087564', '397', 'GA', '2021-11-29', 231.61, 'CC', 30, True),
('1405796622394', '524', 'GA', '2018-11-03', 397.84, 'NC', 19, True),
('3666080754096', '376', 'BaS', '2018-07-07', 0.0, 'BC', 13, True),
('3771406896984', '399', 'GA', '2014-04-08', 304.56, 'NC', 2, True),
('0211008389344', '16', 'GA', '2018-05-18', 395.07, 'BC', 16, True),
('4721218888018', '391', 'GA', '2016-09-17', 193.18, 'DC', 12, True),
('6567400703613', '458', 'GA', '2018-10-01', 473.88, 'CC', 18, True),
('6236603074136', '404', 'GA', '2015-02-28', 340.34, 'NC', 3, True),
('1993125937080', '324', 'GA', '2020-03-16', 259.12, 'NC', 24, True),
('7682505611683', '27', 'BaS', '2021-05-28', 0.0, 'NC', 27, True),
('7119809262083', '364', 'BaS', '2018-10-31', 0.0, 'CC', 20, True),
('2392516984856', '325', 'GA', '2014-05-18', 153.32, 'NC', 2, True),
('1428446159004', '257', 'GA', '2018-09-15', 78.34, 'CC', 19, True),
('8136536617166', '411', 'GA', '2017-05-27', 375.19, 'CC', 11, True),
('6164957679912', '565', 'GA', '2018-04-07', 403.47, 'DC', 14, True),
('6392221724626', '523', 'GA', '2015-07-27', 214.6, 'DC', 5, True),
('0032403001553', '100', 'GA', '2021-04-14', 196.23, 'CC', 27, True),
('5583312615493', '140', 'GA', '2019-12-23', 474.67, 'NC', 23, True),
('0964264546824', '148', 'GA', '2016-04-18', 425.07, 'NC', 6, True),
('2411286833746', '518', 'GA', '2019-01-17', 276.69, 'DC', 17, True),
('9046644743892', '185', 'GA', '2015-09-05', 120.47, 'CC', 6, True),
('4927867801812', '481', 'GA', '2017-06-04', 114.98, 'CC', 9, True),
('9659534709690', '564', 'GA', '2018-02-28', 73.08, 'CC', 14, True),
('8780528183369', '338', 'BaS', '2015-09-01', 0.0, 'DC', 8, True),
('5338161311141', '210', 'GA', '2019-01-19', 88.03, 'DC', 20, True),
('1302855594521', '484', 'VIP', '2018-12-01', 1076.55, 'DC', 18, True),
('7309643774368', '536', 'GA', '2018-09-15', 73.32, 'DC', 17, True),
('7624073344132', '406', 'GA', '2017-12-01', 144.69, 'CC', 16, True),
('5011422624102', '495', 'GA', '2019-05-03', 299.78, 'NC', 20, True),
('4752724480153', '521', 'GA', '2018-11-20', 93.74, 'BC', 20, True),
('1199247804001', '203', 'VIP', '2021-12-01', 1896.88, 'NC', 29, True),
('5559533425972', '414', 'GA', '2019-07-18', 105.17, 'NC', 21, True),
('6522996499206', '341', 'GA', '2020-10-04', 401.17, 'BC', 25, True),
('6300535648989', '516', 'GA', '2018-03-27', 51.57, 'NC', 15, True),
('9895640372982', '109', 'GA', '2020-03-21', 125.41, 'CC', 23, True),
('3381911228216', '236', 'GA', '2018-11-23', 298.49, 'NC', 18, True),
('7083146335446', '275', 'GA', '2016-12-13', 334.25, 'BC', 10, True),
('8572519162800', '264', 'GA', '2015-06-30', 143.32, 'DC', 7, True),
('2171940417498', '156', 'GA', '2016-11-14', 265.48, 'BC', 11, True),
('4865592002683', '382', 'GA', '2019-08-15', 337.18, 'DC', 23, True),
('2077915379307', '118', 'GA', '2020-11-10', 135.41, 'CC', 25, True),
('4308088629305', '190', 'GA', '2014-05-03', 495.29, 'CC', 2, True),
('4487703397201', '143', 'GA', '2020-11-02', 393.88, 'CC', 27, True),
('2849546482592', '311', 'GA', '2018-11-19', 222.17, 'DC', 18, True),
('6732005394111', '238', 'GA', '2021-12-26', 484.58, 'DC', 29, True),
('2636943372657', '231', 'VIP', '2022-07-07', 1804.66, 'BC', 30, True),
('9751993638449', '155', 'GA', '2015-11-02', 270.91, 'NC', 8, True),
('7667369777949', '142', 'GA', '2020-01-19', 280.56, 'NC', 21, True),
('3794277014666', '4', 'GA', '2018-01-03', 442.21, 'BC', 15, True),
('9474790654359', '184', 'GA', '2017-12-28', 211.37, 'BC', 14, True),
('2223720922945', '349', 'GA', '2014-03-31', 136.55, 'CC', 1, True),
('8983034269148', '581', 'GA', '2019-04-13', 173.69, 'CC', 17, True),
('6378948003316', '193', 'GA', '2017-03-06', 445.13, 'CC', 11, True),
('7673738170912', '543', 'GA', '2020-03-16', 430.35, 'NC', 24, True),
('3797544657790', '494', 'GA', '2019-09-25', 240.82, 'DC', 24, True),
('6286184074386', '170', 'GA', '2016-05-07', 460.76, 'NC', 6, True),
('8884135461635', '599', 'GA', '2018-03-02', 133.87, 'NC', 16, True),
('3727307862712', '347', 'GA', '2019-11-05', 417.5, 'BC', 23, True),
('1653452303583', '77', 'GA', '2018-11-24', 181.12, 'NC', 19, True),
('8856384854013', '293', 'GA', '2019-01-02', 66.72, 'NC', 18, True),
('2310336097768', '522', 'GA', '2015-08-16', 176.23, 'BC', 8, True),
('2702654230166', '258', 'VIP', '2017-02-06', 1732.59, 'NC', 11, True),
('7685961388524', '582', 'GA', '2022-01-08', 201.7, 'BC', 29, True),
('4817522327122', '496', 'GA', '2020-04-09', 138.8, 'NC', 22, True),
('5768167177232', '149', 'GA', '2015-01-11', 196.15, 'NC', 2, True),
('7014409306966', '60', 'GA', '2017-06-16', 385.71, 'BC', 11, True),
('1135234108174', '525', 'GA', '2019-11-03', 338.05, 'NC', 21, True),
('4363158882236', '284', 'GA', '2020-10-19', 404.42, 'BC', 28, True),
('2666030947708', '556', 'GA', '2017-06-30', 414.17, 'DC', 12, True),
('4197881275227', '438', 'GA', '2020-08-31', 195.28, 'DC', 28, True),
('3625634389377', '540', 'BaS', '2016-05-05', 0.0, 'CC', 6, True),
('5600668180048', '34', 'GA', '2019-12-10', 166.66, 'CC', 22, True),
('9234638049011', '211', 'GA', '2014-09-19', 459.95, 'DC', 2, True),
('2797092367875', '567', 'GA', '2019-01-11', 498.03, 'CC', 19, True),
('7564202019314', '24', 'GA', '2020-03-19', 373.36, 'CC', 23, True),
('8568756741760', '181', 'GA', '2022-05-06', 69.48, 'CC', 30, True),
('9729164409371', '249', 'GA', '2015-09-28', 93.08, 'NC', 8, True),
('2876075213660', '259', 'GA', '2014-10-06', 476.52, 'NC', 4, True),
('5307680112508', '553', 'GA', '2015-08-06', 237.15, 'DC', 7, True),
('5428271116716', '253', 'GA', '2016-10-12', 476.83, 'CC', 9, True),
('6469250479653', '164', 'GA', '2015-07-24', 119.41, 'BC', 6, True),
('1499636793595', '151', 'GA', '2020-01-16', 174.93, 'CC', 21, True),
('6338052713888', '289', 'GA', '2019-06-20', 405.05, 'DC', 22, True),
('3946173821177', '179', 'BaS', '2018-01-08', 0.0, 'CC', 15, True),
('9888669330600', '153', 'GA', '2022-07-05', 131.83, 'BC', 29, True),
('4330826614699', '415', 'BaS', '2017-11-23', 0.0, 'CC', 13, True),
('6646180605093', '96', 'GA', '2019-10-26', 361.53, 'BC', 22, True),
('6850708814239', '51', 'GA', '2017-04-26', 477.81, 'NC', 12, True),
('9087575168935', '528', 'GA', '2021-04-02', 62.65, 'BC', 25, True),
('7845962463399', '451', 'BaS', '2016-12-31', 0.0, 'DC', 11, True),
('8177708443692', '465', 'GA', '2014-04-04', 465.27, 'DC', 2, True),
('6528524725557', '421', 'GA', '2016-01-03', 210.09, 'DC', 5, True),
('8053750865543', '428', 'GA', '2014-12-20', 96.55, 'DC', 1, True),
('0784146586371', '93', 'GA', '2017-07-28', 207.97, 'CC', 10, True),
('4653014697396', '124', 'GA', '2017-05-12', 255.04, 'BC', 11, True),
('1358670296982', '207', 'GA', '2017-04-24', 396.67, 'DC', 12, True),
('8042558880904', '585', 'GA', '2022-08-04', 74.7, 'NC', 29, True),
('5630863541166', '502', 'GA', '2020-05-23', 331.25, 'CC', 21, True),
('5862257507420', '402', 'BaS', '2015-12-01', 0.0, 'CC', 5, True),
('2598579208830', '299', 'GA', '2018-11-25', 329.16, 'BC', 19, True),
('1684704832082', '473', 'GA', '2015-02-15', 109.33, 'BC', 3, True),
('0850169030780', '434', 'GA', '2014-07-08', 404.65, 'BC', 2, True),
('5694806073619', '14', 'GA', '2017-11-25', 447.49, 'CC', 14, True),
('9552772425736', '245', 'BaS', '2015-12-02', 0.0, 'DC', 8, True),
('6265199106572', '281', 'GA', '2021-03-01', 289.04, 'CC', 25, True),
('0931892842894', '557', 'GA', '2022-08-09', 476.07, 'CC', 29, True),
('5695682337407', '542', 'GA', '2018-07-06', 173.38, 'NC', 15, True),
('6562325179918', '295', 'BaS', '2022-02-14', 0.0, 'CC', 29, True),
('3624280098211', '82', 'GA', '2017-05-04', 53.46, 'BC', 12, True),
('5798005658201', '467', 'GA', '2019-04-14', 341.82, 'NC', 20, True),
('3317304697222', '286', 'GA', '2019-10-29', 372.72, 'BC', 23, True),
('0019066471771', '319', 'GA', '2014-09-24', 262.59, 'BC', 3, True),
('5138560241520', '177', 'GA', '2019-04-09', 353.99, 'BC', 20, True),
('1937569660533', '353', 'GA', '2019-09-13', 65.84, 'DC', 22, True),
('5582282180956', '527', 'GA', '2020-10-02', 361.97, 'CC', 26, True),
('9671150749345', '526', 'GA', '2017-04-06', 192.63, 'CC', 12, True),
('8876166386309', '279', 'BaS', '2020-01-03', 0.0, 'NC', 22, True),
('5921121737748', '326', 'GA', '2018-09-29', 452.36, 'NC', 15, True),
('9107038266966', '437', 'GA', '2019-11-12', 107.86, 'BC', 22, True),
('0237127521129', '354', 'GA', '2014-12-25', 449.59, 'DC', 2, True),
('5288663602000', '146', 'GA', '2017-02-17', 422.3, 'BC', 9, True),
('1861113556077', '217', 'GA', '2019-07-25', 150.28, 'NC', 18, True),
('1826040821039', '80', 'GA', '2022-08-01', 183.36, 'NC', 29, True),
('9119581629624', '442', 'GA', '2019-12-02', 160.76, 'DC', 21, True),
('4152049422060', '456', 'GA', '2015-11-21', 327.24, 'NC', 8, True),
('6621281892315', '423', 'GA', '2015-08-10', 485.44, 'NC', 6, True),
('8460473372039', '26', 'GA', '2020-03-25', 219.17, 'CC', 22, True),
('0081938518027', '466', 'VIP', '2019-06-20', 2282.09, 'BC', 21, True),
('9683984938196', '593', 'GA', '2019-02-16', 304.0, 'BC', 17, True),
('5362691348069', '75', 'GA', '2019-02-13', 402.33, 'DC', 19, True),
('8023190237381', '365', 'GA', '2014-09-28', 249.62, 'CC', 2, True),
('6932721846545', '243', 'GA', '2022-04-27', 110.95, 'NC', 29, True),
('1540416925108', '589', 'GA', '2019-08-04', 466.74, 'NC', 24, True),
('9808717122255', '570', 'GA', '2022-07-21', 427.91, 'NC', 29, True),
('3029652848779', '531', 'BaS', '2015-09-17', 0.0, 'DC', 7, True),
('9884670953859', '117', 'GA', '2019-08-04', 307.87, 'DC', 18, True),
('9701288598769', '176', 'GA', '2017-10-18', 470.48, 'DC', 15, True),
('1500001767211', '197', 'VIP', '2022-03-11', 2210.22, 'CC', 29, True),
('9520318643302', '9', 'GA', '2017-02-02', 316.33, 'DC', 12, True),
('1171210956750', '178', 'GA', '2020-09-15', 317.5, 'CC', 25, True),
('8522077795634', '551', 'GA', '2015-12-21', 499.56, 'BC', 6, True),
('6830988715194', '445', 'GA', '2021-04-10', 285.21, 'CC', 27, True),
('2420937140265', '30', 'GA', '2020-11-25', 432.72, 'CC', 27, True),
('3847959982513', '595', 'BaS', '2015-06-21', 0.0, 'NC', 6, True),
('5506302274714', '432', 'BaS', '2018-03-07', 0.0, 'BC', 14, True),
('1896525865769', '461', 'GA', '2018-07-23', 119.72, 'DC', 16, True),
('3617196820897', '351', 'GA', '2016-04-16', 263.1, 'BC', 8, True),
('3843562802261', '35', 'BaS', '2021-03-06', 0.0, 'CC', 26, True),
('3335842253597', '307', 'GA', '2017-12-10', 106.54, 'DC', 15, True),
('0009999159918', '497', 'GA', '2015-02-11', 151.39, 'DC', 4, True),
('0396229856516', '378', 'GA', '2018-05-15', 496.89, 'CC', 16, True),
('4599862929204', '409', 'GA', '2019-05-11', 459.16, 'BC', 20, True),
('8351677784770', '574', 'GA', '2020-03-20', 89.33, 'NC', 24, True),
('6825068133789', '408', 'GA', '2017-03-04', 417.64, 'CC', 9, True),
('9500924030736', '271', 'BaS', '2014-09-18', 0.0, 'DC', 1, True),
('6090204495391', '514', 'BaS', '2017-04-29', 0.0, 'DC', 12, True),
('0692161995298', '78', 'GA', '2018-10-23', 488.08, 'BC', 18, True),
('6129355860374', '395', 'GA', '2022-07-23', 378.61, 'DC', 30, True),
('6638141351255', '12', 'BaS', '2021-05-19', 0.0, 'NC', 26, True),
('5426064974849', '410', 'GA', '2016-09-29', 57.39, 'NC', 9, True),
('8297008934459', '167', 'BaS', '2014-11-04', 0.0, 'BC', 2, True),
('7631118493705', '309', 'GA', '2019-06-14', 407.32, 'DC', 18, True),
('3064961304121', '490', 'GA', '2017-10-28', 248.86, 'DC', 16, True),
('0246607664927', '250', 'GA', '2016-01-19', 422.03, 'NC', 6, True),
('4112791387954', '1', 'GA', '2016-01-17', 351.3, 'BC', 8, True),
('2760580547385', '337', 'GA', '2019-07-16', 302.76, 'CC', 20, True),
('3339607703036', '45', 'GA', '2017-11-15', 459.02, 'CC', 15, True),
('6733954403908', '25', 'GA', '2022-04-13', 325.66, 'BC', 29, True),
('2631974463487', '383', 'GA', '2018-08-26', 299.53, 'NC', 15, True),
('6570159687269', '269', 'GA', '2014-08-19', 221.99, 'DC', 3, True),
('9416230993240', '266', 'BaS', '2015-03-19', 0.0, 'DC', 2, True),
('0818549604023', '440', 'GA', '2020-10-23', 132.13, 'NC', 27, True),
('1940057047987', '369', 'GA', '2021-06-23', 283.38, 'NC', 25, True),
('0589085599771', '566', 'GA', '2016-11-26', 348.36, 'BC', 10, True),
('0884590096384', '321', 'GA', '2021-02-27', 83.01, 'CC', 25, True),
('2839562538419', '41', 'GA', '2019-07-23', 167.91, 'DC', 20, True),
('6235907608503', '588', 'GA', '2018-06-30', 52.53, 'DC', 13, True),
('7567487090987', '541', 'GA', '2022-05-01', 322.08, 'DC', 29, True),
('5936611349173', '270', 'GA', '2019-10-17', 419.09, 'CC', 23, True),
('4301716619044', '23', 'GA', '2021-06-29', 285.77, 'CC', 25, True),
('1838519564099', '233', 'GA', '2016-04-02', 344.86, 'NC', 6, True),
('2318749893109', '584', 'GA', '2015-10-29', 306.54, 'DC', 8, True),
('5523627260337', '255', 'GA', '2019-08-13', 484.93, 'CC', 18, True),
('2513014568878', '224', 'GA', '2019-02-07', 291.36, 'CC', 19, True),
('7238432088317', '252', 'GA', '2021-05-30', 77.43, 'CC', 25, True),
('9893727932720', '483', 'GA', '2019-09-26', 227.5, 'BC', 21, True),
('6880894149064', '504', 'GA', '2019-07-11', 265.55, 'BC', 23, True),
('8282455844826', '209', 'GA', '2022-07-04', 500.96, 'BC', 29, True),
('4380452816480', '229', 'GA', '2020-08-31', 297.57, 'BC', 28, True),
('9442994840409', '292', 'GA', '2014-08-18', 166.08, 'NC', 1, True),
('5569916767590', '388', 'GA', '2019-05-27', 121.54, 'CC', 17, True),
('8780891031896', '90', 'GA', '2015-07-05', 450.86, 'BC', 8, True),
('8125130805199', '520', 'GA', '2018-01-23', 230.83, 'NC', 13, True),
('3523065305751', '294', 'GA', '2018-09-15', 277.44, 'CC', 13, True),
('7602875115335', '247', 'GA', '2019-05-16', 215.46, 'NC', 17, True),
('8013631125643', '273', 'GA', '2022-01-21', 354.17, 'NC', 30, True),
('6330321388722', '357', 'GA', '2018-09-26', 61.63, 'CC', 15, True),
('7758155774329', '291', 'GA', '2022-02-19', 443.03, 'CC', 29, True),
('3741194081923', '15', 'GA', '2014-09-28', 443.83, 'BC', 1, True),
('0136001101090', '230', 'GA', '2016-04-06', 393.27, 'CC', 6, True),
('1877238161584', '401', 'GA', '2016-02-08', 337.44, 'DC', 8, True),
('8013515533969', '374', 'GA', '2020-05-30', 428.19, 'NC', 24, True),
('7033712408131', '262', 'GA', '2019-06-10', 210.35, 'CC', 20, True),
('3855592229405', '154', 'GA', '2015-07-03', 99.25, 'BC', 8, True),
('7993720399949', '235', 'GA', '2017-02-15', 203.34, 'NC', 11, True),
('9049377051958', '135', 'GA', '2015-08-27', 379.87, 'CC', 8, True),
('0160430897053', '386', 'GA', '2018-10-18', 115.2, 'BC', 19, True),
('9174395073779', '223', 'GA', '2014-10-01', 279.48, 'NC', 1, True),
('4358885667437', '429', 'GA', '2017-03-24', 336.15, 'CC', 12, True),
('9072266323574', '513', 'GA', '2019-08-28', 88.06, 'BC', 23, True),
('0344755719541', '167', 'GA', '2015-09-07', 198.79, 'BC', 7, True),
('2112651484841', '228', 'GA', '2016-08-15', 143.84, 'BC', 12, True),
('1165539725539', '177', 'GA', '2017-02-07', 87.19, 'CC', 10, True),
('2797314030703', '214', 'GA', '2020-09-11', 134.02, 'NC', 27, True),
('6477953056002', '436', 'GA', '2015-07-04', 471.62, 'DC', 8, True),
('1424684416787', '427', 'GA', '2016-04-20', 156.9, 'BC', 8, True),
('1470214519795', '319', 'GA', '2019-03-24', 161.62, 'NC', 17, True),
('7195952196843', '544', 'GA', '2014-08-24', 378.37, 'DC', 3, True),
('3766140984560', '587', 'GA', '2016-09-27', 325.09, 'CC', 12, True),
('8920540864160', '532', 'GA', '2017-05-07', 120.6, 'DC', 9, True),
('0131072902951', '295', 'GA', '2020-03-07', 377.41, 'CC', 23, True),
('1378525999412', '445', 'GA', '2022-01-12', 166.23, 'NC', 29, True),
('3576830299366', '407', 'GA', '2022-06-30', 176.46, 'CC', 30, True),
('5949583566160', '112', 'GA', '2014-06-06', 258.83, 'NC', 3, True),
('5981134160396', '277', 'GA', '2022-08-03', 329.45, 'DC', 29, True),
('3828728027356', '54', 'GA', '2019-09-23', 444.43, 'CC', 21, True),
('5727457913588', '238', 'GA', '2014-12-09', 422.64, 'BC', 2, True),
('9281352513884', '178', 'GA', '2016-02-20', 105.61, 'BC', 8, True),
('0851790101161', '326', 'GA', '2017-03-25', 198.68, 'DC', 12, True),
('5492326210736', '541', 'GA', '2014-11-27', 82.37, 'DC', 2, True),
('7579122763493', '448', 'GA', '2020-07-12', 453.58, 'BC', 27, True),
('0487335448845', '271', 'GA', '2020-12-28', 54.19, 'DC', 25, True),
('3348226059604', '257', 'VIP', '2020-08-11', 1917.72, 'CC', 27, True),
('6469786927955', '242', 'GA', '2018-09-20', 110.04, 'BC', 13, True),
('4601764490598', '466', 'GA', '2019-05-07', 163.5, 'BC', 19, True),
('6591685278289', '230', 'BaS', '2017-07-16', 0.0, 'CC', 9, True),
('8518355378126', '219', 'BaS', '2020-07-24', 0.0, 'DC', 26, True),
('8796224220763', '364', 'GA', '2015-07-01', 303.3, 'DC', 5, True),
('8143699853210', '236', 'GA', '2021-06-15', 482.04, 'CC', 26, True),
('6812781945865', '88', 'GA', '2020-05-10', 156.13, 'CC', 23, True),
('3277655484738', '353', 'GA', '2021-06-08', 119.09, 'NC', 28, True),
('4524874987243', '89', 'BaS', '2014-11-17', 0.0, 'DC', 3, True),
('0729479609754', '349', 'GA', '2022-08-31', 431.84, 'DC', 29, True),
('8708238858672', '323', 'BaS', '2016-02-21', 0.0, 'CC', 5, True),
('8786722754815', '342', 'GA', '2018-09-13', 143.78, 'DC', 18, True),
('5418376802206', '29', 'GA', '2014-06-21', 265.52, 'DC', 1, True),
('4297633069123', '267', 'GA', '2021-02-10', 152.5, 'DC', 25, True),
('5754218309306', '378', 'GA', '2016-10-01', 171.27, 'CC', 12, True),
('2348614742843', '357', 'BaS', '2014-10-12', 0.0, 'CC', 2, True),
('6500709775663', '130', 'GA', '2021-02-07', 186.14, 'BC', 26, True),
('9367781965949', '218', 'GA', '2017-03-04', 206.38, 'BC', 11, True),
('5223635046904', '157', 'GA', '2014-06-13', 378.61, 'BC', 1, True),
('9886462821128', '304', 'BaS', '2015-11-03', 0.0, 'BC', 8, True),
('5722266329399', '262', 'GA', '2020-04-23', 497.74, 'NC', 23, True),
('8362161206489', '156', 'GA', '2019-07-04', 428.62, 'DC', 21, True),
('7947120382161', '53', 'GA', '2016-08-11', 314.96, 'NC', 12, True),
('1491867997356', '491', 'BaS', '2014-08-31', 0.0, 'NC', 4, True),
('3405023543895', '365', 'GA', '2015-05-15', 239.81, 'DC', 8, True),
('8871092055992', '599', 'GA', '2017-02-08', 458.66, 'BC', 9, True),
('7307483785729', '28', 'GA', '2016-09-30', 485.94, 'BC', 10, False),
('6650131281509', '582', 'GA', '2018-06-28', 53.03, 'NC', 16, False),
('3095093863757', '251', 'GA', '2016-10-07', 242.02, 'BC', 11, False),
('5806704338126', '283', 'GA', '2015-02-14', 261.08, 'NC', 3, False),
('5110529435532', '393', 'GA', '2019-11-08', 172.91, 'DC', 24, False),
('8972752638762', '434', 'GA', '2019-06-23', 483.36, 'CC', 17, False),
('4099245884401', '325', 'GA', '2015-05-11', 306.16, 'CC', 6, False),
('0832105094637', '56', 'GA', '2018-10-04', 364.36, 'NC', 18, False),
('7233981119026', '571', 'GA', '2016-01-19', 255.29, 'CC', 6, False),
('0884998204685', '482', 'GA', '2016-08-09', 323.99, 'DC', 10, False),
('1516891466206', '469', 'GA', '2021-04-22', 391.7, 'NC', 27, False),
('6963243661919', '268', 'GA', '2016-10-31', 108.44, 'BC', 11, False),
('9121852250288', '450', 'GA', '2017-03-28', 251.46, 'DC', 9, False),
('5819380012438', '30', 'GA', '2019-02-25', 399.56, 'DC', 20, False),
('8824446249302', '478', 'GA', '2014-05-21', 190.26, 'DC', 1, False),
('8160037493313', '341', 'GA', '2019-07-12', 211.3, 'CC', 23, False),
('8854861246079', '287', 'GA', '2020-08-18', 331.87, 'DC', 26, False),
('5368312579257', '9', 'GA', '2019-10-27', 271.65, 'DC', 22, False),
('2499254846059', '420', 'GA', '2022-01-28', 446.06, 'CC', 29, False),
('1219871018487', '188', 'GA', '2015-12-16', 204.51, 'DC', 6, False),
('4333770224025', '584', 'GA', '2019-07-25', 390.8, 'NC', 22, False),
('3795160008090', '266', 'GA', '2018-07-05', 54.16, 'CC', 14, False),
('1369872444550', '429', 'GA', '2019-08-13', 139.0, 'DC', 20, False),
('1849139380671', '318', 'GA', '2020-12-28', 441.82, 'NC', 28, False),
('9918808740361', '115', 'GA', '2022-04-17', 186.63, 'DC', 30, False),
('6346782078338', '315', 'GA', '2017-07-02', 194.13, 'DC', 12, False),
('1768509119548', '100', 'GA', '2018-09-07', 496.83, 'BC', 17, False),
('2028969365587', '334', 'GA', '2017-02-02', 229.98, 'CC', 10, False),
('6852120698511', '240', 'GA', '2016-12-24', 401.64, 'DC', 10, False),
('9889837635674', '2', 'GA', '2020-05-31', 489.7, 'DC', 24, False),
('0468521464892', '401', 'GA', '2020-10-07', 285.78, 'DC', 25, False),
('1750787992808', '384', 'GA', '2016-02-09', 127.65, 'BC', 8, False),
('6347504677275', '173', 'GA', '2014-06-09', 118.43, 'DC', 4, False),
('3468593922303', '225', 'GA', '2022-01-24', 306.16, 'CC', 30, False),
('7791905499437', '316', 'VIP', '2018-03-19', 2481.05, 'BC', 14, False),
('9597917415203', '497', 'GA', '2016-09-06', 297.41, 'CC', 11, False),
('5597419535130', '235', 'GA', '2020-10-19', 389.67, 'CC', 27, False),
('5615092464108', '259', 'GA', '2018-12-16', 268.72, 'DC', 17, False),
('2094674314203', '375', 'GA', '2022-08-16', 396.67, 'DC', 29, False),
('6965190038281', '492', 'GA', '2019-09-02', 353.2, 'CC', 23, False),
('2649309950017', '391', 'GA', '2018-12-09', 363.64, 'BC', 19, False),
('9277663754035', '464', 'GA', '2018-01-28', 283.59, 'CC', 14, False),
('9877955012356', '503', 'GA', '2014-09-22', 232.42, 'NC', 3, False),
('1563251922082', '463', 'BaS', '2014-03-31', 0.0, 'BC', 1, False),
('6503644255769', '376', 'GA', '2017-05-06', 140.97, 'DC', 9, False),
('3973653148370', '129', 'GA', '2019-04-19', 247.53, 'NC', 20, False),
('9302458818221', '594', 'GA', '2014-08-22', 321.17, 'NC', 1, False),
('3126237126686', '40', 'GA', '2015-08-21', 219.25, 'NC', 7, False),
('5070964816600', '423', 'GA', '2020-03-22', 139.27, 'CC', 24, False),
('9924106015356', '524', 'GA', '2015-06-21', 309.06, 'BC', 6, False),
('4218421192935', '399', 'BaS', '2016-03-20', 0.0, 'NC', 5, False),
('8733263093519', '590', 'GA', '2015-02-06', 375.1, 'DC', 1, False),
('9584793337507', '508', 'GA', '2022-03-13', 66.6, 'CC', 29, False),
('6463866312382', '95', 'GA', '2020-11-25', 129.89, 'CC', 25, False),
('1208093337522', '480', 'GA', '2019-09-03', 211.98, 'NC', 23, False),
('1330937574092', '50', 'GA', '2020-04-14', 296.43, 'BC', 22, False),
('4771739721796', '258', 'BaS', '2021-12-28', 0.0, 'CC', 29, False),
('7485182514639', '386', 'GA', '2021-06-27', 427.05, 'DC', 28, False),
('5730419762338', '175', 'BaS', '2015-11-02', 0.0, 'DC', 7, False),
('9129540193589', '430', 'GA', '2016-03-01', 136.54, 'DC', 6, False),
('0670920351342', '465', 'GA', '2016-09-04', 162.29, 'DC', 10, False),
('9285924704998', '443', 'GA', '2022-02-24', 470.4, 'CC', 29, False),
('5813854199197', '278', 'GA', '2017-05-21', 73.58, 'BC', 11, False),
('1524254577971', '507', 'GA', '2015-10-30', 297.85, 'NC', 6, False),
('2963762584803', '113', 'GA', '2022-02-19', 152.38, 'BC', 30, False),
('9421815179177', '372', 'GA', '2020-09-25', 331.38, 'CC', 25, False),
('5600402084070', '332', 'GA', '2015-09-26', 490.95, 'DC', 5, False),
('7442834480323', '6', 'GA', '2014-11-08', 60.17, 'NC', 1, False),
('6881775162250', '359', 'BaS', '2016-01-12', 0.0, 'NC', 6, False),
('8175820852320', '221', 'GA', '2015-10-29', 145.17, 'DC', 7, False),
('5131179555899', '336', 'GA', '2018-04-22', 201.04, 'DC', 13, False),
('3124792784994', '493', 'GA', '2016-01-28', 89.7, 'BC', 5, False),
('1352830537033', '77', 'GA', '2018-06-24', 297.16, 'NC', 15, False),
('6105875912309', '488', 'GA', '2016-03-01', 162.89, 'DC', 5, False),
('3742707270440', '159', 'GA', '2022-01-23', 447.68, 'NC', 29, False),
('1602837875100', '133', 'GA', '2020-04-11', 261.56, 'BC', 23, False),
('1935762852731', '454', 'GA', '2019-02-14', 362.66, 'DC', 17, False),
('7792345566679', '16', 'GA', '2020-01-10', 423.06, 'DC', 22, False),
('6391270991419', '202', 'GA', '2014-07-28', 448.29, 'CC', 4, False),
('7988548680179', '437', 'GA', '2022-04-10', 111.8, 'BC', 29, False),
('8004473124191', '595', 'GA', '2018-10-26', 484.33, 'CC', 20, False),
('8933373835994', '549', 'GA', '2019-07-09', 303.6, 'CC', 23, False),
('7133037028106', '3', 'GA', '2019-01-03', 466.01, 'CC', 18, False),
('0969285309322', '198', 'GA', '2019-11-05', 320.68, 'CC', 21, False),
('5302025638345', '194', 'GA', '2014-08-06', 471.17, 'NC', 4, False),
('5764096584764', '303', 'GA', '2015-01-26', 52.49, 'DC', 3, False),
('0536610390318', '147', 'BaS', '2018-12-09', 0.0, 'CC', 20, False),
('9241024231727', '510', 'GA', '2020-01-01', 144.73, 'DC', 23, False),
('7447934974533', '470', 'GA', '2018-09-20', 168.61, 'CC', 20, False),
('2992870177150', '260', 'GA', '2015-12-30', 79.85, 'DC', 8, False),
('4656431208871', '79', 'BaS', '2015-06-24', 0.0, 'NC', 8, False),
('2293478939151', '190', 'GA', '2017-10-15', 435.03, 'NC', 14, False),
('0708701875383', '142', 'GA', '2015-09-17', 468.7, 'NC', 5, False),
('9536232509664', '119', 'GA', '2014-06-08', 412.95, 'CC', 3, False),
('3399210455956', '285', 'GA', '2022-02-17', 490.46, 'CC', 29, False),
('2388076179119', '81', 'GA', '2014-11-08', 255.41, 'CC', 1, False),
('7881431097288', '591', 'BaS', '2019-09-10', 0.0, 'BC', 22, False),
('5310751068729', '284', 'GA', '2018-01-12', 122.96, 'BC', 16, False),
('5896283579687', '217', 'GA', '2021-05-22', 77.6, 'BC', 26, False),
('3145412395752', '143', 'GA', '2017-10-15', 285.7, 'BC', 16, False),
('7860486356661', '141', 'GA', '2019-06-05', 492.23, 'DC', 17, False),
('7203315173838', '358', 'GA', '2017-06-02', 288.2, 'CC', 11, False),
('4765773801079', '320', 'GA', '2022-05-27', 364.36, 'BC', 30, False),
('8619892879854', '60', 'GA', '2017-12-04', 396.73, 'DC', 13, False),
('7178849010699', '553', 'GA', '2021-03-30', 438.32, 'BC', 28, False),
('6171101753322', '123', 'GA', '2017-11-27', 383.05, 'BC', 15, False),
('5982912021101', '505', 'GA', '2014-12-30', 361.16, 'CC', 3, False),
('5524912896586', '281', 'GA', '2019-04-21', 210.86, 'CC', 18, False),
('5914506284545', '580', 'GA', '2017-04-19', 402.72, 'DC', 12, False),
('8638875563624', '356', 'GA', '2020-03-27', 112.29, 'CC', 22, False),
('6474704952358', '490', 'GA', '2014-10-10', 496.3, 'BC', 2, False),
('1963545962907', '44', 'GA', '2015-05-15', 72.83, 'CC', 7, False),
('1788667758439', '93', 'GA', '2019-08-25', 81.63, 'DC', 24, False),
('9953709137456', '335', 'GA', '2019-06-20', 414.73, 'CC', 24, False),
('0273797245076', '411', 'GA', '2018-12-05', 417.51, 'DC', 19, False),
('0239551614140', '309', 'GA', '2016-01-18', 380.17, 'CC', 8, False),
('3202975108985', '172', 'BaS', '2016-11-28', 0.0, 'BC', 12, False),
('0205553965101', '67', 'GA', '2021-01-14', 61.66, 'NC', 25, False),
('1083314636905', '90', 'GA', '2022-10-08', 277.31, 'CC', 29, False),
('8642405881194', '209', 'GA', '2016-03-10', 462.94, 'BC', 7, False),
('6740239083137', '26', 'GA', '2017-01-12', 107.51, 'BC', 9, False),
('9728165411459', '533', 'GA', '2015-08-06', 274.27, 'BC', 7, False),
('4462264113165', '394', 'GA', '2019-01-13', 145.11, 'BC', 17, False),
('2530579199213', '575', 'GA', '2018-08-27', 305.14, 'BC', 17, False),
('0337352235716', '519', 'GA', '2014-04-12', 270.79, 'CC', 3, False),
('1865587213015', '516', 'GA', '2016-02-04', 91.32, 'DC', 6, False),
('4961373871963', '588', 'GA', '2019-04-24', 59.95, 'CC', 19, False),
('8877181937541', '577', 'BaS', '2015-12-07', 0.0, 'CC', 8, False),
('7926047882937', '518', 'GA', '2014-08-10', 210.22, 'BC', 1, False),
('2465025219721', '388', 'GA', '2015-10-30', 184.77, 'CC', 6, False),
('9198591078912', '398', 'GA', '2015-07-31', 54.77, 'NC', 5, False),
('8219796271478', '551', 'GA', '2014-09-01', 198.67, 'BC', 1, False),
('3708724924313', '158', 'GA', '2014-10-02', 459.43, 'CC', 4, False),
('8057737651086', '21', 'BaS', '2014-05-14', 0.0, 'CC', 2, False),
('3346175745809', '442', 'GA', '2018-01-04', 236.02, 'CC', 14, False),
('5594757353763', '75', 'GA', '2019-07-05', 312.56, 'CC', 21, False),
('8490124258196', '38', 'GA', '2015-07-14', 184.26, 'CC', 6, False),
('9607809488117', '270', 'GA', '2015-11-24', 170.01, 'CC', 5, False),
('1619884423085', '134', 'GA', '2018-08-01', 349.21, 'NC', 15, False),
('3728983462257', '174', 'GA', '2018-08-01', 191.23, 'BC', 13, False),
('4568425143592', '107', 'GA', '2019-12-28', 270.86, 'BC', 21, False),
('2058652406276', '151', 'GA', '2015-10-25', 104.43, 'NC', 8, False),
('2078922399760', '207', 'GA', '2017-12-19', 90.16, 'CC', 14, False),
('2487037840721', '512', 'GA', '2021-04-14', 459.03, 'CC', 27, False),
('6304577800102', '150', 'GA', '2020-08-18', 310.37, 'DC', 28, False),
('1135649874526', '126', 'GA', '2014-09-27', 112.15, 'BC', 1, False),
('0744307098461', '211', 'GA', '2015-07-13', 497.4, 'NC', 6, False),
('6471668596180', '139', 'GA', '2021-01-19', 56.48, 'BC', 27, False),
('5363642851098', '389', 'GA', '2021-06-23', 409.41, 'BC', 27, False),
('0652781761696', '222', 'GA', '2017-04-11', 374.14, 'CC', 10, False),
('2289914171102', '250', 'GA', '2019-09-24', 267.51, 'DC', 21, False),
('1441939464213', '255', 'GA', '2019-06-25', 310.5, 'DC', 23, False),
('8519554335687', '97', 'GA', '2016-02-05', 282.4, 'BC', 7, False),
('3060452189612', '5', 'GA', '2020-09-22', 357.6, 'CC', 27, False),
('2887762786495', '458', 'GA', '2016-03-14', 110.85, 'BC', 6, False),
('0905879501484', '264', 'GA', '2019-07-09', 325.51, 'NC', 20, False),
('4332455853460', '196', 'GA', '2015-08-11', 165.2, 'CC', 5, False),
('7813590296941', '467', 'GA', '2014-03-22', 255.08, 'CC', 3, False),
('6908206026697', '576', 'GA', '2014-06-06', 66.76, 'DC', 4, False),
('2267648608992', '573', 'GA', '2019-08-15', 472.51, 'CC', 22, False),
('8474386661743', '223', 'GA', '2020-08-27', 208.37, 'CC', 27, False),
('4498174428102', '148', 'GA', '2019-12-23', 271.52, 'DC', 24, False),
('6792192367173', '91', 'GA', '2014-08-09', 362.41, 'BC', 4, False),
('2849385061953', '539', 'GA', '2018-02-13', 404.11, 'NC', 14, False),
('2414200296064', '404', 'GA', '2019-11-13', 302.08, 'DC', 22, False),
('4017495255529', '36', 'GA', '2015-11-27', 391.91, 'BC', 6, False),
('4914140052446', '241', 'GA', '2014-08-24', 96.63, 'DC', 2, False),
('5623412567668', '128', 'BaS', '2018-06-13', 0.0, 'CC', 16, False),
('7551332028880', '182', 'GA', '2016-08-09', 99.55, 'CC', 9, False),
('3477411629701', '440', 'GA', '2017-01-10', 444.37, 'DC', 12, False),
('4803874646236', '476', 'GA', '2017-06-07', 152.6, 'DC', 9, False),
('6685449068255', '131', 'BaS', '2019-04-26', 0.0, 'DC', 17, False),
('0593369312421', '484', 'GA', '2014-10-09', 184.48, 'DC', 3, False),
('2504162783827', '265', 'GA', '2020-09-19', 334.28, 'DC', 28, False),
('1601047113004', '543', 'GA', '2016-04-15', 124.76, 'DC', 7, False),
('1214680837842', '59', 'GA', '2021-04-23', 370.96, 'NC', 27, False),
('1982913792956', '361', 'GA', '2020-02-09', 240.65, 'CC', 22, False),
('8566235494243', '104', 'GA', '2019-08-17', 199.34, 'BC', 24, False),
('3433093997856', '124', 'GA', '2019-05-11', 278.49, 'NC', 19, False),
('0500772939892', '80', 'GA', '2016-03-25', 418.28, 'NC', 6, False),
('3639323172762', '405', 'GA', '2019-11-03', 242.59, 'BC', 21, False),
('5956351587887', '55', 'GA', '2020-10-20', 471.51, 'BC', 27, False),
('2571440795854', '597', 'GA', '2019-06-02', 471.37, 'CC', 18, False),
('4561480465044', '114', 'GA', '2020-04-09', 106.99, 'BC', 21, False),
('2562169090920', '428', 'GA', '2018-08-03', 120.14, 'NC', 13, False),
('8815477291985', '311', 'GA', '2014-12-31', 152.98, 'BC', 1, False),
('6695169072218', '164', 'GA', '2018-02-15', 315.93, 'NC', 13, False),
('9006894599776', '76', 'GA', '2015-07-03', 219.71, 'DC', 7, False),
('2106952616083', '19', 'GA', '2014-09-07', 306.81, 'DC', 4, False),
('6639103946423', '200', 'BaS', '2018-09-08', 0.0, 'NC', 20, False),
('0917170379578', '234', 'GA', '2014-09-13', 223.65, 'CC', 2, False),
('1783558661131', '153', 'GA', '2019-10-20', 119.82, 'CC', 24, False),
('6119761668235', '83', 'GA', '2017-05-08', 432.52, 'CC', 10, False),
('3287055229709', '495', 'GA', '2017-06-15', 319.51, 'DC', 11, False),
('3186714847004', '531', 'GA', '2018-06-19', 130.36, 'DC', 13, False),
('7047041070955', '530', 'GA', '2018-12-31', 286.7, 'BC', 17, False),
('3489536971068', '49', 'GA', '2016-11-01', 239.81, 'BC', 12, False),
('9552405036064', '273', 'GA', '2020-07-25', 463.88, 'NC', 26, False),
('5262772275658', '456', 'GA', '2018-10-20', 335.73, 'NC', 17, False),
('4514997325240', '559', 'GA', '2015-01-22', 189.71, 'BC', 3, False),
('1496214341910', '452', 'GA', '2018-05-20', 164.57, 'NC', 15, False),
('9347344290236', '441', 'GA', '2015-06-14', 482.2, 'CC', 8, False),
('2325149212419', '536', 'GA', '2014-04-21', 184.34, 'BC', 1, False),
('7049323271342', '312', 'GA', '2022-01-06', 52.14, 'NC', 29, False),
('0122113138364', '261', 'GA', '2016-09-26', 470.68, 'DC', 12, False),
('5943855057573', '600', 'GA', '2016-09-18', 487.59, 'DC', 12, False),
('2342349374114', '421', 'GA', '2018-03-14', 486.42, 'CC', 14, False),
('0938331045936', '297', 'GA', '2014-08-23', 81.59, 'DC', 1, False),
('5325652875275', '140', 'GA', '2021-05-08', 386.31, 'NC', 25, False),
('3334144965616', '253', 'GA', '2015-08-23', 490.85, 'CC', 5, False),
('0215551278846', '348', 'GA', '2022-01-08', 373.22, 'CC', 29, False),
('2084481807657', '548', 'VIP', '2014-08-06', 1064.6, 'CC', 1, False),
('1432622957120', '400', 'GA', '2022-05-03', 291.99, 'DC', 30, False),
('6558887307253', '552', 'GA', '2020-05-16', 307.09, 'BC', 22, False),
('2068133770562', '27', 'GA', '2014-06-28', 63.17, 'CC', 2, False),
('9404841481476', '51', 'GA', '2019-02-04', 117.68, 'BC', 17, False),
('6999112425524', '117', 'GA', '2022-02-02', 95.34, 'CC', 30, False),
('4995185389079', '232', 'GA', '2017-05-30', 223.83, 'DC', 11, False),
('7585628317047', '292', 'GA', '2018-03-22', 206.24, 'DC', 15, False),
('7932184529372', '568', 'GA', '2016-03-12', 109.68, 'DC', 7, False),
('7859946229259', '403', 'GA', '2015-02-02', 412.77, 'CC', 2, False),
('9272619568041', '369', 'GA', '2019-10-04', 178.73, 'BC', 23, False),
('6298998471561', '408', 'GA', '2022-03-31', 211.62, 'CC', 30, False),
('4560238463798', '111', 'GA', '2017-06-25', 56.41, 'DC', 12, False),
('2905667742938', '317', 'GA', '2017-03-09', 353.89, 'DC', 10, False),
('2999974983380', '180', 'GA', '2018-03-19', 365.74, 'DC', 15, False),
('2074616502883', '367', 'GA', '2020-09-18', 455.51, 'CC', 28, False),
('1954494801622', '461', 'GA', '2021-05-10', 429.48, 'CC', 28, False),
('8147508304198', '547', 'GA', '2022-09-29', 433.85, 'BC', 29, False),
('6482608031703', '538', 'GA', '2016-11-08', 53.96, 'CC', 9, False),
('3011374068091', '494', 'GA', '2015-10-05', 176.69, 'CC', 7, False),
('5046144431069', '109', 'GA', '2019-04-05', 323.79, 'CC', 20, False),
('2154992554720', '170', 'GA', '2018-02-12', 277.74, 'NC', 14, False),
('0152855587065', '298', 'GA', '2021-02-01', 104.17, 'BC', 25, False),
('4265255528240', '138', 'GA', '2014-12-13', 332.44, 'NC', 4, False),
('4982355558429', '18', 'GA', '2020-07-25', 428.45, 'NC', 27, False),
('1650541011781', '45', 'GA', '2015-09-02', 242.94, 'BC', 8, False),
('3962744653296', '120', 'GA', '2017-03-04', 251.99, 'DC', 9, False),
('7063674126888', '227', 'VIP', '2017-04-25', 2293.28, 'DC', 11, False),
('9506114970294', '12', 'GA', '2019-02-27', 469.43, 'BC', 17, False),
('2400036756527', '424', 'GA', '2015-07-26', 370.28, 'NC', 8, False),
('2171674669142', '106', 'GA', '2019-04-19', 467.42, 'DC', 18, False),
('7171032099647', '511', 'BaS', '2019-07-24', 0.0, 'NC', 23, False),
('6936073727483', '108', 'GA', '2014-03-30', 287.97, 'NC', 4, False),
('1739988072478', '243', 'GA', '2014-06-25', 159.28, 'CC', 4, False),
('0628350237892', '192', 'GA', '2016-02-05', 260.37, 'BC', 5, False),
('8807760361771', '351', 'GA', '2021-02-23', 454.89, 'NC', 27, False),
('3091689133674', '92', 'GA', '2014-03-21', 169.73, 'DC', 4, False),
('8105175344139', '276', 'GA', '2017-11-04', 488.54, 'CC', 16, False),
('6876456148235', '395', 'GA', '2017-12-04', 283.73, 'DC', 13, False),
('0701684180408', '121', 'GA', '2019-12-19', 59.5, 'NC', 21, False),
('1148830984094', '433', 'GA', '2015-08-19', 351.97, 'BC', 5, False),
('8038895586926', '583', 'GA', '2015-03-19', 311.66, 'CC', 2, False),
('9255971712068', '254', 'GA', '2015-11-11', 155.09, 'BC', 6, False),
('3335477197247', '210', 'GA', '2015-09-10', 297.5, 'BC', 6, False),
('4147082775666', '286', 'GA', '2014-11-22', 143.11, 'DC', 4, False),
('9889419502612', '220', 'GA', '2018-06-06', 97.83, 'BC', 14, False),
('1719847497604', '397', 'GA', '2019-11-12', 449.51, 'NC', 21, False),
('5313125512869', '496', 'GA', '2017-10-29', 123.1, 'CC', 14, False),
('2724058576766', '103', 'BaS', '2014-11-03', 0.0, 'NC', 1, False),
('8957112481788', '431', 'GA', '2017-06-09', 247.26, 'NC', 11, False),
('4507734065838', '189', 'GA', '2015-01-08', 455.93, 'DC', 1, False),
('8909440998512', '71', 'GA', '2017-01-11', 157.21, 'BC', 11, False),
('7725559006431', '149', 'GA', '2015-12-26', 466.33, 'BC', 6, False),
('3170526102509', '535', 'GA', '2018-04-01', 159.65, 'BC', 13, False),
('2646267519881', '110', 'GA', '2017-01-27', 406.79, 'BC', 12, False),
('3606937045768', '517', 'GA', '2014-12-19', 258.64, 'DC', 2, False),
('4145928169533', '545', 'GA', '2020-09-15', 290.36, 'CC', 27, False),
('0357148774625', '529', 'GA', '2017-05-27', 242.29, 'BC', 10, False),
('7008265024687', '47', 'GA', '2022-05-20', 342.58, 'BC', 30, False),
('5844247041120', '96', 'BaS', '2015-05-31', 0.0, 'NC', 6, False),
('9710369143120', '193', 'GA', '2015-10-23', 456.4, 'DC', 6, False),
('6097193287102', '74', 'GA', '2019-05-23', 253.19, 'CC', 17, False),
('9185738341265', '438', 'GA', '2018-02-09', 63.22, 'NC', 14, False),
('7911981436984', '546', 'GA', '2020-08-30', 363.86, 'NC', 27, False),
('4991323415940', '592', 'GA', '2021-12-27', 423.76, 'BC', 30, False),
('3842189069402', '204', 'GA', '2014-12-16', 99.94, 'CC', 1, False),
('2472265615215', '11', 'GA', '2015-03-20', 385.09, 'BC', 2, False),
('0936187241572', '203', 'GA', '2019-07-15', 148.66, 'CC', 21, False),
('7488699991229', '343', 'GA', '2017-12-28', 266.27, 'DC', 14, False),
('0738048691534', '165', 'BaS', '2021-12-25', 0.0, 'NC', 29, False),
('5696184087181', '556', 'GA', '2015-08-10', 175.41, 'NC', 6, False),
('7565883521954', '523', 'GA', '2022-09-20', 436.82, 'NC', 30, False),
('1105245177886', '331', 'GA', '2018-10-19', 260.85, 'DC', 17, False),
('9988091417583', '231', 'BaS', '2017-04-10', 0.0, 'DC', 9, False),
('9288422238459', '66', 'GA', '2014-06-21', 193.37, 'DC', 3, False),
('2973677258266', '248', 'GA', '2019-08-08', 184.02, 'BC', 22, False),
('5870062990490', '279', 'GA', '2016-08-08', 151.61, 'NC', 11, False),
('8074629121529', '272', 'GA', '2016-01-13', 112.87, 'BC', 8, False),
('9091327780227', '125', 'GA', '2018-09-02', 316.32, 'NC', 13, False),
('3654941851583', '73', 'GA', '2019-12-01', 130.74, 'DC', 23, False),
('8385683463592', '137', 'GA', '2016-01-19', 189.86, 'NC', 5, False),
('6254955607790', '379', 'GA', '2019-10-05', 133.06, 'DC', 23, False),
('4625467181938', '15', 'GA', '2019-07-27', 438.42, 'CC', 20, False),
('9903220429551', '185', 'GA', '2017-06-14', 106.3, 'NC', 12, False),
('4292361938352', '419', 'GA', '2017-06-23', 250.89, 'BC', 10, False),
('5480098430992', '481', 'GA', '2019-06-08', 319.67, 'NC', 24, False),
('1195715476571', '282', 'GA', '2015-08-31', 287.46, 'DC', 7, False),
('7749202497566', '522', 'GA', '2019-04-23', 344.04, 'NC', 17, False),
('5834422563314', '555', 'GA', '2014-03-24', 199.43, 'NC', 4, False),
('1532477374218', '589', 'GA', '2019-08-04', 170.43, 'NC', 19, False),
('6561758821551', '64', 'VIP', '2018-02-18', 598.1, 'DC', 16, False),
('0314166166680', '199', 'GA', '2014-07-30', 277.03, 'DC', 2, False),
('9611261632362', '72', 'GA', '2020-03-04', 91.31, 'DC', 22, False),
('3588916555365', '237', 'GA', '2016-12-13', 84.47, 'BC', 11, False),
('1579427167319', '4', 'GA', '2016-01-30', 175.87, 'BC', 7, False),
('9942382199414', '160', 'GA', '2018-03-21', 282.34, 'NC', 14, False),
('4598794442816', '244', 'GA', '2017-11-08', 147.03, 'NC', 14, False),
('4653122191187', '585', 'BaS', '2018-01-18', 0.0, 'BC', 16, False),
('1384192955131', '154', 'GA', '2014-12-21', 298.11, 'NC', 1, False),
('8441675273182', '42', 'GA', '2016-10-27', 180.05, 'DC', 9, False),
('2624034655748', '144', 'GA', '2017-03-06', 192.46, 'NC', 9, False),
('4304022666641', '206', 'GA', '2019-01-01', 267.86, 'NC', 17, False),
('7369281438802', '471', 'VIP', '2014-04-13', 630.35, 'DC', 3, False),
('3419441300364', '34', 'GA', '2020-08-05', 274.18, 'BC', 28, False),
('1208683889652', '86', 'GA', '2021-02-23', 370.48, 'NC', 28, False),
('4836403369495', '307', 'GA', '2022-11-08', 279.35, 'BC', 30, False),
('0174395931735', '377', 'GA', '2019-08-09', 252.26, 'BC', 24, False),
('1878105113836', '275', 'GA', '2020-05-24', 432.04, 'BC', 23, False),
('8954968207478', '300', 'GA', '2015-07-12', 458.94, 'CC', 7, False),
('3421602766019', '43', 'GA', '2021-11-23', 225.26, 'NC', 29, False),
('2684766610559', '46', 'GA', '2019-01-15', 61.0, 'BC', 17, False),
('5040741404085', '263', 'GA', '2020-04-24', 382.32, 'NC', 23, False),
('8047370313231', '306', 'GA', '2014-07-11', 320.8, 'BC', 2, False),
('7296600281325', '593', 'GA', '2019-07-08', 306.07, 'BC', 24, False),
('2914099877018', '69', 'GA', '2018-02-23', 353.06, 'NC', 16, False),
('1211457683059', '330', 'GA', '2019-06-09', 171.98, 'BC', 18, False),
('5393107624066', '352', 'GA', '2019-05-31', 161.5, 'BC', 20, False),
('1635408007470', '329', 'GA', '2017-01-21', 135.21, 'DC', 12, False),
('8110046657126', '554', 'GA', '2015-02-20', 437.1, 'CC', 3, False),
('2685633432334', '269', 'GA', '2015-06-28', 290.59, 'NC', 7, False),
('8998566221496', '301', 'GA', '2017-03-09', 223.05, 'BC', 10, False),
('1082271476548', '477', 'GA', '2018-03-27', 391.73, 'NC', 14, False),
('8798471004949', '256', 'GA', '2020-08-04', 89.28, 'CC', 28, False),
('4981191740589', '381', 'GA', '2019-02-01', 69.21, 'DC', 19, False),
('9781990889759', '392', 'GA', '2019-05-20', 389.2, 'DC', 17, False),
('5017956464658', '527', 'GA', '2016-10-05', 63.93, 'BC', 11, False),
('5331833770667', '41', 'GA', '2019-08-25', 92.26, 'DC', 21, False),
('4339189953996', '350', 'GA', '2017-11-14', 232.16, 'NC', 14, False),
('4193563757075', '561', 'GA', '2016-09-26', 177.12, 'DC', 9, False),
('3817065719047', '274', 'GA', '2020-12-14', 420.75, 'BC', 27, False),
('8438477560512', '98', 'GA', '2021-12-16', 311.28, 'CC', 29, False),
('8130450058748', '99', 'BaS', '2019-06-09', 0.0, 'DC', 22, False),
('8500727410281', '216', 'GA', '2021-12-01', 440.48, 'CC', 30, False),
('1483991837715', '205', 'GA', '2021-03-21', 164.97, 'CC', 28, False),
('8903363655914', '321', 'GA', '2020-04-08', 316.98, 'CC', 21, False),
('7026117694076', '184', 'GA', '2020-10-24', 493.1, 'DC', 25, False),
('8244732832307', '468', 'GA', '2014-09-29', 386.61, 'NC', 4, False),
('9930501644396', '596', 'GA', '2018-04-04', 474.06, 'CC', 16, False),
('2198719784050', '474', 'GA', '2015-12-13', 103.72, 'NC', 5, False);

INSERT INTO evaluation  (artist_performance , sound_lighting, stage_presence, organization, overall_impression) VALUES
(1,2,2,3,2),
(3,5,4,5,4),
(1,2,2,2,1),
(2,2,4,3,5),
(1,5,3,3,1),
(1,1,3,5,4),
(1,5,1,2,1),
(1,1,2,2,5),
(1,2,2,3,5),
(3,2,3,2,5),
(1,2,2,2,1),
(2,5,3,4,4),
(2,5,5,5,5),
(3,3,5,2,5),
(3,2,5,4,1),
(5,3,1,5,5),
(3,4,4,1,2),
(3,5,1,3,4),
(4,4,2,3,3),
(2,3,1,1,4),
(1,5,5,1,5),
(5,1,5,2,3),
(5,5,3,4,1),
(2,2,5,5,3),
(1,3,5,4,4),
(5,3,1,4,5),
(4,5,2,2,4),
(1,2,4,3,1),
(2,3,3,2,3),
(3,3,4,4,2),
(3,2,1,3,5),
(5,2,1,5,4),
(3,2,5,4,5),
(3,2,3,3,3),
(4,3,1,4,3),
(2,3,2,5,2),
(2,3,3,2,5),
(2,1,4,4,5),
(4,4,2,4,5),
(5,3,4,5,4),
(3,1,2,1,3),
(4,3,4,2,3),
(2,2,1,1,4),
(2,1,3,3,3),
(4,3,1,5,5),
(3,1,5,2,1),
(4,4,5,1,2),
(5,3,5,2,4),
(3,4,2,5,3),
(1,3,3,2,2),
(2,5,1,5,3),
(2,2,2,5,4),
(3,2,5,1,3),
(3,2,1,5,3),
(4,4,1,1,1),
(1,2,2,3,5),
(1,1,5,5,4),
(3,4,2,4,1),
(5,5,1,3,4),
(4,4,3,5,1),
(4,4,5,5,4),
(4,2,2,5,2),
(4,1,5,5,2),
(3,4,2,5,1),
(2,3,2,5,3),
(2,3,2,3,3),
(4,3,3,2,2),
(2,3,1,5,1),
(4,4,2,4,5),
(1,3,4,1,3),
(1,5,2,5,4),
(5,2,2,4,3),
(5,1,2,1,5),
(3,5,4,3,5),
(1,1,4,3,4),
(4,3,1,2,4),
(1,2,5,4,1),
(4,1,5,1,3),
(2,3,3,2,5),
(4,2,5,2,4),
(5,3,3,3,5),
(2,5,1,5,1),
(4,2,1,3,3),
(3,3,3,5,4),
(1,3,3,1,1),
(4,2,1,1,3),
(2,5,1,5,2),
(4,4,4,3,2),
(2,1,3,5,4),
(1,3,1,3,5),
(4,4,2,3,1),
(1,3,2,3,1),
(3,2,5,3,3),
(1,1,2,1,5),
(1,4,5,1,2),
(5,1,5,1,2),
(5,3,5,2,2),
(4,3,3,5,3),
(2,3,3,3,1),
(2,2,3,3,4),
(1,2,3,3,3),
(3,4,3,4,5),
(3,2,2,3,4),
(3,3,4,2,4),
(2,2,1,2,3),
(5,3,2,4,3),
(2,4,1,2,5),
(3,5,5,3,2),
(5,3,3,2,3),
(3,2,2,1,3),
(1,4,1,3,3),
(3,2,1,1,4),
(2,4,5,4,2),
(4,2,3,1,5),
(3,4,2,1,4),
(3,3,5,1,5),
(1,3,2,5,5),
(1,5,3,2,1),
(3,3,2,1,1),
(3,3,4,2,1),
(1,4,5,3,1),
(3,3,5,1,1),
(4,2,1,3,1),
(2,2,2,1,4),
(4,3,2,2,2),
(1,1,1,1,5),
(2,2,3,5,3),
(2,4,1,5,2),
(2,1,1,3,5),
(2,3,1,2,2),
(5,4,3,3,4),
(2,3,2,4,3),
(2,2,4,3,5),
(3,1,3,2,5),
(3,5,1,4,2),
(3,4,1,5,4),
(1,2,1,1,5),
(4,2,3,5,5),
(4,2,4,4,5),
(1,1,5,5,3),
(5,5,2,5,3),
(1,4,4,5,1),
(3,4,3,2,3),
(5,1,2,4,1),
(5,2,1,3,1),
(5,1,4,3,4),
(4,1,3,5,3),
(2,2,3,2,4),
(4,4,2,5,4),
(5,3,5,1,2),
(1,2,1,1,5),
(3,3,3,4,1),
(1,4,2,2,1),
(4,4,5,2,3),
(3,3,1,2,4),
(4,1,1,2,3),
(1,3,5,5,5),
(3,3,1,4,3),
(2,2,5,4,5),
(1,4,1,1,4),
(2,5,4,5,1),
(5,4,5,4,3),
(2,2,3,3,3),
(4,2,1,2,2),
(5,1,2,5,2),
(4,5,4,3,4),
(5,3,5,1,5),
(1,2,1,2,1),
(5,1,4,1,3),
(2,1,2,3,5),
(4,1,1,3,5),
(1,3,1,1,5),
(4,2,5,2,2),
(3,5,1,5,5),
(1,1,2,4,4),
(1,4,2,5,3),
(3,4,2,1,4),
(5,2,2,4,3),
(3,2,5,2,4),
(2,1,4,2,5),
(3,2,4,5,4),
(2,3,3,5,1),
(1,1,4,1,3),
(4,1,4,1,1),
(5,2,1,2,2),
(5,4,4,4,5),
(2,5,5,2,4),
(2,1,4,4,1),
(2,2,4,5,5),
(4,4,1,3,4),
(1,4,1,5,5),
(4,1,1,3,2),
(4,4,2,1,3),
(2,1,2,2,5),
(4,3,2,2,1),
(5,1,4,3,3),
(3,3,2,2,3),
(1,5,4,5,5),
(2,1,3,4,4),
(5,5,5,4,1),
(4,4,1,5,5),
(4,4,3,3,3),
(5,5,5,4,4),
(3,3,4,5,4),
(1,2,4,2,1),
(5,3,2,1,3),
(1,4,4,4,2),
(2,4,3,3,5),
(5,1,2,3,4),
(2,2,1,1,1),
(3,3,3,1,1),
(1,2,5,3,4),
(2,4,3,3,5),
(2,1,2,4,5),
(2,2,2,4,4),
(4,2,2,2,4),
(5,3,2,3,2),
(1,2,3,3,5),
(1,1,5,2,1),
(4,4,2,5,2),
(1,1,3,5,4),
(1,5,3,1,2),
(3,3,5,1,1),
(3,3,1,2,2),
(3,5,3,4,2),
(3,1,1,5,3),
(3,5,3,5,4),
(1,4,4,1,5),
(1,2,3,3,4),
(2,5,1,5,2),
(1,4,5,5,4),
(2,1,1,4,2),
(1,5,5,4,5),
(3,4,1,3,2),
(3,4,1,3,2),
(3,1,2,4,1),
(2,5,3,5,1),
(5,4,3,2,1),
(2,3,5,4,1),
(4,2,5,4,3),
(3,3,4,3,2),
(4,2,2,1,2),
(3,3,2,3,4),
(2,1,5,3,5),
(2,2,2,1,2),
(2,2,4,5,2),
(1,2,5,3,1),
(4,1,3,1,4),
(5,1,5,1,4),
(5,1,3,3,5),
(1,1,4,4,4),
(1,2,1,2,3),
(4,5,2,5,2),
(5,3,1,3,3),
(5,1,1,4,3),
(5,1,5,5,2),
(4,3,2,3,1),
(4,3,2,1,4),
(3,2,4,1,1),
(5,5,2,5,2),
(2,1,2,4,1),
(5,1,3,2,1),
(1,2,3,2,4),
(4,5,2,2,2),
(2,2,3,4,5),
(2,5,4,2,5),
(5,4,2,3,2),
(1,4,3,4,1),
(2,4,4,4,3),
(5,3,3,5,3),
(3,3,3,5,2),
(2,4,4,5,3),
(4,1,3,4,1),
(3,3,2,1,1),
(4,2,3,5,5),
(3,4,4,5,4),
(2,2,2,3,3),
(4,1,5,4,2),
(4,5,2,2,1),
(3,5,2,5,1),
(1,1,1,3,5),
(5,1,3,1,3),
(4,5,5,1,3),
(5,2,5,4,5),
(1,2,1,3,1),
(5,3,5,2,1),
(4,3,3,3,5),
(3,1,3,4,5),
(3,1,5,4,1),
(4,2,1,3,3),
(5,2,4,2,5),
(5,3,2,3,5),
(2,3,3,4,2),
(3,5,4,4,5),
(4,2,5,3,3),
(3,2,1,3,5),
(3,3,2,5,3),
(1,4,4,3,2),
(3,5,4,4,1),
(3,1,2,2,1),
(1,4,2,5,5),
(5,2,2,1,2),
(1,5,4,2,2),
(1,1,1,4,2),
(4,5,2,5,2),
(1,3,3,4,3),
(3,5,2,4,3),
(2,2,3,5,4),
(4,4,3,3,3),
(5,3,5,2,4),
(5,4,3,4,4),
(1,3,2,5,3),
(1,4,4,3,5),
(5,4,5,5,1),
(5,2,3,1,2),
(4,3,5,4,5),
(5,1,1,3,5),
(4,3,1,2,5),
(5,5,5,2,1),
(1,2,4,1,4),
(4,3,4,4,5),
(4,3,2,5,1),
(5,4,2,5,2),
(5,4,2,1,5),
(4,5,4,3,2),
(4,2,2,3,1),
(4,1,2,5,3),
(1,5,3,3,3),
(4,4,5,1,5),
(3,3,4,2,5),
(2,1,3,2,3),
(3,5,4,4,3),
(2,5,2,2,3),
(4,5,3,5,3),
(1,5,5,5,1),
(1,1,4,4,3),
(3,3,4,2,1),
(2,4,3,4,2),
(1,3,3,2,1),
(5,3,3,5,5),
(4,1,1,2,4),
(5,3,1,3,3),
(5,3,3,1,3),
(1,1,3,5,3),
(5,4,5,1,2),
(1,2,2,1,3),
(4,2,5,5,1),
(4,4,4,1,5),
(3,4,2,2,5),
(5,3,4,1,1),
(2,1,3,4,1),
(2,1,2,4,5),
(3,3,1,5,2),
(2,5,4,3,2),
(4,4,4,5,2),
(4,1,2,5,1),
(2,1,4,5,5),
(4,3,4,5,3),
(2,3,3,5,3),
(1,3,2,2,5),
(4,4,2,2,4),
(2,5,3,3,3),
(2,1,5,5,3),
(4,5,1,1,5),
(4,3,1,2,3),
(3,3,2,1,4),
(1,5,3,3,4),
(4,2,4,1,1),
(2,5,4,1,4),
(5,3,4,1,3),
(5,3,2,1,2),
(3,4,3,1,5),
(2,1,1,1,2),
(5,1,1,4,1),
(2,3,4,2,2),
(1,5,5,2,2),
(4,1,3,2,1),
(2,3,5,3,5),
(3,5,2,3,4),
(3,4,1,5,1),
(1,3,2,3,1),
(1,3,5,2,4),
(4,2,5,4,5),
(1,1,3,2,1),
(3,5,4,4,2),
(5,5,5,4,4),
(5,2,2,5,3),
(4,5,2,2,2),
(2,3,3,1,5),
(1,1,2,1,4),
(1,4,3,4,4),
(3,4,1,1,1),
(2,3,4,5,2),
(2,1,5,5,2),
(2,4,3,2,1),
(1,3,1,4,3),
(5,5,5,4,2),
(1,2,1,2,3),
(5,1,2,5,4),
(2,4,1,2,3),
(3,3,1,3,2),
(1,2,3,4,3),
(2,2,4,3,5),
(3,1,2,3,4),
(3,1,2,4,4),
(5,5,3,2,3),
(1,2,1,4,5),
(1,5,5,3,5),
(2,3,5,2,1),
(5,4,2,5,5),
(2,3,2,2,3),
(5,2,5,4,4),
(4,1,1,2,4),
(1,1,2,3,4),
(2,1,5,1,3),
(3,5,2,3,3),
(1,2,2,4,1),
(1,1,2,1,5),
(5,5,2,1,4),
(4,4,4,4,2),
(4,1,1,1,1),
(5,5,2,3,4),
(4,1,5,4,1),
(2,2,2,1,5),
(4,2,1,3,1),
(4,5,3,2,1),
(5,1,4,2,2),
(3,2,5,5,2),
(3,5,3,3,2),
(2,2,1,3,1),
(4,2,2,3,1),
(1,3,1,1,4),
(5,4,4,2,3),
(4,2,1,2,2),
(3,5,2,4,1),
(3,2,4,5,5),
(5,3,5,2,2),
(5,3,3,4,2),
(1,1,1,5,3),
(3,1,5,4,5),
(1,5,1,2,4),
(4,1,5,5,5),
(2,4,3,3,3),
(1,1,4,4,5),
(5,1,3,5,5),
(2,3,4,3,4),
(5,2,4,5,4),
(5,2,2,2,3),
(5,1,4,2,3),
(4,1,1,1,1),
(2,1,1,5,4),
(4,5,1,5,3),
(3,1,4,1,2),
(3,3,5,2,1),
(5,2,4,1,4),
(3,1,3,3,3),
(3,1,5,5,5),
(5,2,4,1,3),
(4,4,5,5,3),
(2,5,4,4,2),
(5,5,1,1,5),
(1,3,5,3,4),
(4,5,5,3,5),
(4,2,5,4,3),
(3,1,3,1,4),
(4,2,3,4,3),
(2,1,2,3,4),
(2,1,2,1,4),
(3,2,1,5,2),
(1,1,5,3,4),
(1,2,2,5,1),
(3,1,1,2,2),
(5,2,3,3,3),
(2,1,4,5,3),
(2,1,1,4,1),
(2,2,2,4,3),
(3,5,4,2,3),
(4,5,5,2,5),
(1,1,2,5,4),
(3,5,5,3,1),
(5,1,1,4,4),
(4,4,1,3,2),
(4,3,5,4,4),
(4,1,4,3,4),
(2,4,1,3,4),
(2,3,2,2,4),
(4,3,1,1,5),
(3,3,2,5,4),
(2,3,5,1,1),
(5,1,2,4,4),
(5,1,3,2,4),
(4,4,1,2,4),
(5,5,5,3,4),
(2,3,5,2,4),
(3,5,4,5,4),
(1,5,4,4,3),
(2,2,1,4,5),
(2,3,4,1,3),
(2,5,5,5,2),
(3,1,4,4,5),
(2,1,4,5,4),
(1,1,2,4,1),
(2,4,3,4,4),
(2,4,5,1,5),
(1,4,4,3,5),
(4,4,1,2,1),
(4,5,4,1,5),
(5,3,4,5,3),
(5,4,3,1,3),
(4,5,2,2,3),
(1,2,1,4,4),
(4,3,5,3,4),
(3,4,1,1,4),
(4,5,4,4,2),
(3,4,1,4,5),
(5,5,2,4,1),
(5,3,5,1,1),
(2,1,3,2,1),
(5,4,4,4,4),
(5,4,5,1,2),
(4,2,3,2,1),
(4,1,2,3,5),
(2,5,5,1,1),
(2,2,3,5,5),
(5,3,1,5,3),
(5,2,2,5,2),
(4,3,5,3,1),
(4,5,2,1,1),
(3,4,3,3,5),
(3,5,5,1,3),
(1,1,5,5,1),
(1,5,2,2,4),
(5,5,4,3,3),
(4,3,4,4,2),
(1,4,4,1,2),
(2,4,2,3,4),
(1,1,5,3,3),
(1,5,3,3,4),
(5,4,5,4,2),
(4,5,1,3,2),
(2,3,1,3,1),
(1,4,1,1,2),
(3,3,3,1,2),
(1,4,2,3,1),
(5,1,1,2,3),
(5,5,4,2,5),
(1,3,2,1,3),
(2,4,5,1,3),
(2,1,4,4,5),
(2,2,5,5,5),
(1,3,4,2,3),
(1,2,1,3,3),
(3,4,4,2,3),
(4,1,5,2,2),
(4,3,2,4,1),
(1,5,5,5,5),
(4,5,4,5,2),
(2,5,1,1,1),
(2,5,2,3,5),
(4,4,2,5,5),
(3,3,3,4,2),
(1,1,3,4,2),
(4,3,4,3,1),
(5,5,3,1,5),
(2,5,3,1,2),
(3,2,2,5,4),
(2,3,3,4,3),
(5,1,3,2,2),
(2,1,4,5,2),
(1,2,5,3,5),
(1,1,2,1,4),
(4,3,3,4,3),
(4,2,5,3,1),
(3,4,1,2,1),
(2,1,3,2,2),
(2,3,3,5,1),
(1,1,3,5,1),
(3,5,5,5,4),
(3,1,2,5,5),
(2,5,1,2,1),
(2,5,5,2,4),
(5,1,5,5,5),
(3,3,1,5,5),
(4,1,2,4,3),
(4,4,1,2,2),
(3,4,4,2,1),
(5,4,1,3,4),
(1,1,1,4,4),
(1,3,3,1,4),
(2,2,3,5,5),
(5,4,2,4,4),
(3,4,1,4,2),
(2,3,1,4,1),
(4,1,2,4,2),
(5,1,2,2,3),
(4,1,3,3,3),
(5,4,5,2,2),
(2,2,2,3,1),
(1,3,3,1,4),
(3,1,3,2,3),
(5,1,4,3,1),
(1,2,5,2,4),
(5,3,1,5,2),
(5,3,3,5,5),
(2,4,1,5,5),
(1,1,3,2,2),
(4,3,5,5,4),
(4,1,3,1,5),
(4,1,3,4,1),
(5,1,5,3,1),
(1,5,3,5,1),
(2,3,3,1,3),
(4,1,1,1,3),
(5,2,5,5,4),
(2,4,5,2,3),
(2,1,1,1,1),
(2,3,4,1,2),
(2,2,2,4,5),
(5,3,3,3,3),
(1,5,4,3,4),
(1,2,4,5,1),
(4,1,2,1,1),
(3,4,1,4,5),
(1,2,2,3,5),
(3,5,2,4,3),
(1,2,3,5,3),
(1,4,1,1,1),
(2,1,4,2,3),
(5,5,4,1,1),
(1,1,5,5,1),
(1,2,1,2,1),
(3,4,3,2,3),
(2,2,2,4,3),
(3,5,3,3,3),
(1,4,1,1,4),
(2,2,2,4,2),
(3,5,2,4,3),
(1,2,2,3,1),
(3,3,3,4,5),
(2,3,3,1,4),
(3,3,3,4,4),
(2,5,1,4,1),
(2,1,2,2,5),
(2,4,1,3,1),
(5,4,3,4,5),
(5,2,3,2,3),
(1,1,1,5,3),
(5,5,4,2,3),
(5,3,4,4,5),
(3,2,5,4,4);

INSERT INTO rates (visitor_id, performance_id, evaluation_id, rating_date) VALUES
(126, 92, 1, '2019-05-01'),
(394, 45, 2, '2017-01-30'),
(300, 2, 3, '2016-05-24'),
(380, 36, 4, '2017-01-25'),
(88, 145, 5, '2022-10-30'),
(530, 173, 6, '2023-06-02'),
(171, 16, 7, '2015-10-28'),
(214, 16, 8, '2015-06-28'),
(44, 51, 9, '2018-07-09'),
(590, 80, 10, '2019-08-01'),
(251, 148, 11, '2021-12-22'),
(91, 70, 12, '2018-06-02'),
(172, 166, 13, '2021-11-02'),
(225, 35, 14, '2017-03-02'),
(563, 178, 15, '2023-07-26'),
(512, 107, 16, '2020-05-06'),
(328, 166, 17, '2021-09-02'),
(107, 105, 18, '2020-12-30'),
(492, 91, 19, '2019-12-18'),
(186, 112, 20, '2019-09-29'),
(3, 175, 21, '2023-12-17'),
(298, 171, 22, '2023-08-01'),
(147, 32, 23, '2017-05-12'),
(145, 18, 24, '2015-12-30'),
(208, 94, 25, '2019-06-17'),
(157, 125, 26, '2021-07-07'),
(36, 157, 27, '2022-10-11'),
(339, 70, 28, '2017-11-16'),
(485, 122, 29, '2020-06-28'),
(42, 40, 30, '2017-01-27'),
(436, 64, 31, '2018-10-10'),
(340, 164, 32, '2021-09-26'),
(101, 48, 33, '2018-01-14'),
(600, 146, 34, '2021-11-26'),
(168, 128, 35, '2021-04-18'),
(583, 32, 36, '2017-08-16'),
(515, 114, 37, '2020-01-03'),
(580, 137, 38, '2020-11-05'),
(587, 101, 39, '2020-02-28'),
(121, 45, 40, '2017-07-18'),
(550, 105, 41, '2020-06-03'),
(39, 9, 42, '2016-07-09'),
(95, 14, 43, '2016-04-14'),
(377, 175, 44, '2023-12-08'),
(8, 26, 45, '2016-05-11'),
(104, 5, 46, '2016-03-05'),
(342, 166, 47, '2021-09-07'),
(431, 177, 48, '2023-11-22'),
(73, 50, 49, '2017-10-15'),
(500, 66, 50, '2018-04-04'),
(260, 2, 51, '2015-05-25'),
(55, 9, 52, '2016-06-03'),
(48, 119, 53, '2020-07-10'),
(204, 115, 54, '2020-01-02'),
(538, 35, 55, '2017-03-19'),
(246, 132, 56, '2021-08-26'),
(472, 48, 57, '2018-03-17'),
(547, 42, 58, '2017-03-19'),
(403, 176, 59, '2023-10-20'),
(6, 153, 60, '2021-07-17'),
(568, 22, 61, '2015-06-17'),
(52, 162, 62, '2021-08-07'),
(265, 20, 63, '2016-08-19'),
(180, 69, 64, '2018-03-19'),
(343, 173, 65, '2023-10-08'),
(99, 79, 66, '2019-02-17'),
(548, 66, 67, '2017-10-16'),
(114, 104, 68, '2020-12-16'),
(491, 169, 69, '2023-08-02'),
(79, 170, 70, '2023-08-08'),
(215, 139, 71, '2021-10-27'),
(422, 22, 72, '2015-10-11'),
(501, 80, 73, '2019-04-08'),
(561, 37, 74, '2016-06-06'),
(56, 125, 75, '2021-04-09'),
(102, 5, 76, '2016-12-03'),
(130, 61, 77, '2018-08-25'),
(455, 112, 78, '2020-11-29'),
(505, 35, 79, '2016-11-12'),
(596, 34, 80, '2017-07-14'),
(320, 84, 81, '2019-04-01'),
(287, 133, 82, '2020-11-26'),
(569, 70, 83, '2018-05-17'),
(314, 1, 84, '2016-08-25'),
(187, 66, 85, '2017-11-11'),
(47, 69, 86, '2018-08-27'),
(54, 170, 87, '2023-11-02'),
(313, 70, 88, '2018-04-27'),
(489, 115, 89, '2019-10-18'),
(84, 53, 90, '2018-06-06'),
(268, 167, 91, '2022-04-25'),
(387, 22, 92, '2016-05-24'),
(558, 167, 93, '2022-06-11'),
(278, 96, 94, '2019-07-01'),
(330, 55, 95, '2018-07-29'),
(327, 77, 96, '2019-07-20'),
(290, 21, 97, '2015-11-09'),
(427, 21, 98, '2015-08-19'),
(459, 130, 99, '2021-10-12'),
(61, 44, 100, '2017-02-11'),
(346, 50, 101, '2018-01-16'),
(283, 100, 102, '2020-06-09'),
(302, 14, 103, '2016-03-03'),
(280, 117, 104, '2020-09-27'),
(141, 85, 105, '2019-10-03'),
(222, 152, 106, '2022-10-30'),
(441, 15, 107, '2016-09-20'),
(220, 13, 108, '2015-04-29'),
(20, 92, 109, '2019-08-14'),
(49, 29, 110, '2016-11-07'),
(64, 159, 111, '2022-01-06'),
(366, 62, 112, '2018-11-29'),
(478, 85, 113, '2019-03-29'),
(448, 70, 114, '2018-06-22'),
(112, 49, 115, '2018-11-22'),
(482, 36, 116, '2017-08-20'),
(373, 124, 117, '2020-08-17'),
(218, 123, 118, '2020-11-30'),
(183, 60, 119, '2017-08-31'),
(115, 18, 120, '2016-08-01'),
(194, 136, 121, '2021-03-27'),
(70, 157, 122, '2022-07-10'),
(407, 51, 123, '2018-10-13'),
(166, 91, 124, '2019-06-06'),
(92, 104, 125, '2019-12-03'),
(221, 94, 126, '2019-12-03'),
(379, 105, 127, '2020-06-24'),
(173, 168, 128, '2022-10-06'),
(31, 133, 129, '2021-03-30'),
(375, 75, 130, '2019-04-09'),
(508, 55, 131, '2018-11-06'),
(370, 4, 132, '2016-05-05'),
(53, 99, 133, '2019-10-22'),
(301, 148, 134, '2022-04-26'),
(454, 4, 135, '2015-08-27'),
(552, 152, 136, '2022-05-22'),
(381, 151, 137, '2021-11-30'),
(450, 108, 138, '2020-12-28'),
(371, 91, 139, '2019-09-30'),
(412, 53, 140, '2018-07-06'),
(509, 115, 141, '2020-01-29'),
(335, 101, 142, '2020-01-11'),
(575, 6, 143, '2015-11-10'),
(129, 33, 144, '2017-06-05'),
(517, 82, 145, '2019-04-10'),
(87, 152, 146, '2021-09-29'),
(274, 127, 147, '2020-07-23'),
(65, 102, 148, '2020-10-04'),
(433, 62, 149, '2018-11-22'),
(562, 20, 150, '2016-09-26'),
(227, 10, 151, '2016-12-08'),
(119, 147, 152, '2022-02-09'),
(430, 81, 153, '2019-06-16'),
(426, 74, 154, '2019-04-13'),
(444, 3, 155, '2016-08-01'),
(127, 157, 156, '2021-09-07'),
(464, 43, 157, '2017-05-06'),
(544, 104, 158, '2019-10-06'),
(232, 129, 159, '2020-06-19'),
(372, 55, 160, '2018-02-23'),
(5, 1, 161, '2016-04-23'),
(545, 139, 162, '2021-07-26'),
(555, 170, 163, '2023-10-02'),
(312, 55, 164, '2018-07-15'),
(359, 179, 165, '2023-01-27'),
(237, 87, 166, '2019-05-22'),
(457, 64, 167, '2018-02-20'),
(212, 130, 168, '2020-10-21'),
(577, 85, 169, '2019-05-14'),
(549, 107, 170, '2020-04-21'),
(572, 14, 171, '2016-12-07'),
(226, 27, 172, '2017-08-19'),
(163, 79, 173, '2019-06-27'),
(13, 129, 174, '2021-02-13'),
(18, 80, 175, '2019-10-03'),
(160, 51, 176, '2018-05-14'),
(537, 81, 177, '2019-02-27'),
(105, 117, 178, '2020-08-24'),
(367, 113, 179, '2020-01-10'),
(159, 160, 180, '2022-03-18'),
(244, 141, 181, '2021-02-05'),
(447, 114, 182, '2020-04-12'),
(120, 33, 183, '2017-05-24'),
(263, 21, 184, '2015-07-01'),
(400, 158, 185, '2022-06-03'),
(304, 72, 186, '2019-09-07'),
(334, 46, 187, '2016-07-02'),
(424, 139, 188, '2021-02-25'),
(169, 10, 189, '2015-05-02'),
(578, 20, 190, '2015-10-18'),
(261, 144, 191, '2022-06-29'),
(71, 31, 192, '2016-08-12'),
(460, 166, 193, '2022-02-21'),
(322, 105, 194, '2020-03-21'),
(393, 174, 195, '2023-06-12'),
(345, 180, 196, '2023-11-23'),
(329, 157, 197, '2021-10-09'),
(111, 27, 198, '2016-09-15'),
(58, 32, 199, '2017-06-05'),
(579, 166, 200, '2021-08-01'),
(256, 13, 201, '2015-11-05'),
(318, 64, 202, '2018-01-05'),
(200, 83, 203, '2019-09-01'),
(310, 170, 204, '2023-10-18'),
(272, 167, 205, '2022-10-06'),
(405, 69, 206, '2017-12-25'),
(417, 175, 207, '2022-12-16'),
(76, 56, 208, '2018-11-24'),
(418, 175, 209, '2023-06-16'),
(546, 7, 210, '2015-06-13'),
(81, 141, 211, '2021-09-13'),
(136, 58, 212, '2017-12-18'),
(94, 119, 213, '2021-05-19'),
(308, 4, 214, '2016-08-14'),
(37, 68, 215, '2017-11-21'),
(33, 67, 216, '2018-11-06'),
(529, 134, 217, '2020-09-16'),
(38, 156, 218, '2022-06-21'),
(439, 50, 219, '2018-04-03'),
(277, 168, 220, '2022-12-12'),
(19, 159, 221, '2022-05-29'),
(22, 127, 222, '2020-11-02'),
(72, 103, 223, '2020-01-21'),
(316, 34, 224, '2017-01-01'),
(216, 109, 225, '2020-06-12'),
(132, 141, 226, '2021-02-09'),
(576, 82, 227, '2018-12-10'),
(487, 175, 228, '2023-02-12'),
(586, 47, 229, '2016-09-22'),
(420, 66, 230, '2018-07-03'),
(510, 20, 231, '2015-09-14'),
(144, 47, 232, '2017-04-22'),
(150, 59, 233, '2017-12-18'),
(389, 3, 234, '2016-10-28'),
(62, 20, 235, '2015-05-24'),
(560, 145, 236, '2022-08-24'),
(108, 46, 237, '2016-08-10'),
(161, 70, 238, '2018-05-25'),
(123, 166, 239, '2022-07-01'),
(507, 151, 240, '2021-07-20'),
(453, 123, 241, '2021-01-23'),
(131, 121, 242, '2021-06-04'),
(282, 59, 243, '2018-05-09'),
(350, 161, 244, '2021-10-23'),
(29, 172, 245, '2023-09-09'),
(116, 70, 246, '2018-10-18'),
(368, 25, 247, '2017-12-22'),
(506, 8, 248, '2016-11-13'),
(199, 71, 249, '2017-10-14'),
(195, 114, 250, '2019-09-04'),
(446, 29, 251, '2017-04-01'),
(513, 165, 252, '2021-09-19'),
(539, 148, 253, '2021-07-22'),
(241, 160, 254, '2022-09-06'),
(97, 58, 255, '2018-10-17'),
(462, 42, 256, '2017-03-30'),
(479, 172, 257, '2023-09-26'),
(503, 155, 258, '2022-10-05'),
(435, 101, 259, '2020-09-21'),
(192, 113, 260, '2020-05-01'),
(315, 103, 261, '2020-04-26'),
(68, 171, 262, '2023-05-02'),
(554, 106, 263, '2020-07-10'),
(32, 58, 264, '2017-12-25'),
(137, 76, 265, '2019-01-22'),
(317, 99, 266, '2019-09-25'),
(469, 73, 267, '2019-11-01'),
(336, 7, 268, '2016-12-10'),
(305, 24, 269, '2017-06-23'),
(392, 26, 270, '2017-07-18'),
(134, 47, 271, '2016-08-08'),
(89, 99, 272, '2020-06-16'),
(74, 3, 273, '2016-08-29'),
(138, 62, 274, '2017-09-25'),
(598, 120, 275, '2021-05-01'),
(413, 2, 276, '2016-02-06'),
(493, 137, 277, '2021-06-15'),
(499, 137, 278, '2021-10-31'),
(67, 136, 279, '2020-11-07'),
(511, 31, 280, '2016-07-23'),
(333, 94, 281, '2019-03-23'),
(11, 102, 282, '2019-09-03'),
(17, 98, 283, '2020-04-03'),
(28, 8, 284, '2016-08-18'),
(63, 152, 285, '2022-02-23'),
(425, 173, 286, '2023-06-25'),
(443, 37, 287, '2017-09-17'),
(276, 141, 288, '2020-08-29'),
(385, 147, 289, '2022-04-29'),
(66, 167, 290, '2021-12-23'),
(2, 8, 291, '2015-07-15'),
(98, 163, 292, '2021-12-02'),
(50, 8, 293, '2015-05-01'),
(103, 163, 294, '2021-11-07'),
(125, 18, 295, '2015-05-31'),
(356, 43, 296, '2016-10-27'),
(228, 93, 297, '2019-04-29'),
(213, 133, 298, '2020-12-02'),
(471, 74, 299, '2018-12-28'),
(57, 138, 300, '2020-06-25'),
(165, 51, 301, '2018-08-08'),
(419, 130, 302, '2020-06-17'),
(196, 94, 303, '2019-03-15'),
(158, 37, 304, '2016-05-11'),
(594, 69, 305, '2017-11-13'),
(219, 27, 306, '2017-11-13'),
(384, 67, 307, '2018-12-20'),
(239, 150, 308, '2021-11-24'),
(198, 54, 309, '2017-10-22'),
(10, 15, 310, '2016-06-13'),
(398, 153, 311, '2022-07-03'),
(234, 180, 312, '2023-06-13'),
(396, 63, 313, '2018-03-29'),
(355, 104, 314, '2020-09-11'),
(59, 104, 315, '2020-11-19'),
(303, 175, 316, '2023-07-22'),
(532, 112, 317, '2020-09-18'),
(363, 20, 318, '2016-07-15'),
(7, 86, 319, '2019-08-24'),
(362, 62, 320, '2018-02-24'),
(519, 44, 321, '2017-06-14'),
(416, 170, 322, '2023-12-12'),
(175, 11, 323, '2015-09-12'),
(477, 10, 324, '2016-01-17'),
(498, 112, 325, '2019-10-04'),
(110, 4, 326, '2016-09-22'),
(475, 80, 327, '2019-02-10'),
(344, 62, 328, '2018-06-23'),
(571, 163, 329, '2022-12-24'),
(133, 144, 330, '2021-12-04'),
(113, 118, 331, '2020-07-31'),
(285, 161, 332, '2022-04-17'),
(46, 7, 333, '2015-12-03'),
(174, 1, 334, '2015-12-16'),
(452, 46, 335, '2017-06-18'),
(534, 175, 336, '2023-04-17'),
(468, 79, 337, '2019-02-21'),
(248, 171, 338, '2023-09-01'),
(591, 146, 339, '2022-02-20'),
(288, 39, 340, '2016-09-29'),
(533, 123, 341, '2021-06-10'),
(390, 14, 342, '2015-08-13'),
(348, 106, 343, '2020-11-21'),
(476, 162, 344, '2022-08-31'),
(331, 87, 345, '2019-07-26'),
(189, 26, 346, '2016-07-04'),
(463, 108, 347, '2020-03-28'),
(597, 66, 348, '2018-04-03'),
(306, 25, 349, '2016-12-26'),
(480, 79, 350, '2019-05-08'),
(323, 168, 351, '2021-12-20'),
(449, 156, 352, '2022-09-30'),
(205, 41, 353, '2017-11-24'),
(267, 37, 354, '2016-09-24'),
(206, 25, 355, '2017-10-05'),
(152, 170, 356, '2023-02-04'),
(358, 103, 357, '2020-12-06'),
(85, 110, 358, '2020-04-30'),
(21, 53, 359, '2018-02-15'),
(69, 167, 360, '2021-10-23'),
(297, 63, 361, '2018-04-25'),
(573, 163, 362, '2022-09-27'),
(474, 140, 363, '2020-07-28'),
(470, 15, 364, '2015-11-04'),
(488, 7, 365, '2015-05-25'),
(352, 94, 366, '2019-07-17'),
(139, 36, 367, '2016-07-07'),
(106, 121, 368, '2021-04-02'),
(43, 75, 369, '2019-02-07'),
(202, 99, 370, '2019-09-18'),
(86, 12, 371, '2016-04-04'),
(122, 61, 372, '2017-11-09'),
(535, 40, 373, '2016-09-13'),
(242, 70, 374, '2018-10-31'),
(296, 93, 375, '2019-03-19'),
(83, 87, 376, '2019-06-25'),
(201, 34, 377, '2017-04-09'),
(559, 31, 378, '2016-12-13'),
(592, 84, 379, '2019-01-13'),
(361, 22, 380, '2015-11-19'),
(360, 142, 381, '2021-11-26'),
(182, 130, 382, '2021-07-27'),
(254, 49, 383, '2018-08-17'),
(162, 108, 384, '2020-02-06'),
(191, 158, 385, '2021-12-06'),
(128, 103, 386, '2020-07-22'),
(188, 91, 387, '2019-10-15'),
(240, 5, 388, '2015-11-21'),
(332, 21, 389, '2015-09-11'),
(486, 96, 390, '2019-01-01'),
(40, 169, 391, '2023-05-11'),
(397, 176, 392, '2023-02-21'),
(524, 110, 393, '2020-09-02'),
(376, 77, 394, '2018-11-26'),
(399, 7, 395, '2015-07-21'),
(16, 94, 396, '2018-11-12'),
(391, 68, 397, '2017-09-13'),
(458, 104, 398, '2020-03-08'),
(404, 13, 399, '2015-04-10'),
(324, 137, 400, '2021-06-21'),
(27, 160, 401, '2022-01-19'),
(364, 117, 402, '2020-03-22'),
(325, 12, 403, '2015-11-11'),
(257, 111, 404, '2020-08-06'),
(411, 65, 405, '2018-06-29'),
(565, 82, 406, '2019-07-04'),
(523, 28, 407, '2017-05-10'),
(100, 158, 408, '2021-08-26'),
(140, 135, 409, '2020-07-12'),
(148, 32, 410, '2016-08-16'),
(518, 98, 411, '2020-07-10'),
(185, 30, 412, '2016-08-08'),
(481, 52, 413, '2018-08-09'),
(564, 83, 414, '2019-03-09'),
(338, 45, 415, '2017-03-24'),
(210, 116, 416, '2020-11-06'),
(484, 105, 417, '2020-01-13'),
(536, 102, 418, '2019-09-10'),
(406, 93, 419, '2019-06-28'),
(495, 114, 420, '2019-10-17'),
(521, 118, 421, '2019-10-10'),
(203, 169, 422, '2023-11-11'),
(414, 120, 423, '2021-08-15'),
(341, 149, 424, '2021-09-15'),
(516, 85, 425, '2019-11-06'),
(109, 135, 426, '2020-10-02'),
(236, 106, 427, '2020-08-11'),
(275, 60, 428, '2017-09-04'),
(264, 41, 429, '2017-02-14'),
(156, 66, 430, '2017-11-11'),
(382, 131, 431, '2021-03-14'),
(118, 147, 432, '2022-04-19'),
(190, 11, 433, '2015-04-27'),
(143, 159, 434, '2022-03-09'),
(311, 107, 435, '2020-06-22'),
(238, 172, 436, '2023-12-04'),
(231, 177, 437, '2023-08-23'),
(155, 43, 438, '2017-06-03'),
(142, 120, 439, '2021-04-15'),
(4, 85, 440, '2019-11-17'),
(184, 82, 441, '2019-04-29'),
(349, 1, 442, '2016-09-01'),
(581, 100, 443, '2019-11-14'),
(193, 64, 444, '2018-06-22'),
(543, 137, 445, '2021-10-24'),
(494, 141, 446, '2021-03-09'),
(170, 34, 447, '2016-06-13'),
(599, 94, 448, '2018-11-10'),
(347, 131, 449, '2021-07-30'),
(77, 110, 450, '2020-06-18'),
(293, 106, 451, '2020-10-26'),
(522, 43, 452, '2016-09-03'),
(258, 66, 453, '2018-06-25'),
(582, 171, 454, '2022-12-13'),
(496, 128, 455, '2021-11-09'),
(149, 12, 456, '2016-09-28'),
(60, 65, 457, '2018-12-10'),
(525, 119, 458, '2020-11-07'),
(284, 163, 459, '2021-10-07'),
(556, 67, 460, '2017-11-03'),
(438, 167, 461, '2022-05-31'),
(540, 31, 462, '2017-04-08'),
(34, 127, 463, '2020-09-08'),
(211, 7, 464, '2016-07-07'),
(567, 111, 465, '2020-07-02'),
(24, 133, 466, '2021-06-21'),
(181, 178, 467, '2023-07-24'),
(249, 43, 468, '2017-04-18'),
(259, 21, 469, '2016-10-31'),
(553, 38, 470, '2017-03-28'),
(253, 53, 471, '2018-08-06'),
(164, 30, 472, '2016-12-14'),
(151, 120, 473, '2021-10-30'),
(289, 127, 474, '2020-12-01'),
(179, 88, 475, '2019-07-21'),
(153, 169, 476, '2023-05-06'),
(415, 77, 477, '2019-02-07'),
(96, 127, 478, '2020-06-06'),
(51, 69, 479, '2017-09-17'),
(528, 145, 480, '2022-11-03'),
(451, 64, 481, '2018-04-28'),
(465, 8, 482, '2016-12-07'),
(421, 26, 483, '2016-11-13'),
(428, 1, 484, '2015-08-19'),
(93, 55, 485, '2017-12-07'),
(124, 62, 486, '2017-12-02'),
(207, 70, 487, '2018-06-09'),
(585, 171, 488, '2023-05-21'),
(502, 120, 489, '2021-12-08'),
(402, 27, 490, '2017-07-20'),
(299, 110, 491, '2020-10-09'),
(473, 17, 492, '2016-07-25'),
(434, 9, 493, '2016-08-21'),
(14, 82, 494, '2019-03-09'),
(245, 46, 495, '2017-07-30'),
(281, 145, 496, '2022-05-16'),
(557, 169, 497, '2023-05-28'),
(542, 87, 498, '2019-02-15'),
(295, 172, 499, '2023-07-17'),
(82, 71, 500, '2017-09-22'),
(467, 115, 501, '2020-07-08'),
(286, 135, 502, '2021-12-21'),
(319, 13, 503, '2015-11-23'),
(177, 113, 504, '2020-07-30'),
(353, 128, 505, '2021-11-11'),
(527, 155, 506, '2022-03-30'),
(526, 68, 507, '2018-03-02'),
(279, 130, 508, '2021-09-07'),
(326, 85, 509, '2019-04-23'),
(437, 130, 510, '2021-11-23'),
(354, 8, 511, '2016-02-08'),
(146, 48, 512, '2018-12-23'),
(217, 104, 513, '2020-03-24'),
(80, 170, 514, '2023-01-21'),
(442, 121, 515, '2021-10-07'),
(456, 44, 516, '2017-04-28'),
(423, 30, 517, '2016-11-08'),
(26, 127, 518, '2021-11-13'),
(466, 120, 519, '2021-08-11'),
(593, 98, 520, '2020-04-03'),
(75, 109, 521, '2019-09-22'),
(365, 7, 522, '2016-04-25'),
(243, 173, 523, '2023-01-08'),
(589, 142, 524, '2021-08-03'),
(570, 173, 525, '2023-11-28'),
(531, 37, 526, '2017-09-05'),
(117, 104, 527, '2020-07-05'),
(176, 89, 528, '2019-04-19'),
(197, 169, 529, '2023-06-04'),
(9, 69, 530, '2018-10-02'),
(178, 145, 531, '2021-09-15'),
(551, 30, 532, '2017-02-16'),
(445, 162, 533, '2022-02-07'),
(30, 156, 534, '2022-03-24'),
(595, 30, 535, '2017-11-03'),
(432, 80, 536, '2019-11-24'),
(461, 93, 537, '2019-10-25'),
(351, 44, 538, '2016-08-15'),
(35, 150, 539, '2022-01-19'),
(307, 84, 540, '2019-06-18'),
(497, 23, 541, '2016-02-16'),
(378, 95, 542, '2019-10-26'),
(409, 114, 543, '2019-08-27'),
(574, 143, 544, '2021-09-29'),
(408, 51, 545, '2018-08-06'),
(271, 4, 546, '2016-06-01'),
(514, 71, 547, '2017-11-24'),
(78, 106, 548, '2020-09-08'),
(395, 178, 549, '2023-07-21'),
(12, 154, 550, '2022-03-02'),
(410, 50, 551, '2018-11-04'),
(167, 9, 552, '2015-06-13'),
(309, 104, 553, '2019-12-08'),
(490, 95, 554, '2019-07-23'),
(250, 31, 555, '2017-10-27'),
(1, 45, 556, '2017-02-07'),
(337, 114, 557, '2020-07-10'),
(45, 85, 558, '2019-07-27'),
(25, 173, 559, '2023-08-16'),
(383, 88, 560, '2019-07-17'),
(269, 17, 561, '2016-11-26'),
(266, 10, 562, '2015-08-04'),
(440, 159, 563, '2022-10-06'),
(369, 147, 564, '2021-08-23'),
(566, 58, 565, '2018-02-25'),
(321, 146, 566, '2022-03-09'),
(41, 117, 567, '2019-09-27'),
(588, 72, 568, '2019-08-17'),
(541, 171, 569, '2023-04-18'),
(270, 135, 570, '2020-11-07'),
(23, 148, 571, '2021-08-06'),
(233, 34, 572, '2017-08-21'),
(584, 42, 573, '2017-09-05'),
(255, 107, 574, '2019-10-09'),
(224, 112, 575, '2020-09-20'),
(252, 148, 576, '2022-01-24'),
(483, 123, 577, '2020-09-04'),
(504, 132, 578, '2021-08-15'),
(209, 169, 579, '2023-03-04'),
(229, 164, 580, '2022-11-09'),
(292, 1, 581, '2016-07-24'),
(388, 101, 582, '2019-11-02'),
(90, 46, 583, '2016-06-06'),
(520, 75, 584, '2019-12-20'),
(294, 73, 585, '2019-05-20'),
(247, 101, 586, '2020-05-10'),
(273, 180, 587, '2023-01-03'),
(357, 84, 588, '2019-06-18'),
(291, 173, 589, '2023-07-24'),
(15, 2, 590, '2015-09-21'),
(230, 30, 591, '2017-02-01'),
(401, 47, 592, '2017-03-26'),
(374, 140, 593, '2020-08-23'),
(262, 117, 594, '2020-12-21'),
(154, 46, 595, '2016-10-23'),
(235, 64, 596, '2018-03-06'),
(135, 46, 597, '2016-05-20'),
(386, 112, 598, '2020-06-24'),
(223, 1, 599, '2015-12-08'),
(429, 71, 600, '2018-01-14'),
(513, 131, 601, '2020-10-17'),
(167, 35, 602, '2017-01-09'),
(228, 71, 603, '2018-04-19'),
(177, 54, 604, '2017-08-19'),
(214, 158, 605, '2021-10-25'),
(436, 42, 606, '2016-08-18'),
(427, 43, 607, '2017-01-01'),
(319, 101, 608, '2019-11-12'),
(544, 15, 609, '2016-05-27'),
(587, 67, 610, '2017-08-28'),
(532, 53, 611, '2018-07-13'),
(295, 132, 612, '2021-09-21'),
(445, 169, 613, '2023-10-14'),
(407, 180, 614, '2023-07-21'),
(112, 18, 615, '2015-04-23'),
(277, 172, 616, '2023-09-13'),
(54, 119, 617, '2020-09-16'),
(238, 9, 618, '2015-03-30'),
(178, 45, 619, '2016-08-28'),
(326, 69, 620, '2018-08-29'),
(541, 9, 621, '2015-06-28'),
(448, 161, 622, '2022-10-18'),
(271, 147, 623, '2022-10-14'),
(257, 158, 624, '2022-03-30'),
(242, 77, 625, '2018-11-09'),
(466, 109, 626, '2019-11-18'),
(230, 50, 627, '2018-02-22'),
(219, 153, 628, '2022-10-02'),
(364, 27, 629, '2016-09-24'),
(236, 153, 630, '2021-07-19'),
(88, 136, 631, '2021-07-17'),
(353, 166, 632, '2021-10-28'),
(89, 17, 633, '2016-03-17'),
(349, 172, 634, '2023-11-07'),
(323, 28, 635, '2017-09-25'),
(342, 104, 636, '2019-11-27'),
(29, 3, 637, '2016-10-14'),
(267, 147, 638, '2022-09-16'),
(378, 71, 639, '2018-02-05'),
(357, 6, 640, '2016-04-02'),
(130, 155, 641, '2022-06-04'),
(218, 64, 642, '2018-12-08'),
(157, 3, 643, '2015-06-06'),
(304, 44, 644, '2016-07-08'),
(262, 136, 645, '2021-02-12'),
(156, 119, 646, '2021-07-20'),
(53, 69, 647, '2017-10-26'),
(491, 19, 648, '2016-01-29'),
(365, 47, 649, '2017-03-13'),
(599, 53, 650, '2018-05-12');

INSERT INTO `festivalPhotos` (`festival_year`, `photo`) VALUES
(2015,78),
(2016,73),
(2017,77),
(2018,76),
(2019,79),
(2020,74),
(2021,75),
(2022,80),
(2023,71),
(2024,72);

INSERT INTO `buyer_queue` (`buy_id`, `visitor_id`, `event_id`, `ticket_type`, `status`) VALUES
(1, 553, 8, 'VIP', 'pending'),
(2, 379, 29, 'Any', 'cancelled'),
(3, 84, 24, 'GA', 'pending'),
(4, 229, 20, 'VIP', 'cancelled'),
(5, 371, 9, 'GA', 'pending'),
(6, 486, 11, 'GA', 'pending'),
(7, 378, 8, 'Any', 'pending'),
(8, 553, 12, 'GA', 'pending'),
(9, 207, 3, 'Any', 'pending'),
(10, 317, 20, 'GA', 'cancelled'),
(11, 539, 26, 'GA', 'pending'),
(12, 18, 27, 'BaS', 'pending'),
(13, 450, 15, 'GA', 'pending'),
(14, 326, 27, 'GA', 'cancelled'),
(15, 378, 12, 'GA', 'pending'),
(16, 184, 27, 'BaS', 'pending'),
(17, 83, 14, 'GA', 'pending'),
(18, 105, 2, 'Any', 'pending'),
(19, 580, 9, 'GA', 'pending'),
(20, 291, 29, 'VIP', 'completed'),
(21, 477, 12, 'GA', 'pending'),
(22, 164, 21, 'VIP', 'pending'),
(23, 283, 25, 'VIP', 'cancelled'),
(24, 232, 9, 'GA', 'pending'),
(25, 313, 28, 'Any', 'cancelled'),
(26, 224, 4, 'VIP', 'pending'),
(27, 450, 11, 'GA', 'pending'),
(28, 517, 21, 'Any', 'pending'),
(29, 491, 12, 'Any', 'cancelled'),
(30, 440, 14, 'BaS', 'pending'),
(31, 267, 4, 'Any', 'completed'),
(32, 570, 13, 'GA', 'cancelled'),
(33, 536, 21, 'GA', 'pending'),
(34, 15, 16, 'GA', 'pending'),
(35, 104, 15, 'GA', 'pending'),
(36, 529, 30, 'GA', 'pending'),
(37, 189, 7, 'VIP', 'cancelled'),
(38, 60, 10, 'GA', 'completed'),
(39, 308, 2, 'Any', 'cancelled'),
(40, 592, 4, 'GA', 'pending'),
(41, 412, 30, 'Any', 'pending'),
(42, 45, 16, 'GA', 'pending'),
(43, 441, 13, 'Any', 'completed'),
(44, 600, 20, 'GA', 'cancelled'),
(45, 568, 30, 'Any', 'cancelled'),
(46, 464, 3, 'GA', 'pending'),
(47, 372, 5, 'GA', 'pending'),
(48, 596, 19, 'GA', 'pending'),
(49, 171, 3, 'GA', 'pending'),
(50, 526, 7, 'GA', 'pending'),
(51, 505, 30, 'GA', 'pending'),
(52, 499, 20, 'GA', 'pending'),
(53, 35, 24, 'GA', 'pending'),
(54, 305, 4, 'BaS', 'completed'),
(55, 192, 20, 'VIP', 'pending'),
(56, 356, 26, 'Any', 'pending'),
(57, 13, 8, 'VIP', 'pending'),
(58, 211, 15, 'GA', 'pending'),
(59, 434, 5, 'GA', 'cancelled'),
(60, 562, 1, 'VIP', 'completed'),
(61, 500, 7, 'Any', 'pending'),
(62, 173, 13, 'GA', 'completed'),
(63, 388, 11, 'Any', 'completed'),
(64, 315, 6, 'Any', 'pending'),
(65, 492, 10, 'Any', 'pending'),
(66, 442, 24, 'GA', 'completed'),
(67, 157, 3, 'GA', 'pending'),
(68, 66, 20, 'GA', 'pending'),
(69, 245, 10, 'GA', 'pending'),
(70, 573, 28, 'GA', 'pending'),
(71, 501, 4, 'VIP', 'pending'),
(72, 129, 15, 'Any', 'cancelled'),
(73, 94, 13, 'VIP', 'cancelled'),
(74, 244, 4, 'GA', 'pending'),
(75, 411, 11, 'GA', 'pending'),
(76, 449, 30, 'GA', 'pending'),
(77, 112, 1, 'Any', 'pending'),
(78, 17, 29, 'GA', 'pending'),
(79, 546, 23, 'GA', 'completed'),
(80, 506, 30, 'Any', 'cancelled'),
(81, 533, 16, 'GA', 'pending'),
(82, 114, 21, 'BaS', 'pending'),
(83, 195, 11, 'GA', 'pending'),
(84, 137, 17, 'VIP', 'pending'),
(85, 527, 29, 'Any', 'pending'),
(86, 53, 16, 'GA', 'completed'),
(87, 490, 1, 'GA', 'pending'),
(88, 367, 24, 'BaS', 'pending'),
(89, 45, 12, 'GA', 'pending'),
(90, 519, 9, 'GA', 'pending'),
(91, 174, 9, 'Any', 'cancelled'),
(92, 234, 20, 'GA', 'pending'),
(93, 497, 21, 'Any', 'pending'),
(94, 359, 10, 'BaS', 'pending'),
(95, 410, 16, 'GA', 'pending'),
(96, 39, 8, 'GA', 'completed'),
(97, 250, 25, 'GA', 'pending'),
(98, 355, 19, 'GA', 'cancelled'),
(99, 306, 12, 'GA', 'pending'),
(100, 22, 25, 'GA', 'completed');

INSERT INTO `seller_queue` (`sell_id`, `visitor_id`, `ticket_id`, `list_date`, `status`) VALUES
(1, 535, '3170526102509', '2018-08-27 03:48:37', 'pending'),
(2, 285, '3399210455956', '2022-05-11 15:12:47', 'pending'),
(3, 303, '5764096584764', '2015-01-26 05:25:19', 'sold'),
(4, 253, '3334144965616', '2016-01-05 17:50:59', 'pending'),
(5, 397, '1719847497604', '2020-01-12 02:21:46', 'pending'),
(6, 306, '8047370313231', '2015-02-03 00:44:22', 'sold'),
(7, 423, '5070964816600', '2020-05-03 06:12:22', 'pending'),
(8, 6, '7442834480323', '2015-03-15 16:39:10', 'sold'),
(9, 561, '4193563757075', '2016-09-29 11:38:40', 'cancelled'),
(10, 126, '1135649874526', '2015-01-19 10:35:41', 'sold'),
(11, 80, '0500772939892', '2016-04-26 02:45:09', 'cancelled'),
(12, 512, '2487037840721', '2021-05-30 12:21:38', 'pending'),
(13, 507, '1524254577971', '2015-12-10 12:08:17', 'sold'),
(14, 505, '5982912021101', '2015-03-19 10:51:10', 'pending'),
(15, 551, '8219796271478', '2014-10-19 13:07:53', 'pending'),
(16, 45, '1650541011781', '2016-02-19 20:36:50', 'pending'),
(17, 401, '0468521464892', '2021-06-04 10:21:14', 'pending'),
(18, 149, '7725559006431', '2016-02-25 00:28:27', 'pending'),
(19, 115, '9918808740361', '2022-10-03 14:32:11', 'pending'),
(20, 543, '1601047113004', '2016-05-01 23:40:37', 'sold'),
(21, 458, '2887762786495', '2016-04-06 22:17:47', 'pending'),
(22, 49, '3489536971068', '2017-04-23 09:14:08', 'pending'),
(23, 421, '2342349374114', '2018-07-13 21:10:17', 'pending'),
(24, 311, '8815477291985', '2015-03-11 02:47:55', 'sold'),
(25, 221, '8175820852320', '2016-01-06 09:02:37', 'pending'),
(26, 258, '4771739721796', '2022-06-13 15:29:01', 'sold'),
(27, 493, '3124792784994', '2016-02-25 11:41:20', 'pending'),
(28, 259, '5615092464108', '2019-07-29 11:27:40', 'pending'),
(29, 467, '7813590296941', '2014-05-31 01:27:31', 'cancelled'),
(30, 376, '6503644255769', '2017-06-11 21:17:12', 'pending'),
(31, 193, '9710369143120', '2015-12-05 04:00:11', 'cancelled'),
(32, 511, '7171032099647', '2020-01-21 22:21:35', 'pending'),
(33, 279, '5870062990490', '2017-03-18 12:35:33', 'pending'),
(34, 133, '1602837875100', '2020-05-31 17:22:11', 'pending'),
(35, 248, '2973677258266', '2020-04-23 03:49:18', 'pending'),
(36, 148, '4498174428102', '2020-02-01 02:27:45', 'pending'),
(37, 480, '1208093337522', '2020-03-19 07:27:11', 'pending'),
(38, 266, '3795160008090', '2018-09-12 15:07:00', 'sold'),
(39, 28, '7307483785729', '2017-02-06 01:00:10', 'sold'),
(40, 517, '3606937045768', '2015-01-19 00:29:30', 'pending'),
(41, 255, '1441939464213', '2020-03-22 06:38:15', 'pending'),
(42, 264, '0905879501484', '2019-08-15 17:52:01', 'pending'),
(43, 170, '2154992554720', '2018-04-11 06:02:06', 'sold'),
(44, 478, '8824446249302', '2015-01-26 13:35:37', 'cancelled'),
(45, 276, '8105175344139', '2017-11-18 19:43:03', 'pending'),
(46, 50, '1330937574092', '2020-05-27 17:03:01', 'sold'),
(47, 284, '5310751068729', '2018-09-26 03:33:30', 'pending'),
(48, 263, '5040741404085', '2020-05-29 06:50:16', 'pending'),
(49, 103, '2724058576766', '2015-02-17 12:41:12', 'cancelled'),
(50, 461, '1954494801622', '2021-06-09 22:58:46', 'pending');

COMMIT;
