BEGIN;

INSERT INTO `visitor` (`id`, `first_name`, `last_name`, `age`, `email`, `phone`) VALUES
(1, 'Andrea', 'Brewer', 34, 'vegajanice@example.com', '6555248580'),
(2, 'Andrea', 'Williams', 25, 'nrose@example.com', '6070419802'),
(3, 'Kathy', 'Melton', 67, 'kendra87@example.net', '2079965073'),
(4, 'Gloria', 'Martin', 19, 'john84@example.com', '9135787675'),
(5, 'Robert', 'Paul', 46, 'christopher04@example.com', '6894240798'),
(6, 'Thomas', 'Ford', 59, 'edorsey@example.net', '1827076534'),
(7, 'Donald', 'Powers', 69, 'sheilajoseph@example.org', '1548368610'),
(8, 'Larry', 'Howell', 35, 'hhart@example.com', '0014302088'),
(9, 'Jennifer', 'Black', 30, 'angela89@example.org', '4746099304'),
(10, 'Lisa', 'Hernandez', 29, 'lori24@example.com', '3707087777'),
(11, 'Lauren', 'Stewart', 30, 'kimberly82@example.net', '1393619084'),
(12, 'Aaron', 'Howard', 64, 'shannonward@example.net', '3667058522'),
(13, 'Jessica', 'Mcknight', 47, 'ychapman@example.com', '9833878186'),
(14, 'Joe', 'Olson', 54, 'allisonrojas@example.com', '4171968703'),
(15, 'Cynthia', 'Gray', 32, 'tamarathomas@example.com', '5241897841'),
(16, 'Madison', 'Lucas', 22, 'jessicaporter@example.net', '9682272664'),
(17, 'Doris', 'Lee', 18, 'michelle12@example.com', '4934702911'),
(18, 'Leslie', 'Sheppard', 58, 'imeza@example.com', '4400925235'),
(19, 'Monica', 'Hoffman', 35, 'armstrongkristen@example.com', '3869393502'),
(20, 'Melissa', 'Jenkins', 45, 'schultzlisa@example.net', '0126760967'),
(21, 'Randall', 'Bennett', 60, 'parkersandra@example.org', '1779674036'),
(22, 'Deanna', 'Johnson', 58, 'jmyers@example.net', '1974275973'),
(23, 'Stephanie', 'Hernandez', 40, 'johnsonmichael@example.org', '5876231067'),
(24, 'Larry', 'Martin', 52, 'slowery@example.com', '0371223160'),
(25, 'Joseph', 'Price', 28, 'stephen12@example.org', '5825022152'),
(26, 'Matthew', 'Edwards', 20, 'silvarobin@example.org', '9288206350'),
(27, 'Jeffrey', 'Cortez', 61, 'rcortez@example.org', '8796997606'),
(28, 'Charles', 'Michael', 45, 'tmurphy@example.org', '4168693595'),
(29, 'David', 'Mejia', 25, 'mccallcorey@example.net', '0426105424'),
(30, 'Jack', 'Dalton', 31, 'brianrogers@example.net', '7609758604'),
(31, 'Ashley', 'Simpson', 65, 'paulgomez@example.net', '2288895246'),
(32, 'Michael', 'Solis', 60, 'jamienelson@example.org', '6408844189'),
(33, 'Matthew', 'Reed', 59, 'kirkjustin@example.net', '0488926552'),
(34, 'Jacqueline', 'Phillips', 24, 'matthew49@example.com', '6038711423'),
(35, 'Dustin', 'Walker', 53, 'tranholly@example.net', '6754027115'),
(36, 'Tyler', 'Reid', 48, 'matthewssteven@example.com', '4919844004'),
(37, 'Erin', 'Cox', 29, 'ewilkinson@example.org', '5501286208'),
(38, 'Rhonda', 'Pena', 49, 'berryolivia@example.org', '1118956072'),
(39, 'Sara', 'Waters', 56, 'lisa80@example.org', '2690909939'),
(40, 'Joseph', 'Shaw', 62, 'tsims@example.org', '0776233327'),
(41, 'Mary', 'Scott', 68, 'michelle36@example.net', '8976993240'),
(42, 'David', 'Carter', 23, 'pstanley@example.com', '2634712409'),
(43, 'Johnny', 'Calderon', 45, 'dmendoza@example.net', '0079086836'),
(44, 'Jordan', 'Collins', 52, 'dfarley@example.com', '2149120134'),
(45, 'Tony', 'Frey', 65, 'adamodom@example.org', '7751252250'),
(46, 'Deborah', 'Anderson', 69, 'maryford@example.com', '1468478882'),
(47, 'Jessica', 'Porter', 64, 'bradley52@example.org', '7049585007'),
(48, 'Alexandra', 'Taylor', 57, 'katherine40@example.org', '1060050964'),
(49, 'Christina', 'Wilson', 48, 'sergio16@example.com', '0801833565'),
(50, 'Richard', 'Anderson', 19, 'yjackson@example.org', '8353497717'),
(51, 'Susan', 'Richards', 54, 'darrenvilla@example.net', '0953612603'),
(52, 'Katie', 'Sullivan', 18, 'ubeasley@example.org', '2730866896'),
(53, 'Kevin', 'Holt', 37, 'guerrerojoseph@example.com', '4615391862'),
(54, 'Joy', 'Lee', 66, 'omcgee@example.org', '5804727340'),
(55, 'Thomas', 'Williams', 58, 'williamlawrence@example.org', '8175317434'),
(56, 'Raymond', 'Smith', 27, 'matthew93@example.org', '4845067166'),
(57, 'Anna', 'Perez', 32, 'davismartha@example.net', '8973859890'),
(58, 'Ashley', 'Harris', 52, 'kellyrachel@example.net', '4921002322'),
(59, 'Max', 'Walker', 56, 'phillipsvirginia@example.com', '2736535836'),
(60, 'Katherine', 'Silva', 65, 'orivera@example.org', '8667739840'),
(61, 'Ashley', 'Mason', 32, 'rmata@example.net', '8195768034'),
(62, 'Alexander', 'Clements', 50, 'gracesanders@example.com', '1916524552'),
(63, 'James', 'Fleming', 58, 'lisa66@example.com', '3967478239'),
(64, 'Patricia', 'Lyons', 20, 'parkerhayden@example.org', '4090725596'),
(65, 'David', 'Cohen', 41, 'johnnovak@example.com', '3889960438'),
(66, 'Christina', 'Hickman', 53, 'jessica00@example.org', '1700063575'),
(67, 'Joshua', 'Landry', 68, 'wilsonbrian@example.com', '0615498701'),
(68, 'Rebekah', 'Dawson', 30, 'douglasbradley@example.org', '5920289659'),
(69, 'Brian', 'Henderson', 53, 'davidsmith@example.com', '4315605564'),
(70, 'Michelle', 'Edwards', 35, 'uthompson@example.com', '4976630488'),
(71, 'Robert', 'Ortiz', 67, 'farrellrobert@example.net', '1315745314'),
(72, 'Sandra', 'Mcdowell', 38, 'ashleyfarrell@example.org', '1601605364'),
(73, 'Kathy', 'Carrillo', 49, 'ahoover@example.org', '0221779245'),
(74, 'Juan', 'Day', 42, 'melindaanderson@example.net', '4318300435'),
(75, 'Austin', 'Navarro', 59, 'matthewjones@example.com', '3716784222'),
(76, 'Emily', 'Sanchez', 40, 'shermanrobert@example.org', '3514670423'),
(77, 'Ashley', 'Adams', 48, 'sandra40@example.com', '1604608079'),
(78, 'Joseph', 'Taylor', 44, 'leslie26@example.org', '2253311837'),
(79, 'Derek', 'May', 31, 'jessicarogers@example.com', '5570639468'),
(80, 'Zachary', 'Padilla', 53, 'jonesjohn@example.com', '9088291587'),
(81, 'Christopher', 'Eaton', 58, 'bruce92@example.com', '4145311295'),
(82, 'Andrew', 'Nguyen', 43, 'alicia69@example.com', '6802029080'),
(83, 'Monica', 'Newman', 61, 'gutierrezjeremy@example.com', '1823003607'),
(84, 'Michael', 'Wood', 19, 'ashleymccoy@example.net', '9248610360'),
(85, 'Susan', 'Morgan', 32, 'ispencer@example.net', '5546311965'),
(86, 'Nina', 'Smith', 52, 'jamie66@example.net', '3546245914'),
(87, 'Pamela', 'Morgan', 53, 'gerickson@example.net', '2262414113'),
(88, 'Mary', 'Mack', 64, 'patriciacook@example.net', '2692917040'),
(89, 'Haley', 'Bright', 64, 'romerojoshua@example.net', '2323143994'),
(90, 'Steven', 'Martinez', 31, 'uscott@example.net', '6692972867'),
(91, 'Kathleen', 'Hunt', 47, 'craigshirley@example.net', '0001966378'),
(92, 'David', 'Elliott', 40, 'ericdonaldson@example.com', '6691687586'),
(93, 'Bradley', 'Brown', 58, 'sharon08@example.org', '6590660954'),
(94, 'Wendy', 'Hobbs', 23, 'jason97@example.com', '2312157746'),
(95, 'Kristen', 'Wright', 48, 'martinezcourtney@example.org', '8702210971'),
(96, 'Matthew', 'Bryant', 48, 'cynthia45@example.com', '6729011149'),
(97, 'Chris', 'Barrett', 28, 'andrewwilliams@example.org', '8057911183'),
(98, 'Ronald', 'Gonzales', 35, 'davidsanchez@example.com', '6298810596'),
(99, 'Scott', 'Berg', 62, 'wendyyoung@example.org', '7520746096'),
(100, 'Christopher', 'Thornton', 58, 'allison90@example.com', '6553974793'),
(101, 'Michael', 'Lopez', 63, 'qrobles@example.com', '7028058938'),
(102, 'Katherine', 'Martin', 56, 'nelsonalexandria@example.net', '4424119980'),
(103, 'Claudia', 'Smith', 54, 'kferrell@example.org', '9993833064'),
(104, 'Autumn', 'Freeman', 38, 'james63@example.net', '9797051254'),
(105, 'Kristy', 'Evans', 40, 'reginaldhoward@example.com', '8673376367'),
(106, 'Ashley', 'Torres', 32, 'bryantamara@example.org', '9733161569'),
(107, 'Javier', 'Barnes', 57, 'mitchellbarbara@example.org', '4937822017'),
(108, 'Cody', 'Smith', 60, 'amiller@example.org', '4973760489'),
(109, 'Brenda', 'Brown', 39, 'william75@example.com', '3252206161'),
(110, 'Noah', 'Stanley', 37, 'caitlin07@example.com', '3751511063'),
(111, 'Michael', 'Barnett', 33, 'isaacsanders@example.org', '2090427540'),
(112, 'Brett', 'Lee', 34, 'stacyschneider@example.com', '3706378041'),
(113, 'Dustin', 'Perez', 21, 'victoria64@example.com', '6860470725'),
(114, 'Brian', 'Conner', 34, 'jonesbrady@example.org', '0805777596'),
(115, 'Nicholas', 'Briggs', 35, 'michael06@example.org', '8282275410'),
(116, 'Todd', 'Phillips', 62, 'davilalauren@example.net', '2800807234'),
(117, 'Jeremy', 'Green', 64, 'zunigaerin@example.net', '1697247534'),
(118, 'Kathleen', 'Beltran', 57, 'meghangiles@example.net', '2855056607'),
(119, 'Joseph', 'Young', 66, 'bradleyrobinson@example.org', '4505522447'),
(120, 'Robert', 'White', 27, 'milleraaron@example.com', '5071366178'),
(121, 'Danny', 'Rogers', 46, 'tammyhaynes@example.org', '7245970337'),
(122, 'Christine', 'Mitchell', 23, 'catherine71@example.org', '5504337564'),
(123, 'Lauren', 'Combs', 60, 'seanfarmer@example.com', '3186645823'),
(124, 'Chelsea', 'Burton', 37, 'judy80@example.org', '7767929995'),
(125, 'Richard', 'Morrison', 51, 'bbarnes@example.org', '0892714820'),
(126, 'Catherine', 'Durham', 27, 'kathy02@example.net', '1441281424'),
(127, 'Jacob', 'Chavez', 61, 'howellevelyn@example.net', '2027679177'),
(128, 'Glen', 'Wallace', 51, 'qwilliams@example.com', '7093497507'),
(129, 'Mitchell', 'Vega', 60, 'conradjonathan@example.net', '3398594911'),
(130, 'Tony', 'Oliver', 57, 'herreraemily@example.com', '8437030408'),
(131, 'Jose', 'Sampson', 30, 'alyssastewart@example.org', '5599352342'),
(132, 'Christopher', 'Owens', 24, 'brittany18@example.com', '9030838430'),
(133, 'Jenna', 'Ross', 33, 'millertravis@example.org', '2560355078'),
(134, 'Brittany', 'Rhodes', 21, 'sotoedgar@example.org', '2247380846'),
(135, 'Erin', 'Wyatt', 23, 'billydavis@example.org', '2778195539'),
(136, 'Robert', 'Newton', 57, 'jonesgeorge@example.com', '2619560396'),
(137, 'Jack', 'Barnes', 46, 'hoovernicole@example.org', '7531630302'),
(138, 'Leah', 'Castillo', 62, 'pauljesse@example.com', '5297154731'),
(139, 'Mario', 'Jackson', 49, 'barbara95@example.com', '5984345388'),
(140, 'Jason', 'Hernandez', 58, 'amber06@example.com', '8861660864'),
(141, 'Joseph', 'Glover', 38, 'charlesmathis@example.org', '1392456749'),
(142, 'Andrew', 'Castro', 32, 'joshuaduncan@example.net', '5695238306'),
(143, 'Victoria', 'Aguilar', 20, 'jefferychavez@example.com', '5363694258'),
(144, 'Richard', 'Freeman', 30, 'johnstonanna@example.net', '9013551732'),
(145, 'Tiffany', 'Roy', 42, 'coxdaniel@example.net', '1558414387'),
(146, 'Erika', 'Jones', 24, 'michaelhernandez@example.org', '5557547483'),
(147, 'Katherine', 'Vargas', 69, 'clarkheidi@example.net', '3442375854'),
(148, 'Brittany', 'Ortiz', 70, 'james28@example.com', '6060213244'),
(149, 'Kyle', 'Morgan', 43, 'tthompson@example.com', '4942933900'),
(150, 'Alison', 'Martinez', 18, 'garyware@example.org', '2704617160'),
(151, 'Daniel', 'Flores', 47, 'paigemoran@example.net', '3502221313'),
(152, 'Kathleen', 'Davis', 31, 'weeksdaniel@example.org', '3276962909'),
(153, 'Sarah', 'Reeves', 33, 'vbailey@example.net', '7943037211'),
(154, 'Lawrence', 'Kim', 69, 'irogers@example.net', '2424283869'),
(155, 'Megan', 'Williams', 65, 'cassandra92@example.org', '9134451019'),
(156, 'Theodore', 'Hayes', 20, 'erindavis@example.net', '9979979187'),
(157, 'Cynthia', 'Mckee', 36, 'schroedernancy@example.com', '2024660749'),
(158, 'Penny', 'Schaefer', 59, 'randall99@example.net', '5576967546'),
(159, 'Joseph', 'Roberts', 26, 'jasonhamilton@example.org', '3226805889'),
(160, 'Marissa', 'Perez', 61, 'matthewwaters@example.net', '4123101130'),
(161, 'Gregory', 'Bush', 62, 'erin19@example.org', '9272595075'),
(162, 'Derrick', 'Calderon', 22, 'simsmichael@example.net', '6991845602'),
(163, 'Linda', 'Conner', 49, 'johnsonmichael@example.com', '2285412927'),
(164, 'Monica', 'Logan', 19, 'bellmichele@example.com', '8412086207'),
(165, 'Christopher', 'Jackson', 43, 'carol98@example.com', '9445756888'),
(166, 'Kevin', 'Martinez', 20, 'jessica64@example.com', '1198890137'),
(167, 'Michelle', 'Vasquez', 46, 'dstewart@example.org', '3156421834'),
(168, 'Vicki', 'Huang', 53, 'cardenasjohn@example.net', '9684277108'),
(169, 'Robert', 'Johnston', 48, 'hsoto@example.net', '4995093029'),
(170, 'Catherine', 'Meyer', 20, 'hjohnson@example.org', '9508062822'),
(171, 'Michael', 'Russell', 27, 'ntownsend@example.org', '4620207417'),
(172, 'David', 'Steele', 70, 'contreraswendy@example.net', '2830239614'),
(173, 'Melissa', 'Benson', 19, 'natasha31@example.com', '4846618484'),
(174, 'Angelica', 'Scott', 23, 'reyesjoseph@example.org', '4315576317'),
(175, 'Peter', 'Ray', 46, 'kaylameyers@example.com', '1566746753'),
(176, 'Christian', 'Brock', 64, 'emilyanderson@example.org', '4489029765'),
(177, 'Robert', 'Russell', 49, 'lopezalexis@example.com', '7246913355'),
(178, 'Abigail', 'Wilson', 65, 'ramirezrobin@example.org', '8872585468'),
(179, 'Charles', 'Matthews', 26, 'rebecca40@example.com', '5688152210'),
(180, 'Matthew', 'Owens', 23, 'garrettporter@example.net', '7037788752'),
(181, 'Trevor', 'Miranda', 29, 'bassmarcus@example.com', '2117885500'),
(182, 'Tina', 'Guerrero', 50, 'seth47@example.com', '2118161922'),
(183, 'Dustin', 'Scott', 23, 'hodgerachel@example.com', '8468033056'),
(184, 'Shawn', 'Gray', 67, 'swilson@example.net', '6089510181'),
(185, 'Amy', 'Williams', 67, 'jonesdennis@example.com', '6558716167'),
(186, 'Todd', 'Nelson', 30, 'allenkatherine@example.net', '4951864943'),
(187, 'Ashley', 'Hansen', 30, 'ajensen@example.org', '5009431005'),
(188, 'William', 'Green', 27, 'jongross@example.net', '6471657720'),
(189, 'Brad', 'Chavez', 18, 'gibsonangie@example.com', '4660246437'),
(190, 'Michael', 'Tran', 62, 'nfrederick@example.com', '7417284173'),
(191, 'Jacqueline', 'Holmes', 40, 'jeanneturner@example.com', '9129659848'),
(192, 'David', 'Heath', 63, 'westhannah@example.org', '1596489628'),
(193, 'Madison', 'Moore', 60, 'pachecomia@example.net', '0758250608'),
(194, 'Jonathan', 'Johnston', 26, 'jonathan94@example.org', '6475771905'),
(195, 'Lydia', 'Reynolds', 57, 'pglenn@example.com', '8736970653'),
(196, 'Andrew', 'Hahn', 55, 'wayneramirez@example.com', '2515165452'),
(197, 'Erica', 'Jimenez', 49, 'sullivanstephen@example.net', '1796595468'),
(198, 'Larry', 'Wilson', 65, 'warnerkendra@example.com', '0156065815'),
(199, 'Marilyn', 'Snow', 61, 'anneparks@example.org', '3700453143'),
(200, 'Rodney', 'Perez', 42, 'marialewis@example.org', '6053820722'),
(201, 'Rebecca', 'Nolan', 50, 'ralph15@example.org', '6176944123'),
(202, 'Deborah', 'Wilson', 19, 'jacksonbreanna@example.com', '7117527564'),
(203, 'Kevin', 'Fernandez', 44, 'jacqueline72@example.com', '9616706292'),
(204, 'Tracy', 'Garza', 42, 'carriebell@example.org', '6697565563'),
(205, 'Angela', 'Johnson', 44, 'mcphersonjustin@example.com', '2185515373'),
(206, 'Martha', 'Sims', 54, 'njones@example.com', '6910998334'),
(207, 'Luis', 'White', 40, 'freemanjulie@example.com', '3193103163'),
(208, 'Anthony', 'Jensen', 54, 'debrafranklin@example.org', '7819641369'),
(209, 'Jamie', 'Smith', 52, 'sanchezjames@example.net', '9105337328'),
(210, 'Joel', 'Gutierrez', 22, 'hwood@example.net', '8225141667'),
(211, 'Marcus', 'Williamson', 42, 'munozanthony@example.net', '3483299496'),
(212, 'Richard', 'Walsh', 49, 'teresalong@example.org', '3580647282'),
(213, 'Heather', 'Grimes', 57, 'martinpatel@example.com', '7617281723'),
(214, 'Allison', 'Clark', 41, 'heathercalhoun@example.org', '3482616343'),
(215, 'Neil', 'Richards', 28, 'lisawilliams@example.org', '8574742687'),
(216, 'Jessica', 'Rodgers', 52, 'woodsrobert@example.com', '2444090146'),
(217, 'Sarah', 'Wolf', 68, 'whitneyapril@example.net', '4420778799'),
(218, 'Samuel', 'Anderson', 20, 'vbush@example.org', '9042035098'),
(219, 'Jeffery', 'Miller', 55, 'jeffreycunningham@example.net', '5313472297'),
(220, 'Troy', 'Nelson', 59, 'delacruzmelissa@example.net', '9090862018'),
(221, 'David', 'Williams', 37, 'jessicamcclure@example.com', '4747327634'),
(222, 'Jacqueline', 'Wilson', 32, 'hollanddarren@example.com', '0560963683'),
(223, 'Bryce', 'Williams', 70, 'tneal@example.org', '5121400183'),
(224, 'Kathy', 'Sanchez', 34, 'johnsondustin@example.net', '6610976279'),
(225, 'Jill', 'Caldwell', 54, 'rachel60@example.com', '4688808978'),
(226, 'Anna', 'Golden', 68, 'mitchellsandy@example.net', '0733784165'),
(227, 'Deanna', 'Davis', 55, 'james15@example.org', '1677914772'),
(228, 'Steven', 'Taylor', 62, 'kingchristina@example.net', '8494760996'),
(229, 'Sherry', 'Bryant', 70, 'hclark@example.net', '5445943817'),
(230, 'Katherine', 'Gregory', 58, 'stephen07@example.net', '5947564913'),
(231, 'Crystal', 'Christensen', 50, 'zjimenez@example.org', '3416645434'),
(232, 'Angela', 'Garcia', 66, 'ericdavis@example.com', '2655985643'),
(233, 'Erika', 'Moore', 58, 'gbrown@example.net', '7886031478'),
(234, 'Robin', 'Kelly', 26, 'hendrixpatrick@example.org', '6527392278'),
(235, 'Jessica', 'Ortiz', 69, 'bcarter@example.net', '8923975847'),
(236, 'Samantha', 'Baker', 44, 'michellesoto@example.net', '5599892803'),
(237, 'Kristin', 'Johnson', 48, 'ccabrera@example.com', '1025057030'),
(238, 'Michelle', 'Vaughn', 22, 'turnerapril@example.com', '0433584476'),
(239, 'Juan', 'Hall', 64, 'thomas33@example.net', '2789747408'),
(240, 'Charles', 'Atkins', 21, 'rodneypratt@example.org', '9804997041'),
(241, 'Louis', 'Ruiz', 52, 'kjones@example.net', '0524551586'),
(242, 'James', 'Hernandez', 68, 'robinalvarez@example.net', '8859712412'),
(243, 'Derek', 'Day', 68, 'ptodd@example.org', '5235462274'),
(244, 'Amanda', 'Arnold', 20, 'kevin21@example.net', '4550268855'),
(245, 'Patricia', 'Ho', 63, 'jason57@example.net', '6283020460'),
(246, 'Randall', 'Barton', 63, 'lisawilliams@example.com', '4722573524'),
(247, 'Justin', 'Jones', 32, 'vhowell@example.net', '4065064186'),
(248, 'Laura', 'Parks', 25, 'markmcbride@example.org', '6008022718'),
(249, 'Carl', 'Thompson', 46, 'lindseydylan@example.net', '7449042109'),
(250, 'Brittney', 'Berry', 43, 'rflowers@example.org', '7377961836'),
(251, 'Lindsey', 'Potter', 25, 'moorelaura@example.com', '6171190327'),
(252, 'Charles', 'Barnes', 60, 'rcooper@example.com', '7767649484'),
(253, 'Rachel', 'Boyd', 20, 'jeanette12@example.com', '8498839356'),
(254, 'Joel', 'Conner', 68, 'randy27@example.net', '2019063601'),
(255, 'Christopher', 'Olson', 21, 'lopezkristina@example.org', '5258872838'),
(256, 'Alyssa', 'Harper', 54, 'drichardson@example.com', '9655618265'),
(257, 'Gina', 'Massey', 28, 'robert02@example.com', '5335083388'),
(258, 'Haley', 'Hernandez', 30, 'catherinebrady@example.com', '3421069607'),
(259, 'Ricardo', 'Davis', 43, 'greenelizabeth@example.org', '1855674552'),
(260, 'Jessica', 'Lee', 53, 'joseph16@example.net', '2572074470'),
(261, 'Timothy', 'Church', 55, 'taylorbriana@example.net', '0115435702'),
(262, 'Michael', 'Flores', 32, 'jose32@example.com', '1481882989'),
(263, 'Marc', 'Ellis', 34, 'henrylarson@example.org', '3372275869'),
(264, 'Dalton', 'Tran', 29, 'robert03@example.org', '8717502278'),
(265, 'Shelby', 'Reed', 68, 'steelerobert@example.net', '3099428030'),
(266, 'Christine', 'Walker', 69, 'schwartzallen@example.net', '8703411957'),
(267, 'Brenda', 'Smith', 31, 'cynthia48@example.net', '6189254794'),
(268, 'Derek', 'Ramsey', 70, 'betty49@example.net', '7238449922'),
(269, 'Anne', 'Martinez', 57, 'michellethomas@example.org', '9453640946'),
(270, 'Kara', 'Kim', 52, 'nathanthompson@example.net', '0659704994'),
(271, 'Heather', 'Snyder', 45, 'rrobinson@example.net', '3822163124'),
(272, 'Allison', 'Martinez', 56, 'arobertson@example.org', '6343708078'),
(273, 'Nancy', 'Peterson', 68, 'jillvazquez@example.net', '8915394075'),
(274, 'Randy', 'Patterson', 33, 'jonathanyoung@example.com', '6814998373'),
(275, 'Jonathan', 'Martinez', 23, 'vbrown@example.net', '7048754892'),
(276, 'James', 'Schaefer', 44, 'casey28@example.com', '9614496351'),
(277, 'Kimberly', 'Barry', 19, 'richard87@example.org', '2880846617'),
(278, 'Rebecca', 'Washington', 25, 'craiggamble@example.net', '2315388879'),
(279, 'Hannah', 'Kennedy', 53, 'rickjensen@example.com', '0685560091'),
(280, 'Collin', 'Smith', 57, 'perezdarlene@example.net', '4475425537'),
(281, 'Leah', 'Turner', 24, 'mdavis@example.net', '1965714292'),
(282, 'Crystal', 'Lopez', 51, 'robertwilliams@example.net', '6480943911'),
(283, 'Adam', 'Yu', 37, 'batesjose@example.net', '3309908377'),
(284, 'Patrick', 'Gay', 64, 'castanedajohn@example.net', '9633953917'),
(285, 'Michael', 'Hayes', 18, 'jonathankaufman@example.net', '5278918637'),
(286, 'Crystal', 'Morgan', 56, 'edrake@example.org', '2067701634'),
(287, 'Ronald', 'Underwood', 34, 'john60@example.net', '0201887698'),
(288, 'Jennifer', 'Watkins', 69, 'smithrhonda@example.com', '5631312565'),
(289, 'Diane', 'Carr', 34, 'caldwelllinda@example.org', '8543705359'),
(290, 'Jessica', 'Silva', 40, 'ronaldstewart@example.net', '6644114659'),
(291, 'Cheyenne', 'Elliott', 22, 'terryjason@example.org', '0008736240'),
(292, 'Brittney', 'Morrow', 18, 'murraytodd@example.com', '0385209736'),
(293, 'Rachel', 'Garcia', 26, 'juliefranklin@example.net', '9408793547'),
(294, 'Andrea', 'Jones', 30, 'ubell@example.org', '3692777738'),
(295, 'Brian', 'Thomas', 40, 'annettedavis@example.org', '7290482005'),
(296, 'Joy', 'Ortiz', 64, 'ssexton@example.net', '4775000482'),
(297, 'Rebekah', 'Ferguson', 50, 'loriscott@example.net', '5236252722'),
(298, 'Linda', 'Santos', 51, 'joseph50@example.net', '6228097692'),
(299, 'Amber', 'Johnson', 69, 'richardjackson@example.net', '8853602900'),
(300, 'Christopher', 'Cohen', 20, 'smayer@example.org', '9508326414'),
(301, 'Jeffery', 'Perry', 48, 'berryjennifer@example.com', '0882090944'),
(302, 'Evelyn', 'Brown', 41, 'erikvelazquez@example.org', '0264611231'),
(303, 'Cynthia', 'Hall', 40, 'karmstrong@example.org', '3488726929'),
(304, 'Lawrence', 'Bryant', 34, 'loweryemily@example.com', '9410166809'),
(305, 'Tammy', 'Wade', 68, 'caldwellteresa@example.org', '2286908996'),
(306, 'Jodi', 'Smith', 41, 'krobbins@example.org', '8817656539'),
(307, 'Shannon', 'Miller', 21, 'mariesmith@example.org', '1758151303'),
(308, 'Tricia', 'Berg', 29, 'juliegallegos@example.net', '8589402317'),
(309, 'Cynthia', 'Holmes', 54, 'silvarobert@example.com', '6011582995'),
(310, 'Amy', 'Smith', 23, 'amandamontes@example.net', '1864470768'),
(311, 'Lisa', 'Murphy', 46, 'evansreginald@example.com', '3967894399'),
(312, 'Kevin', 'Hale', 40, 'jlamb@example.com', '1951865360'),
(313, 'Christopher', 'Reed', 58, 'ralvarez@example.com', '5186360089'),
(314, 'Kathryn', 'Jackson', 25, 'thomasjordan@example.net', '6062099105'),
(315, 'Sarah', 'Tucker', 46, 'cooperwhitney@example.org', '9918878792'),
(316, 'Jacob', 'Henderson', 62, 'mckayjames@example.net', '2983790495'),
(317, 'Janet', 'Hayes', 45, 'latoyabarrett@example.net', '3161076298'),
(318, 'Austin', 'Garrison', 53, 'sherihernandez@example.org', '9292350350'),
(319, 'Joann', 'Freeman', 25, 'dphelps@example.com', '5964817817'),
(320, 'Bruce', 'Scott', 29, 'chapmanemily@example.com', '2023478962'),
(321, 'Michael', 'Cain', 60, 'millsangela@example.net', '2277874235'),
(322, 'Thomas', 'Hunter', 42, 'kimberly35@example.org', '5521986102'),
(323, 'Matthew', 'Lyons', 53, 'mark21@example.net', '4937575087'),
(324, 'Scott', 'Parks', 66, 'bcarlson@example.net', '5774537224'),
(325, 'Thomas', 'Becker', 50, 'davidfuller@example.com', '3082507634'),
(326, 'Jessica', 'Bell', 51, 'katelynlawrence@example.com', '1310907615'),
(327, 'Robert', 'Smith', 61, 'jacquelinesharp@example.com', '7063051268'),
(328, 'Joshua', 'Carter', 62, 'simontrevor@example.net', '5165560004'),
(329, 'Maria', 'Rowe', 64, 'lucerosandra@example.net', '8578804047'),
(330, 'Susan', 'Klein', 57, 'donald64@example.org', '9400272181'),
(331, 'Benjamin', 'Evans', 36, 'justin05@example.org', '3362487489'),
(332, 'Felicia', 'Lam', 63, 'craigbrooks@example.com', '6432015472'),
(333, 'Jimmy', 'Hebert', 55, 'twhite@example.org', '4651827041'),
(334, 'William', 'Fisher', 61, 'scottkim@example.com', '2964706340'),
(335, 'Michael', 'Kerr', 24, 'michael17@example.net', '0672111396'),
(336, 'Adrian', 'Scott', 66, 'lauraneal@example.org', '8540310410'),
(337, 'Amber', 'Ramos', 34, 'jimsaunders@example.com', '4385782668'),
(338, 'Shane', 'Cooper', 44, 'erica72@example.com', '0358196488'),
(339, 'Brian', 'Hansen', 53, 'kristenjones@example.org', '7288160449'),
(340, 'Jeremy', 'Doyle', 49, 'alexandercarney@example.org', '0045465113'),
(341, 'Karen', 'Miles', 22, 'maryschmidt@example.org', '9826440161'),
(342, 'Michael', 'Lopez', 45, 'torrestonya@example.org', '3629539387'),
(343, 'Richard', 'Levine', 67, 'melissaharmon@example.net', '8209291627'),
(344, 'Ashley', 'Foster', 49, 'russellsmith@example.net', '4771858205'),
(345, 'Andrew', 'Sweeney', 51, 'alejandro80@example.com', '2879048931'),
(346, 'Mary', 'Martin', 35, 'roblesjoel@example.net', '3610097678'),
(347, 'Brianna', 'Ramos', 37, 'gilbert12@example.net', '7633702728'),
(348, 'Juan', 'Hill', 37, 'harrischarles@example.com', '1090363703'),
(349, 'Michael', 'Brady', 57, 'jennifer41@example.org', '2351084425'),
(350, 'Andrea', 'Pacheco', 18, 'nicholasyoung@example.com', '9246024038'),
(351, 'Thomas', 'Knox', 27, 'bobbyfranklin@example.net', '0820489323'),
(352, 'Justin', 'Watson', 30, 'edwardstimothy@example.com', '6975335418'),
(353, 'Jonathan', 'Walker', 38, 'baileymary@example.com', '9755512025'),
(354, 'Michael', 'Wright', 67, 'sandra80@example.com', '4951514745'),
(355, 'Sara', 'Silva', 40, 'jaredjohns@example.net', '9161712307'),
(356, 'Keith', 'Chandler', 63, 'amy28@example.com', '8102034950'),
(357, 'Justin', 'Jacobs', 26, 'kelseychambers@example.org', '2005648586'),
(358, 'David', 'Vargas', 33, 'thompsonamanda@example.org', '4403265299'),
(359, 'Heidi', 'Hernandez', 45, 'castrodavid@example.net', '3841586643'),
(360, 'Sean', 'Gonzales', 36, 'hlawrence@example.com', '4683793308'),
(361, 'Ryan', 'Hart', 49, 'gabriela65@example.net', '7858124597'),
(362, 'Kristen', 'Martinez', 45, 'stephanie55@example.org', '9681826773'),
(363, 'Christopher', 'Wong', 47, 'carla99@example.org', '9484523912'),
(364, 'Paul', 'Davis', 44, 'romerolaurie@example.org', '2522999940'),
(365, 'Diane', 'Adams', 20, 'jonesmorgan@example.net', '9434937545'),
(366, 'Sarah', 'Smith', 43, 'gmontoya@example.net', '1664695721'),
(367, 'Timothy', 'Ellison', 28, 'heather61@example.org', '7594078095'),
(368, 'Lonnie', 'Hudson', 39, 'zlynn@example.net', '0206474507'),
(369, 'Jay', 'Webster', 41, 'yhogan@example.net', '1010659196'),
(370, 'Andrew', 'Wang', 55, 'greenerebecca@example.com', '4319620263'),
(371, 'Robert', 'Ewing', 58, 'karenross@example.com', '1709848679'),
(372, 'Matthew', 'Brown', 32, 'mitchellmelissa@example.net', '1053834932'),
(373, 'Steven', 'Morris', 36, 'cbryant@example.org', '2902990313'),
(374, 'Brett', 'Carter', 31, 'jasonstewart@example.com', '0598422753'),
(375, 'Michael', 'Walker', 65, 'srodriguez@example.net', '6316487367'),
(376, 'Rebekah', 'Johnson', 28, 'marshalljason@example.net', '5262969206'),
(377, 'Ashley', 'Hardy', 33, 'gonzalesdanielle@example.org', '0179020193'),
(378, 'Jeffery', 'Price', 34, 'owatson@example.com', '2395790718'),
(379, 'Cynthia', 'Carter', 42, 'johnathan98@example.net', '9313684619'),
(380, 'Joseph', 'Chavez', 69, 'alexis57@example.net', '8055031904'),
(381, 'Alexander', 'Montoya', 42, 'richardzavala@example.net', '3033879792'),
(382, 'Renee', 'Smith', 34, 'amycook@example.org', '0220394133'),
(383, 'Rebecca', 'Schaefer', 61, 'robertlogan@example.com', '6297439605'),
(384, 'Ronald', 'Wood', 31, 'mmiller@example.net', '8500578228'),
(385, 'Carolyn', 'Hayes', 38, 'randydeleon@example.com', '3963714269'),
(386, 'Laurie', 'Peterson', 26, 'jeff04@example.org', '7924156399'),
(387, 'Jerry', 'West', 60, 'karavance@example.org', '8006647601'),
(388, 'Toni', 'Adams', 37, 'evelyndeleon@example.com', '1498670154'),
(389, 'Brian', 'Bailey', 23, 'darlene94@example.org', '7340495780'),
(390, 'Marissa', 'Reese', 32, 'rodriguezjessica@example.org', '8954619221'),
(391, 'Nancy', 'Jones', 48, 'zfarmer@example.org', '1254120509'),
(392, 'Patrick', 'Singleton', 33, 'jasonwaters@example.net', '6433370352'),
(393, 'Christina', 'Barnett', 63, 'greenmark@example.com', '4554087468'),
(394, 'Alexander', 'Zimmerman', 40, 'alexandergarner@example.net', '3628967158'),
(395, 'Brianna', 'Clarke', 62, 'gabriel35@example.org', '2664188909'),
(396, 'Amy', 'Parker', 25, 'gporter@example.com', '7212994812'),
(397, 'Matthew', 'Rodriguez', 50, 'urodriguez@example.com', '4488043987'),
(398, 'Gregory', 'Cowan', 30, 'kharris@example.org', '4903468660'),
(399, 'Michael', 'Simon', 37, 'tammydavis@example.net', '4059635322'),
(400, 'Glenn', 'Rodriguez', 69, 'timothy23@example.net', '0475226393'),
(401, 'Jeremy', 'Medina', 45, 'jenniferlarson@example.net', '3820367247'),
(402, 'Cheryl', 'Galvan', 36, 'parsonsdeanna@example.com', '3056487168'),
(403, 'Sherri', 'White', 26, 'ffowler@example.com', '1525488387'),
(404, 'Jennifer', 'Patel', 33, 'ernesthuang@example.org', '2960662152'),
(405, 'Ryan', 'Brown', 53, 'imyers@example.com', '6452025762'),
(406, 'Christine', 'Morrison', 46, 'hgibbs@example.org', '1388430837'),
(407, 'Shelby', 'Camacho', 34, 'gregory28@example.net', '6916490411'),
(408, 'Rhonda', 'Clements', 46, 'andrew88@example.com', '7283984766'),
(409, 'Elizabeth', 'Tapia', 56, 'shaffermonica@example.net', '3147790415'),
(410, 'John', 'Yu', 33, 'jeff48@example.net', '1415285859'),
(411, 'Jenna', 'Smith', 23, 'yphillips@example.net', '4639173900'),
(412, 'Alan', 'Smith', 25, 'craigterri@example.org', '0439807877'),
(413, 'Travis', 'Harrison', 46, 'tanya56@example.org', '2733637073'),
(414, 'Susan', 'Garza', 66, 'yvonne34@example.org', '7531430988'),
(415, 'Lauren', 'Richards', 58, 'cameronscott@example.net', '8065112170'),
(416, 'Alexander', 'Gonzalez', 52, 'nicholsalexandria@example.org', '0784539222'),
(417, 'Kevin', 'Copeland', 67, 'frank68@example.org', '7452448605'),
(418, 'James', 'Brown', 56, 'maxwellwayne@example.net', '7171315636'),
(419, 'Jamie', 'Robbins', 30, 'jesse86@example.org', '7788072103'),
(420, 'Larry', 'West', 28, 'laurentran@example.org', '2697487485'),
(421, 'Curtis', 'Dawson', 61, 'creed@example.com', '6907041136'),
(422, 'Johnny', 'Hurley', 48, 'ymoore@example.org', '2104031528'),
(423, 'Kenneth', 'Smith', 38, 'hessdennis@example.net', '7021644153'),
(424, 'Kelly', 'Singh', 51, 'karenpalmer@example.net', '2987076344'),
(425, 'Kayla', 'Cervantes', 48, 'timothymoss@example.net', '0555089848'),
(426, 'Megan', 'Williams', 38, 'kevinalexander@example.net', '1720055873'),
(427, 'Jessica', 'Taylor', 42, 'joshuabuck@example.com', '2317678230'),
(428, 'Stacy', 'Sanders', 56, 'copelandgary@example.org', '2452480558'),
(429, 'Melissa', 'Cabrera', 18, 'petersnicole@example.com', '6175147003'),
(430, 'Amy', 'Hayes', 55, 'orraimee@example.org', '9293974565'),
(431, 'Olivia', 'Warner', 21, 'levinetrevor@example.org', '2148607606'),
(432, 'Regina', 'Jones', 36, 'fleach@example.com', '7778722756'),
(433, 'Ricardo', 'Castillo', 61, 'michele77@example.com', '5945496251'),
(434, 'Cynthia', 'Wallace', 56, 'jennifer08@example.org', '7318685397'),
(435, 'Nicholas', 'Campos', 21, 'jeffreycoleman@example.net', '8266523054'),
(436, 'Michael', 'Rowland', 30, 'stephenblackwell@example.net', '5888166643'),
(437, 'Courtney', 'Carr', 57, 'kelsey17@example.com', '2538403114'),
(438, 'Mark', 'Humphrey', 68, 'fryan@example.net', '7112761753'),
(439, 'Frank', 'Wade', 32, 'karen39@example.org', '4992649677'),
(440, 'Erin', 'Hardy', 54, 'jkelly@example.org', '3015096158'),
(441, 'Kayla', 'Clark', 34, 'josehenderson@example.com', '2141026735'),
(442, 'Cody', 'Schultz', 20, 'lopezmichael@example.net', '5114696489'),
(443, 'Katie', 'Abbott', 46, 'brett22@example.org', '5005949668'),
(444, 'Kenneth', 'Gaines', 19, 'xgriffin@example.com', '5584898508'),
(445, 'Daniel', 'Clements', 55, 'skelley@example.com', '5577803717'),
(446, 'Robert', 'Conner', 36, 'jane23@example.com', '9618506729'),
(447, 'Rhonda', 'Jones', 62, 'ophillips@example.org', '0234553437'),
(448, 'Alexandria', 'Melton', 63, 'laura11@example.net', '7150960069'),
(449, 'Scott', 'Gonzalez', 26, 'wallstheresa@example.com', '9453878307'),
(450, 'Mitchell', 'Patterson', 58, 'devinpeterson@example.com', '4112832129'),
(451, 'Michael', 'Kaufman', 68, 'jaredchavez@example.com', '0194140900'),
(452, 'Molly', 'Ibarra', 25, 'alicia26@example.org', '8894515236'),
(453, 'Kimberly', 'Baker', 21, 'tina08@example.net', '2749008062'),
(454, 'Taylor', 'Williams', 66, 'kimberly33@example.org', '7355996395'),
(455, 'Jeffrey', 'Fitzgerald', 29, 'andrew16@example.net', '1225917429'),
(456, 'Nicholas', 'Rodriguez', 18, 'thuynh@example.com', '1889838415'),
(457, 'Dawn', 'Watson', 35, 'vpeterson@example.org', '7549255812'),
(458, 'Danielle', 'Robinson', 31, 'jonescindy@example.com', '8911384904'),
(459, 'Samantha', 'Tucker', 21, 'rnolan@example.net', '7550466428'),
(460, 'Lisa', 'Wright', 19, 'robert39@example.net', '0156745392'),
(461, 'Sean', 'Black', 55, 'bethrodriguez@example.net', '6077196398'),
(462, 'Audrey', 'Mills', 48, 'joan65@example.org', '1056130022'),
(463, 'Matthew', 'Shepherd', 58, 'janderson@example.com', '2092790475'),
(464, 'Donald', 'Rodriguez', 38, 'nicholas30@example.net', '7689415773'),
(465, 'Rebecca', 'Myers', 60, 'pmorgan@example.org', '2423172727'),
(466, 'Dustin', 'White', 54, 'sserrano@example.net', '5472049691'),
(467, 'William', 'Rodriguez', 44, 'uwolf@example.net', '4659216194'),
(468, 'Shelby', 'Weber', 56, 'cmoore@example.org', '5770021033'),
(469, 'Erin', 'Reeves', 48, 'kevinrose@example.org', '8411372283'),
(470, 'Alejandra', 'Sutton', 66, 'claytonstafford@example.com', '5582761124'),
(471, 'Christopher', 'Robertson', 48, 'lisa05@example.net', '2454337080'),
(472, 'Kristy', 'Thompson', 27, 'myersraymond@example.com', '3650246671'),
(473, 'Lorraine', 'Thomas', 70, 'ejohnson@example.net', '5237360538'),
(474, 'Tamara', 'Hart', 56, 'armstrongrebecca@example.org', '3346886261'),
(475, 'Pamela', 'Carpenter', 67, 'lopezmindy@example.com', '3377558755'),
(476, 'Jennifer', 'Hawkins', 43, 'vstrickland@example.org', '9000999957'),
(477, 'Scott', 'Rodriguez', 40, 'hannah91@example.org', '5987659326'),
(478, 'David', 'Mccarthy', 35, 'sharprobin@example.org', '0604120971'),
(479, 'James', 'Norton', 19, 'reyesstacey@example.org', '0599506791'),
(480, 'Amy', 'Jones', 69, 'kennethriley@example.org', '3172589703'),
(481, 'Kenneth', 'Russell', 23, 'erin56@example.net', '0301905923'),
(482, 'William', 'Stephenson', 51, 'gyoung@example.org', '0204977129'),
(483, 'Heather', 'Wilson', 69, 'whitescott@example.org', '6338559464'),
(484, 'Dorothy', 'Hall', 65, 'christopher82@example.com', '0234203190'),
(485, 'Patrick', 'Moore', 29, 'sjohnson@example.org', '6147727881'),
(486, 'Kenneth', 'Jarvis', 18, 'dorseydaniel@example.com', '6684329097'),
(487, 'Amanda', 'James', 57, 'reedalyssa@example.net', '1256327118'),
(488, 'Karen', 'Silva', 33, 'lisawhite@example.net', '3026272957'),
(489, 'Joseph', 'Wagner', 27, 'vstewart@example.com', '1185587011'),
(490, 'Eduardo', 'Walker', 30, 'christianjohnson@example.net', '9382006888'),
(491, 'Jason', 'Davis', 57, 'david57@example.org', '7703147836'),
(492, 'Natalie', 'Saunders', 63, 'wellsjames@example.com', '6922187031'),
(493, 'Jeffery', 'Gonzalez', 59, 'connorcowan@example.com', '3190231013'),
(494, 'Jessica', 'Page', 54, 'jonesautumn@example.net', '2252664096'),
(495, 'William', 'Carter', 49, 'sandra79@example.org', '3264832670'),
(496, 'Joseph', 'Johnson', 53, 'karenporter@example.com', '9247515163'),
(497, 'Heather', 'Smith', 48, 'patrickrebecca@example.net', '5437345085'),
(498, 'Jacob', 'Wright', 32, 'kathleenhardy@example.org', '6342826951'),
(499, 'Kayla', 'Le', 18, 'davenportzachary@example.net', '7362424152'),
(500, 'Nicholas', 'Cardenas', 49, 'kim37@example.org', '5888496554'),
(501, 'James', 'Stewart', 68, 'darlenewalters@example.org', '7502695491'),
(502, 'William', 'Mcguire', 27, 'aprilstewart@example.org', '2928274196'),
(503, 'Michael', 'Brown', 35, 'robert08@example.com', '5479162173'),
(504, 'Michael', 'Bowers', 33, 'lynn77@example.com', '5766571456'),
(505, 'Jason', 'Fox', 70, 'donald95@example.net', '1841313658'),
(506, 'Ashley', 'Jimenez', 66, 'joseph25@example.org', '8079881303'),
(507, 'Amanda', 'Wall', 32, 'hernandezmichael@example.net', '6027366738'),
(508, 'Theresa', 'Flores', 38, 'daniellara@example.com', '2402388740'),
(509, 'Evan', 'Robbins', 19, 'lisa77@example.com', '6936128840'),
(510, 'Lisa', 'Owen', 60, 'kristamelton@example.com', '4171165618'),
(511, 'Patrick', 'Saunders', 36, 'daisy04@example.net', '2438457193'),
(512, 'Lisa', 'Molina', 40, 'brightmark@example.net', '2078828488'),
(513, 'Ian', 'Lynn', 56, 'terrirogers@example.net', '7178799420'),
(514, 'Erin', 'Mcdowell', 61, 'otaylor@example.net', '6949556884'),
(515, 'Matthew', 'Burnett', 40, 'whuber@example.org', '8820225968'),
(516, 'Matthew', 'Hoffman', 44, 'smoore@example.com', '7669180836'),
(517, 'Steven', 'Moore', 45, 'tracy27@example.com', '2377298682'),
(518, 'Joseph', 'Irwin', 37, 'nelsondawn@example.net', '7341782012'),
(519, 'Christopher', 'Lopez', 69, 'matthew82@example.com', '9296476381'),
(520, 'Gabriel', 'Bond', 33, 'rhodesedward@example.net', '3363639231'),
(521, 'Andre', 'Stephens', 43, 'tdouglas@example.net', '3464433540'),
(522, 'James', 'Sanders', 44, 'mtrevino@example.org', '4287733312'),
(523, 'Lisa', 'Henry', 63, 'leachholly@example.net', '1994004985'),
(524, 'Kevin', 'Burke', 44, 'tpatel@example.org', '1479024605'),
(525, 'Sara', 'Rios', 48, 'wendywilliams@example.org', '8896092060'),
(526, 'Maria', 'Carpenter', 39, 'ashlee48@example.org', '3847761599'),
(527, 'Sarah', 'Chapman', 44, 'carlajohnson@example.com', '8869354886'),
(528, 'Russell', 'Foley', 61, 'nicholasmyers@example.com', '8025045925'),
(529, 'Colin', 'Robertson', 62, 'williamcarter@example.net', '8342265548'),
(530, 'Lisa', 'Johnson', 67, 'brian95@example.com', '1214508255'),
(531, 'Mark', 'Klein', 26, 'julia99@example.com', '9524469623'),
(532, 'Shannon', 'Wilson', 22, 'leonarddillon@example.org', '1093186581'),
(533, 'Thomas', 'Vasquez', 38, 'greertracie@example.org', '8869470190'),
(534, 'Ryan', 'Gutierrez', 64, 'smithdalton@example.com', '6159202704'),
(535, 'Katherine', 'Lester', 61, 'hmeyers@example.org', '6438944092'),
(536, 'Ariel', 'Pope', 24, 'jessicawilson@example.org', '6568698427'),
(537, 'Nathan', 'Murray', 59, 'wmatthews@example.com', '8324942831'),
(538, 'John', 'Copeland', 23, 'matthewmorgan@example.net', '3433638186'),
(539, 'Matthew', 'King', 35, 'lauren96@example.org', '7929574195'),
(540, 'Joshua', 'Benitez', 44, 'wwarner@example.com', '3623036113'),
(541, 'Mary', 'Smith', 47, 'dianemyers@example.net', '5735622377'),
(542, 'David', 'Powell', 29, 'mckeenathaniel@example.net', '5945867539'),
(543, 'Eric', 'Jones', 32, 'fdiaz@example.com', '4273748570'),
(544, 'Stephanie', 'Johnson', 56, 'dleach@example.org', '8364324174'),
(545, 'Jonathan', 'Luna', 22, 'michael46@example.com', '2197348756'),
(546, 'Lisa', 'Shea', 55, 'nhawkins@example.org', '5230221088'),
(547, 'Rebecca', 'Luna', 65, 'jamie41@example.org', '5805380316'),
(548, 'Stephanie', 'Harris', 54, 'brighttraci@example.com', '3223261562'),
(549, 'Michelle', 'Owen', 61, 'mary50@example.com', '9578556858'),
(550, 'Angela', 'Young', 35, 'alecanderson@example.net', '4261226603'),
(551, 'Erika', 'Lee', 18, 'sarathompson@example.org', '7968766322'),
(552, 'James', 'Martinez', 70, 'nbaldwin@example.org', '8306941069'),
(553, 'Lauren', 'Martinez', 37, 'barrettbrianna@example.com', '4222077575'),
(554, 'Kayla', 'Berry', 53, 'juliejones@example.net', '6265336820'),
(555, 'Daniel', 'Rodriguez', 30, 'ryanrobinson@example.com', '9461965561'),
(556, 'Andrew', 'Washington', 43, 'leslie01@example.org', '8533740575'),
(557, 'Robert', 'Smith', 54, 'bartlettthomas@example.com', '0649643840'),
(558, 'Jesse', 'Long', 54, 'andrew30@example.com', '2246409974'),
(559, 'Kimberly', 'Martin', 70, 'fmorris@example.org', '0168883860'),
(560, 'Christine', 'Marks', 50, 'dlopez@example.com', '4695677532'),
(561, 'Brandy', 'Peterson', 35, 'zspencer@example.net', '1192953157'),
(562, 'Michael', 'Ellis', 42, 'pagedaniel@example.org', '7662507677'),
(563, 'Brittany', 'Parks', 33, 'yjones@example.com', '9214388711'),
(564, 'Stephen', 'Fisher', 42, 'john73@example.com', '2561935517'),
(565, 'Amber', 'Decker', 39, 'zowens@example.com', '2152301769'),
(566, 'Brooke', 'Grimes', 38, 'shannon07@example.org', '9298631343'),
(567, 'Kristi', 'Dillon', 68, 'frobertson@example.org', '6954870909'),
(568, 'Alex', 'Graham', 41, 'christinethomas@example.org', '9127114398'),
(569, 'Kimberly', 'White', 63, 'buckleythomas@example.org', '3442869610'),
(570, 'Gabrielle', 'Foster', 36, 'christopherleonard@example.com', '2377465411'),
(571, 'Gregory', 'Allen', 19, 'nsmith@example.org', '9492744877'),
(572, 'Scott', 'Estrada', 48, 'blarson@example.org', '3090409309'),
(573, 'Aaron', 'Hernandez', 18, 'anthonygarcia@example.net', '2867969295'),
(574, 'Lisa', 'Davis', 32, 'walkercharles@example.com', '4042811344'),
(575, 'Henry', 'Davis', 40, 'nicolebell@example.com', '3273614752'),
(576, 'Kimberly', 'Webster', 40, 'kdaugherty@example.net', '9798688012'),
(577, 'Robin', 'Campbell', 47, 'ehartman@example.net', '9185168770'),
(578, 'Cassidy', 'Jackson', 36, 'fsummers@example.org', '4644662798'),
(579, 'Kirk', 'Cross', 28, 'ybright@example.com', '4648899311'),
(580, 'Patricia', 'Flores', 47, 'jonathan83@example.org', '9659556633'),
(581, 'Madison', 'Lawrence', 54, 'stricklandamber@example.net', '8266086578'),
(582, 'Michael', 'Hall', 51, 'jamesmata@example.net', '0911191183'),
(583, 'Joel', 'Flores', 37, 'wtorres@example.com', '2741385170'),
(584, 'Curtis', 'Rivera', 23, 'rbrown@example.com', '5460030902'),
(585, 'Laura', 'Reed', 38, 'williamsjohn@example.com', '7476943023'),
(586, 'Katie', 'Dickerson', 26, 'wvega@example.org', '8460216749'),
(587, 'Bradley', 'Hall', 42, 'mbryant@example.com', '5303613252'),
(588, 'Kyle', 'Saunders', 63, 'pamela12@example.org', '7809551190'),
(589, 'Zachary', 'Brown', 23, 'lbird@example.com', '4181210467'),
(590, 'Kenneth', 'Grimes', 27, 'crawfordjames@example.org', '5287177949'),
(591, 'Natalie', 'Wagner', 66, 'mgarcia@example.com', '6903785317'),
(592, 'Lori', 'Jones', 69, 'david95@example.com', '3886583805'),
(593, 'Alicia', 'Martinez', 23, 'jholden@example.net', '2457861853'),
(594, 'Chad', 'Ortiz', 26, 'jessica68@example.org', '3703735840'),
(595, 'Pamela', 'Evans', 61, 'jennifer51@example.com', '2430038577'),
(596, 'Tiffany', 'Tran', 70, 'wellssamuel@example.com', '5571406401'),
(597, 'Michele', 'Turner', 21, 'zwalters@example.com', '2112840746'),
(598, 'Megan', 'Schmidt', 54, 'russelldavid@example.com', '9536885000'),
(599, 'William', 'Rich', 42, 'robin30@example.net', '7751283371'),
(600, 'Stephanie', 'Smith', 34, 'shannonhoffman@example.org', '4847656830');

INSERT INTO `images` (`image_id`, `description`, `image_file`) VALUES
(1, 'Ex corrupti minima adipisci sed aut dolore vel sit dolor, ut esse ducimus, commodi sint sed cupiditate incidunt adipisci impedit laboriosam laudantium nulla, cum praesentium debitis optio facere tempore enim dicta eveniet, id modi consequatur maxime culpa amet placeat officia nisi vel?', 'https://dummyimage.com/36x1000/'),
(2, 'Iste autem ut quibusdam nesciunt non at, vero impedit debitis pariatur eum nobis, nemo consequuntur ex consequatur cumque, corporis temporibus ducimus qui aut.', 'https://picsum.photos/741/957/'),
(3, 'Libero doloribus ipsum, a voluptatum velit.', 'https://picsum.photos/609/275/'),
(4, 'Cum tenetur quod debitis, maxime ipsam dolore atque consequuntur dolorem quod nemo explicabo labore officia, perferendis vitae sint maxime cum perspiciatis quod libero ut, sed eaque facere?', 'https://picsum.photos/475/155/'),
(5, 'Blanditiis dolor voluptas libero, consequatur inventore quia laborum sapiente vitae delectus ratione quisquam harum voluptate in, mollitia ipsa optio, numquam excepturi sequi atque veniam dolor?', 'https://placekitten.com/1012/40/'),
(6, 'Alias veritatis officiis non rem natus voluptatibus ut dolorum numquam corporis ratione, itaque sequi voluptatum aspernatur possimus, placeat quod sint laborum incidunt ratione voluptatum illo voluptatem autem impedit.', 'https://picsum.photos/434/663/'),
(7, 'Hic ex quo odio repudiandae, doloribus cumque suscipit, temporibus quaerat voluptates tempora in omnis veritatis iure iusto aliquid cumque voluptate, numquam voluptates officiis obcaecati dolore laborum ut repellendus voluptas.', 'https://placekitten.com/176/18/'),
(8, 'Itaque et quis totam unde aspernatur, quos deserunt voluptates dolore laudantium, fugit ipsam numquam vero hic veniam sit ducimus, molestiae iusto enim necessitatibus voluptatem distinctio non eum odit quasi nulla, commodi iure rem eos sapiente odit ipsam totam magni molestias ex ipsum?', 'https://placekitten.com/752/748/'),
(9, 'Eaque sunt tempore assumenda quia velit sed ipsam sit, magnam fuga quia tempore amet suscipit animi nesciunt nisi, quas laudantium consequuntur eum explicabo esse nulla sed assumenda incidunt aliquid.', 'https://placekitten.com/588/444/'),
(10, 'Tempore quia quaerat veritatis dolorum voluptatem quas nobis assumenda reiciendis similique, iusto voluptates quaerat suscipit architecto nam expedita numquam, consequuntur id necessitatibus aliquid dolore modi quas, autem minus veniam minima doloremque laborum tenetur maiores maxime magni, perspiciatis saepe asperiores animi repellat dolor ratione quod explicabo culpa?', 'https://picsum.photos/298/860/'),
(11, 'Itaque suscipit vitae fuga placeat reprehenderit tenetur tempora minima consectetur, fuga illum soluta sint iusto possimus numquam, dignissimos minus magni, ex rerum deserunt alias quos repudiandae doloribus, ipsum nisi hic tempore expedita error sed rem iste unde?', 'https://picsum.photos/588/776/'),
(12, 'Nemo fuga nulla odio velit mollitia similique, doloribus illum in tempora at adipisci alias autem suscipit ipsa nam?', 'https://dummyimage.com/601x368/'),
(13, 'Officiis iste velit, saepe omnis laboriosam aut delectus ab ad sed, aliquam consectetur amet voluptatem id porro, dolorem culpa odio dolor deleniti eos impedit laudantium et repudiandae magnam?', 'https://placekitten.com/300/531/'),
(14, 'Accusantium doloribus velit, cumque tempore necessitatibus ullam ipsam soluta voluptatum illo rerum ducimus ipsum labore.', 'https://placekitten.com/729/910/'),
(15, 'Recusandae laudantium esse voluptates consequuntur unde voluptatem vero sapiente commodi, aliquid recusandae enim accusamus exercitationem omnis, aliquam dignissimos illo sint.', 'https://placekitten.com/935/634/'),
(16, 'Est in nam ea tempora obcaecati at non molestias hic cum ducimus, quos laudantium veniam quasi non omnis at deleniti, blanditiis voluptas excepturi est explicabo, vero possimus quas distinctio quod corrupti?', 'https://picsum.photos/122/843/'),
(17, 'Ea consequuntur maxime voluptas iure ex distinctio tenetur quidem, doloremque hic asperiores recusandae aliquam maxime aspernatur atque quaerat voluptas, veritatis impedit deleniti soluta qui excepturi ex?', 'https://dummyimage.com/435x648/'),
(18, 'Ea fugiat nisi officiis, earum tempore aliquam vero reiciendis ipsum ut minima quidem optio ullam.', 'https://dummyimage.com/456x85/'),
(19, 'Quas voluptatum doloribus mollitia nostrum quos quo, tenetur atque sint minima optio explicabo facere, sapiente culpa minima natus quia assumenda nobis.', 'https://dummyimage.com/837x349/'),
(20, 'Pariatur non unde voluptatem placeat repellat ad officia dolorem facere consequuntur, commodi laborum consectetur unde officiis magni, beatae nobis officiis optio consectetur, illum error sequi ducimus voluptatem voluptatibus ipsum fugit, aliquid nulla ut commodi suscipit provident velit iusto totam in?', 'https://dummyimage.com/990x1010/'),
(21, 'Vel temporibus commodi aliquid velit at aliquam libero a ullam iste culpa, voluptatum amet illum atque vitae accusantium?', 'https://placekitten.com/924/893/'),
(22, 'Numquam repellendus voluptatibus quam accusantium ad consequuntur dignissimos explicabo obcaecati, quo dolore accusamus veritatis sapiente labore dolor quisquam sed, tempora harum quae quaerat, nostrum aliquid rem tenetur et modi dignissimos libero?', 'https://dummyimage.com/471x817/'),
(23, 'Dolor corrupti modi libero odit esse accusantium, placeat quasi sint numquam temporibus quae voluptatem fugiat nam?', 'https://placekitten.com/976/28/'),
(24, 'Facere culpa ipsa possimus quae provident impedit tempore iste fugiat expedita, dignissimos corporis asperiores labore consectetur temporibus quas enim accusantium nihil neque officia, expedita veritatis nisi minus quos repudiandae ipsam sed nihil?', 'https://picsum.photos/282/557/'),
(25, 'Ipsum ducimus dignissimos corporis labore vitae amet itaque tenetur, mollitia hic temporibus delectus incidunt nostrum similique quos reiciendis aliquam laudantium, veritatis quod quidem quibusdam cupiditate beatae autem tempore.', 'https://dummyimage.com/318x230/'),
(26, 'Qui est reiciendis corporis, dicta fuga officiis fugiat corrupti natus, animi dolores ad et distinctio ab, facilis quas assumenda ducimus?', 'https://placekitten.com/777/655/'),
(27, 'Ab fugit sed totam alias excepturi autem qui blanditiis, voluptates mollitia explicabo eaque nisi.', 'https://placekitten.com/152/391/'),
(28, 'Quidem laborum iste natus a alias ab ex quisquam voluptatum, harum doloremque quaerat, quibusdam vero esse necessitatibus praesentium voluptates rerum amet.', 'https://dummyimage.com/463x965/'),
(29, 'Magnam minus quo totam unde, veniam asperiores iusto, molestiae cum reiciendis perspiciatis aliquam corrupti quasi modi a, sed molestias exercitationem, assumenda natus nemo accusamus dolorum veniam neque est amet nesciunt sit.', 'https://placekitten.com/948/539/'),
(30, 'Quae placeat voluptatum dolores cumque in, quod ea ipsam officiis perferendis commodi, aliquam tenetur veniam?', 'https://picsum.photos/982/121/'),
(31, 'Maxime obcaecati voluptas vitae dicta inventore minima, sapiente sint cupiditate nihil, a dolores perspiciatis labore reprehenderit laudantium tempora tempore.', 'https://placekitten.com/665/280/'),
(32, 'Labore laboriosam pariatur minus quis rem quasi in animi magnam et, qui vero itaque corporis maiores omnis, quisquam dolor facere, sapiente quas quibusdam magni nostrum quos itaque earum illo dolorum quisquam, delectus inventore animi nulla similique sapiente quos nihil perferendis natus harum dolorem?', 'https://dummyimage.com/114x792/'),
(33, 'Perspiciatis iste nam, perferendis architecto doloremque voluptatum veniam, minima recusandae natus dicta, eos error nesciunt temporibus quisquam aliquid consequuntur quasi, a quae atque at sunt voluptatem illum.', 'https://placekitten.com/91/474/'),
(34, 'Minus natus rem ut molestias quas optio laborum rerum autem sint non, eum itaque doloribus saepe quasi, deserunt magni ipsa architecto illum modi numquam ea assumenda aspernatur quibusdam, facere minima totam quisquam aperiam delectus cupiditate ex omnis cum nobis fugit, aperiam laborum quasi in repellendus deleniti suscipit autem reiciendis.', 'https://dummyimage.com/51x562/'),
(35, 'Incidunt praesentium ratione quia expedita corrupti recusandae nesciunt animi error sapiente, dolorum voluptas omnis veritatis voluptate quia modi distinctio ducimus inventore expedita minima, quibusdam ut at quia quaerat deserunt ipsum illum, quidem officiis quod.', 'https://picsum.photos/333/996/'),
(36, 'A earum nulla voluptatem tenetur dolores vel necessitatibus accusamus, qui cupiditate aliquam, amet repellat ad voluptatum iure tempora ullam.', 'https://dummyimage.com/284x243/'),
(37, 'Explicabo nulla quae nostrum asperiores eius illo hic numquam sapiente rerum, explicabo nostrum earum nihil mollitia molestias reprehenderit, blanditiis impedit neque cum aperiam officiis eveniet in beatae labore, saepe cum a quod at.', 'https://picsum.photos/182/716/'),
(38, 'Explicabo vero ullam, quia a fuga, mollitia consectetur asperiores natus non dicta, nostrum voluptatem cum eaque quasi facilis asperiores ratione aperiam, natus rerum quia voluptatum animi optio adipisci in eos?', 'https://dummyimage.com/12x62/'),
(39, 'Eos facilis excepturi voluptates earum esse, mollitia fugit unde doloremque harum necessitatibus totam saepe, ipsa modi vero.', 'https://picsum.photos/698/471/'),
(40, 'Sunt et nulla earum natus ex quae voluptatibus, obcaecati temporibus possimus similique quae.', 'https://placekitten.com/557/663/'),
(41, 'Quam amet voluptatibus quos accusantium itaque labore necessitatibus, est fuga itaque eius ducimus quaerat, temporibus sunt inventore ratione pariatur ut rerum totam molestiae esse quae non, alias voluptate explicabo blanditiis.', 'https://picsum.photos/414/663/'),
(42, 'Non officiis quia animi sequi est corrupti a, velit praesentium ea numquam dolores est pariatur sed, nihil aliquam ipsam dignissimos ab quaerat placeat natus officiis labore nemo itaque?', 'https://dummyimage.com/415x216/'),
(43, 'Et inventore maxime alias facilis aspernatur explicabo temporibus, animi doloribus voluptatibus quo rerum sit ab tenetur id, soluta ex optio dignissimos.', 'https://placekitten.com/975/765/'),
(44, 'Ex fuga necessitatibus minima odio eius iure dolores esse culpa, dolorum excepturi quod omnis dignissimos odit eos sunt nihil, rerum repellat officiis inventore est minus cupiditate accusantium aspernatur facere distinctio dignissimos?', 'https://dummyimage.com/45x416/'),
(45, 'Consectetur expedita unde quae eos quos necessitatibus, ipsam quaerat dicta et aliquam nulla sunt nostrum blanditiis odit?', 'https://dummyimage.com/922x307/'),
(46, 'Ab soluta beatae aliquid voluptatem ratione aut nobis, blanditiis iure similique ut fugit enim iusto itaque libero, voluptas qui architecto maxime vel voluptatem aperiam.', 'https://placekitten.com/272/552/'),
(47, 'Repellendus dolore animi a ipsam impedit corrupti maiores, ipsum possimus necessitatibus sed dolor fugiat, vitae sunt exercitationem sed, facilis error doloribus?', 'https://placekitten.com/615/99/'),
(48, 'Laudantium sit dicta, illo doloribus repellat ipsum omnis unde deserunt beatae amet consectetur reiciendis sed?', 'https://placekitten.com/576/387/'),
(49, 'Quia iste officia porro aut iure obcaecati ipsam rem, quis quaerat ratione officia dicta sapiente officiis illum qui odit, perferendis nulla error aliquam expedita praesentium eligendi eaque autem officiis minus sit, vero at cupiditate tempora possimus modi fugit corporis natus, rerum et dignissimos eum odio ea doloribus?', 'https://placekitten.com/759/933/'),
(50, 'Dignissimos perspiciatis necessitatibus cum laborum aut facilis, ratione fugit ad consectetur placeat eaque nostrum enim reiciendis?', 'https://placekitten.com/225/822/'),
(51, 'Ullam beatae accusantium labore, eveniet est perferendis corrupti, porro rem qui molestiae amet facilis quam ut?', 'https://dummyimage.com/373x354/'),
(52, 'Velit necessitatibus beatae debitis recusandae quam autem possimus accusantium qui, quasi debitis necessitatibus voluptas totam atque illum ratione esse adipisci, illum suscipit sunt, culpa neque libero error nostrum animi odit eligendi non numquam?', 'https://placekitten.com/836/821/'),
(53, 'Rerum aperiam animi ducimus fugiat nostrum rem optio accusamus, culpa natus consequatur atque iure nam hic doloribus debitis voluptate omnis?', 'https://dummyimage.com/700x693/'),
(54, 'Odit nemo earum iste tenetur nam consequatur sunt sed eos voluptate nulla, blanditiis sed vero nulla ab rerum alias iusto neque odio cumque, voluptatem fugiat quia nam assumenda laudantium ea totam earum, officiis aut vitae repellat maxime commodi veniam perferendis natus asperiores est sunt, odio aut ipsam optio dignissimos consequuntur.', 'https://placekitten.com/1000/916/'),
(55, 'Illum excepturi officia, veniam consequuntur beatae commodi similique dolorem animi possimus, doloribus quis incidunt sed similique quaerat cumque quasi aliquam magni, ad doloribus at molestiae enim dolore.', 'https://dummyimage.com/61x236/'),
(56, 'Nulla mollitia alias distinctio, doloremque libero repellat adipisci pariatur ea aperiam nisi modi corrupti ex.', 'https://dummyimage.com/159x552/'),
(57, 'Iure ea quae maiores laborum asperiores unde, ullam porro aliquid culpa?', 'https://placekitten.com/500/18/'),
(58, 'Cum vitae reiciendis architecto voluptates, fuga voluptas perferendis.', 'https://picsum.photos/15/299/'),
(59, 'Error reprehenderit dicta beatae dolorem vel ut aspernatur exercitationem minus iusto, tenetur cumque voluptatem quam suscipit labore, minus ipsam itaque error sed consequatur nobis reprehenderit culpa dolor illum, unde quas eligendi facere obcaecati corrupti dicta autem temporibus nulla expedita neque.', 'https://placekitten.com/856/208/'),
(60, 'Molestias omnis aspernatur labore ut laudantium libero repellendus rem obcaecati, aperiam ipsam animi ut odio obcaecati?', 'https://dummyimage.com/100x1022/'),
(61, 'Voluptatem asperiores autem velit cumque voluptatum, dolore sint ut, quia natus a minus ex.', 'https://placekitten.com/109/31/'),
(62, 'Voluptate suscipit libero repellat repellendus consequatur quae ratione quibusdam, eaque incidunt cupiditate earum ipsa facere.', 'https://dummyimage.com/960x599/'),
(63, 'Ab doloremque distinctio quos, eos at modi suscipit quod numquam eum soluta voluptate officia, iure assumenda dolore ab perferendis id eveniet quas.', 'https://picsum.photos/280/156/'),
(64, 'Ratione modi voluptatem illo nemo, necessitatibus ab fugit at corporis molestias reiciendis veritatis, cum maxime quas molestiae quod quam consequatur laborum ipsam, culpa consectetur earum delectus beatae suscipit commodi explicabo recusandae excepturi, voluptatibus ut hic?', 'https://picsum.photos/812/149/'),
(65, 'Blanditiis ut quas pariatur eos, asperiores repellat similique odio, nisi saepe molestias temporibus itaque magni perspiciatis.', 'https://placekitten.com/916/938/'),
(66, 'Cumque illo ad totam accusantium perferendis itaque eos officiis, beatae assumenda sequi necessitatibus porro vel dignissimos dolores molestias labore placeat quae, ratione quae neque earum ipsum quisquam autem fugit, rem aut vel facilis mollitia tempore?', 'https://dummyimage.com/230x29/'),
(67, 'Magni dicta beatae sint qui consequatur molestiae iure a sequi voluptate, praesentium amet doloribus eius nam, exercitationem minus nihil maiores consequatur reiciendis nam soluta error corrupti, enim obcaecati dolore eius molestias sapiente hic corporis cumque harum, ratione fugit tempora non in dolor placeat.', 'https://placekitten.com/767/762/'),
(68, 'Distinctio laudantium doloribus quis ut ipsum porro tempora ratione magni, nesciunt ex quis debitis consequuntur sit animi assumenda ut minima sequi distinctio, vitae earum optio perspiciatis explicabo atque labore?', 'https://dummyimage.com/43x379/'),
(69, 'Molestiae culpa assumenda nesciunt possimus, enim impedit veniam, id explicabo recusandae maiores reiciendis atque ullam quis laudantium veniam, voluptatum nobis accusamus consequatur dolorem at harum aliquid dolore fuga amet?', 'https://dummyimage.com/308x120/'),
(70, 'Cupiditate aspernatur rem reprehenderit atque aperiam dolore alias sunt, animi necessitatibus veritatis alias autem, voluptatibus dolorem sint?', 'https://dummyimage.com/332x214/'),
(71, 'Quisquam odio a alias consectetur est dolor obcaecati, natus eum delectus quae iste aut optio reiciendis.', 'https://dummyimage.com/976x1011/'),
(72, 'Sint quo pariatur facere, ipsum quae eaque aperiam eveniet sunt sequi ipsam voluptate praesentium?', 'https://dummyimage.com/739x309/'),
(73, 'Nostrum temporibus doloribus similique, fugiat voluptas hic, fugit ipsa doloribus tempora officia quia consequatur voluptates.', 'https://picsum.photos/52/124/'),
(74, 'Qui ipsam voluptate aliquam ad officiis labore in sed fuga, molestiae mollitia reprehenderit voluptatibus voluptatum harum?', 'https://picsum.photos/381/332/'),
(75, 'Minus dolor nobis animi, provident possimus impedit expedita quidem, rerum reprehenderit dolorum distinctio cupiditate voluptate eius accusantium necessitatibus incidunt alias est.', 'https://placekitten.com/676/11/'),
(76, 'Incidunt atque tenetur ab deserunt commodi laboriosam autem nisi corrupti error illo, sunt voluptatibus eligendi ad iure vel dolorum perspiciatis quibusdam, doloribus velit dignissimos vero blanditiis, in minima sed ipsum provident est accusantium repellendus amet, velit provident voluptate molestias dignissimos hic impedit id harum laborum?', 'https://placekitten.com/651/618/'),
(77, 'Error itaque obcaecati nam quasi numquam alias tempora architecto totam repudiandae, cumque laborum illo voluptate maxime omnis nam dicta, ad maxime odit?', 'https://placekitten.com/355/94/'),
(78, 'Quidem vitae odio quo aliquam maxime atque dolore, accusamus aspernatur dolore et magni quaerat magnam soluta vitae quo suscipit, dolore magnam ullam voluptatem?', 'https://picsum.photos/611/117/'),
(79, 'Distinctio expedita provident ratione magni atque laborum, consectetur assumenda ad esse quaerat facere labore nam laudantium unde ratione, repellat ipsa magni iure nesciunt porro modi veniam deleniti rem perspiciatis, ea minus voluptatibus nam obcaecati, quidem rem placeat quo error necessitatibus enim maiores neque porro?', 'https://placekitten.com/13/803/'),
(80, 'Quidem doloribus quos nostrum voluptatem aperiam incidunt repellendus, provident neque architecto enim reiciendis distinctio est atque cupiditate, sed vel dolorem tenetur veritatis perspiciatis hic officia soluta dolorum libero, nostrum corrupti possimus fugit sint libero suscipit eos aliquam, sed distinctio repellat.', 'https://placekitten.com/556/729/'),
(81, 'Vitae rem dolorem perspiciatis nam labore reprehenderit temporibus quo, voluptatem earum hic placeat ratione, quibusdam perspiciatis voluptatem quia veniam ipsam esse nesciunt, possimus ea in necessitatibus mollitia natus modi, animi odit eum enim aliquid?', 'https://placekitten.com/344/817/'),
(82, 'Impedit reiciendis eos similique sit commodi veritatis fuga quaerat cupiditate quisquam, voluptatibus reiciendis sunt doloremque quasi vitae velit sapiente vero voluptas ut, laboriosam blanditiis hic itaque odit tempora nostrum error.', 'https://picsum.photos/453/82/'),
(83, 'Molestiae qui quod commodi iure repellendus repudiandae corporis et numquam vitae voluptatum, possimus repudiandae hic nisi illum aspernatur ullam pariatur.', 'https://placekitten.com/950/521/'),
(84, 'Placeat ducimus veniam laudantium facere harum molestiae at repudiandae explicabo, voluptatibus aperiam nesciunt, voluptates aliquid quae corrupti beatae aperiam possimus saepe, qui vel nam reiciendis dolore suscipit saepe?', 'https://placekitten.com/229/332/'),
(85, 'Explicabo obcaecati consectetur officiis, delectus illo a repudiandae fuga deleniti rerum amet eveniet.', 'https://dummyimage.com/448x431/'),
(86, 'Voluptatum cum nostrum, sit alias ut non eaque, fuga quisquam magnam assumenda quibusdam dolorem debitis accusantium nulla delectus, saepe soluta nesciunt repellendus molestias quod.', 'https://placekitten.com/241/323/'),
(87, 'Impedit fuga quasi facere, odit nobis cumque ipsum, sunt molestiae nesciunt provident itaque ea maxime obcaecati soluta, magnam vero quis nesciunt quam sequi reprehenderit, iure aliquid et delectus velit quo animi praesentium?', 'https://placekitten.com/443/363/'),
(88, 'Mollitia quod itaque id neque accusantium qui excepturi ullam aspernatur, obcaecati natus quisquam quibusdam?', 'https://picsum.photos/650/255/'),
(89, 'Modi veritatis hic aliquam odio assumenda eum molestiae inventore, illum minima delectus alias voluptatibus nemo iure pariatur ullam, iure officia quibusdam veniam facilis impedit quam minima ea praesentium hic, velit natus autem voluptatibus veniam nobis eligendi quisquam fuga repellat dolor, blanditiis modi culpa maxime similique vero inventore.', 'https://dummyimage.com/832x533/'),
(90, 'Nostrum cumque modi eos ipsum eaque ut tempora hic minus non, animi minus aliquam dolores itaque alias eligendi, dolorem adipisci reiciendis provident quia at doloremque id.', 'https://picsum.photos/389/431/'),
(91, 'Eaque eum nobis fugit quas hic labore debitis suscipit, sint odio distinctio commodi reprehenderit eum dolorem neque nihil omnis quis.', 'https://dummyimage.com/934x342/'),
(92, 'Placeat nostrum veritatis, corporis placeat repellendus non quisquam dolorum tempora rerum, blanditiis rem voluptate, ipsam quaerat labore amet debitis ea voluptates deserunt sit sunt porro odit, tenetur error odio.', 'https://dummyimage.com/357x279/'),
(93, 'Optio enim nisi dolores, inventore deleniti veritatis ullam dicta repudiandae illo.', 'https://picsum.photos/9/383/'),
(94, 'Velit impedit ex suscipit quasi quos repellendus possimus id sit in vel, nemo accusamus voluptatibus delectus quae ex qui sit dignissimos unde animi perferendis.', 'https://picsum.photos/47/723/'),
(95, 'Dignissimos eaque doloremque sunt quas cupiditate saepe provident blanditiis cum voluptate, ex excepturi molestiae sit ducimus porro in repellat quas minima id possimus.', 'https://picsum.photos/51/916/'),
(96, 'Autem minima inventore sunt itaque animi maxime laborum nihil perspiciatis, voluptate veniam tempore architecto quod officia eaque at natus, quisquam provident voluptates libero quod dolorum quasi laboriosam temporibus?', 'https://placekitten.com/995/969/'),
(97, 'Pariatur repellat ullam obcaecati voluptas, deleniti porro repellat repellendus maxime eum, aperiam voluptates adipisci vel illum fugit eos quod culpa beatae, pariatur tempore eligendi distinctio tenetur iste.', 'https://placekitten.com/118/952/'),
(98, 'Voluptas necessitatibus recusandae sequi reiciendis animi, deleniti earum omnis deserunt quidem asperiores in quisquam, commodi mollitia minus est laudantium quia, sapiente adipisci illo aperiam delectus velit hic consectetur ab tenetur, officia deserunt doloremque aperiam.', 'https://dummyimage.com/604x906/'),
(99, 'Unde quibusdam dignissimos temporibus reiciendis labore architecto ex dolores vero harum sapiente, ratione facere quam beatae laudantium recusandae aspernatur repellat quisquam, unde dignissimos at aliquam laboriosam, delectus est nulla eos corrupti qui necessitatibus officiis a veritatis.', 'https://placekitten.com/71/165/'),
(100, 'Et provident repellendus facilis doloribus quasi perferendis obcaecati, eum rem eaque.', 'https://picsum.photos/1005/837/');

INSERT INTO `location` (`id`, `address`, `geo_coordinates`, `city`, `country`, `continent`) VALUES
(1, "3702 Jacob Parkway Apt. 273, Port Briantown, AR 96406", "22.794611,-6.311142", "West Jamesport", "Belarus", "South America"),
(2, "9664 David Mission, Debraview, VT 69802", "4.111582,93.552180", "East Nathanmouth", "Macao", "Oceania"),
(3, "130 Heather Turnpike, Kimberlyburgh, CO 04720", "-64.209874,94.896711", "Webbfort", "French Polynesia", "Antarctica"),
(4, "USS Fields, FPO AP 00945", "-55.743592,-119.761203", "West Marybury", "Heard Island and McDonald Islands", "Europe"),
(5, "452 Williams Fords, Rodriguezton, MO 88893", "11.183345,-61.533692", "Stevensbury", "Turks and Caicos Islands", "North America"),
(6, "406 Alexander Meadows, Jessicashire, SC 75902", "-34.404310,-131.440345", "Adamsport", "Saint Pierre and Miquelon", "Antarctica"),
(7, "35768 Thomas Island Suite 395, Port Melissaland, NJ 40148", "-73.022036,10.448212", "Armstrongshire", "Bosnia and Herzegovina", "North America"),
(8, "60476 Mitchell Ridge Apt. 458, West Manuel, GU 14124", "-20.956388,-28.123265", "South Kimberly", "Romania", "Europe"),
(9, "500 Harrison Plains Apt. 789, Lopezview, MA 89622", "-37.900802,164.225903", "Lake Lisa", "Saint Barthelemy", "Antarctica"),
(10, "928 Luis Underpass Suite 747, South Jonathanville, AR 27019", "-78.960734,-1.902289", "East Tina", "Macao", "Africa"),
(11, "3202 Williams Coves Suite 087, Alyssaland, MP 86357", "7.658610,4.268766", "Hatfieldshire", "Canada", "Oceania"),
(12, "245 Hill Parkway Apt. 313, New Lisaport, VI 11595", "-6.320254,29.125115", "Danielmouth", "British Virgin Islands", "Antarctica"),
(13, "79475 Davis Junction, Smithton, OR 29998", "-87.000482,175.456699", "Bushburgh", "Serbia", "South America"),
(14, "835 Jerome Dale Suite 993, New Brianshire, TX 12947", "40.013770,118.622324", "East Robert", "Cocos (Keeling) Islands", "Oceania"),
(15, "73794 Anthony Summit, Stephensfort, MO 87876", "-41.067011,110.137321", "Shelleyland", "Wallis and Futuna", "Oceania"),
(16, "70052 Nielsen Row Apt. 076, North Angelaburgh, AS 53864", "-65.852858,-139.180198", "New Robertfort", "Russian Federation", "North America"),
(17, "9428 Schneider Rest Suite 610, East Kimberlychester, AK 33166", "60.490272,-137.974390", "Masonfort", "Zimbabwe", "Antarctica"),
(18, "75566 Silva Village, Sherryfurt, PA 29434", "67.609038,120.383960", "Port Jerryport", "Swaziland", "Asia"),
(19, "89815 Susan Alley Suite 042, Jodymouth, KY 68666", "65.098332,163.161046", "South Tara", "Monaco", "Asia"),
(20, "7589 Jennifer Mountain, Wilsonchester, GU 95700", "17.079138,-31.669839", "Port Larryville", "Macao", "North America"),
(21, "97633 Nguyen Ferry Apt. 764, Port Kristafort, WY 65190", "35.303703,-124.260332", "Davisland", "Korea", "North America"),
(22, "80951 Rebecca Manors, Chrishaven, RI 06865", "-51.078419,80.391983", "East Brendamouth", "Vanuatu", "Asia"),
(23, "91925 White Shores Apt. 945, New Williamfort, NC 40424", "-16.955048,124.551158", "North Michellefort", "Zambia", "North America"),
(24, "43220 Bailey Green, North Todd, MN 94994", "78.273116,141.311566", "South Richard", "Montserrat", "North America"),
(25, "000 Jessica Ramp, North Brianport, LA 07515", "-50.993046,-4.194457", "West Christopherstad", "Gibraltar", "Oceania");

INSERT INTO `locationPhotos` (`location_id`, `photo`) VALUES
(1,31),
(2,23),
(3,30),
(4,22),
(5,36),
(6,39),
(7,27),
(8,21),
(9,29),
(10,28),
(11,38),
(12,26),
(13,24),
(14,33),
(15,34),
(16,25),
(17,37),
(18,35),
(19,32),
(20,40),
(21,NULL),
(22,NULL),
(23,NULL),
(24,NULL),
(25,NULL);

INSERT INTO `artistband` (`id`, `type`, `name`, `alias`, `birthdate_formation_date`, `website`, `instagram`,`image`) VALUES
(1, 'Artist', 'Susan Clayton', 'warrenjill1', '2018-04-18', 'https://moyer.com/', 'https://www.instagram.com/jfhwspbesxybjjcwqdtnujmtquwlxniiojonopfafkmydkchtem.com/',4 ),
(2, 'Artist', 'Kathleen Cobb', 'qsteele2', '2012-04-10', 'https://www.williamson-smith.info/', 'https://www.instagram.com/oufhdrpvaixoujybgtitaxouhpdmuylxnnseveydantmaqienhypw.biz/',6 ),
(3, 'Artist', 'William Nichols', 'lauramartinez3', '1974-07-24', 'https://www.simmons-rich.net/', 'https://www.instagram.com/flkgmkfngkvfupc.info/',2 ),
(4, 'Artist', 'Traci Mitchell', 'wrush4', '1980-11-24', 'https://marsh-alvarado.org/', 'https://www.instagram.com/yqqxnlpkgsqk.com/',5 ),
(5, 'Artist', 'Shannon Richards', 'brookeburns5', '1973-01-20', 'https://www.avila-smith.net/', 'https://www.instagram.com/oogduoqtdmocqhuxkeiwurbjoqjhgi.info/',10 ),
(6, 'Artist', 'John Gray', 'diazandrew6', '1975-01-04', 'https://wu-pitts.biz/', 'https://www.instagram.com/eyhjwjlwmutmfnrdiburmjueqifquuscdbyatidvupnyaultnqbfbdxdrxs.org/',9 ),
(7, 'Artist', 'Connie Vega', 'caitlin417', '1981-04-07', 'https://mcgrath.com/', 'https://www.instagram.com/gxmwqpgvavwceppuvtvdxikutisoobfkkvaojlwcrjrbvrtfkrestjqkoatk.com/',7 ),
(8, 'Artist', 'David Owens', 'elizabethespinoza8', '2009-11-13', 'https://www.dominguez-carpenter.com/', 'https://www.instagram.com/ihaclopojqohjsixjjinwrkocpuqflgvxarknisliveahgfxnloobfkpn.com/',3 ),
(9, 'Artist', 'Michael Freeman', 'hahnkathleen9', '2003-11-05', 'http://www.malone.net/', 'https://www.instagram.com/ekcbrxtdbtbamf.com/',1 ),
(10, 'Band', 'Hooper-Bennett', 'kevin8310', '1992-01-10', 'https://www.anderson-madden.biz/', 'https://www.instagram.com/ttmagkuegtceqjsucvvyuewe.org/',8 ),
(11, 'Artist', 'Ashley Daniels', 'audreycurry11', '2014-03-27', 'https://www.young.org/', 'https://www.instagram.com/cjavndrsqaeciwrbubmmwhsrdjlcsnlaywyscxrlxqmyukglebwxhft.com/',NULL ),
(12, 'Artist', 'Megan Rodriguez', 'hawkinsjeremy12', '1972-01-17', 'https://horton.com/', 'https://www.instagram.com/rhoxgapgxrqlsfnphrtigaefkjstdtlbm.info/',NULL ),
(13, 'Artist', 'Eric Freeman', 'jesse5213', '1993-10-05', 'https://www.duncan.com/', 'https://www.instagram.com/hxmhfcukaplxawrsypcrwflxbhibrayfommsnthjafpcpwilrnunblaxxkvfbd.com/',NULL ),
(14, 'Artist', 'Amanda Gallegos', 'lcortez14', '1974-04-08', 'http://castillo.org/', 'https://www.instagram.com/yahluujlnbabsmwsbexdj.net/',NULL ),
(15, 'Band', 'Allen-Cross', 'diananicholson15', '1984-01-23', 'http://smith.com/', 'https://www.instagram.com/hfrtssl.com/',NULL ),
(16, 'Artist', 'Ruben Haney', 'mariajohnson16', '1990-02-04', 'http://warren-cook.com/', 'https://www.instagram.com/lnfljhlxuriddhxsuftoebeatfitimljmgmsmjmnqjfcsothrbekouv.info/',NULL ),
(17, 'Band', 'Wilson Ltd', 'alexisweaver17', '2013-07-17', 'http://www.patel-tucker.org/', 'https://www.instagram.com/iattwmajdiwuvwjdawrghmealqgwqurhqmdbeocukowm.biz/',NULL ),
(18, 'Artist', 'Jacqueline Rogers', 'johndelgado18', '1976-12-27', 'http://www.walton.net/', 'https://www.instagram.com/siduonqjahshymmetlyetfeymvbkbcgnhmmdjbhjtp.com/',NULL ),
(19, 'Artist', 'Robert Hamilton', 'dsanders19', '1997-12-19', 'http://king-arnold.com/', 'https://www.instagram.com/tyuqyidvfrefktnwyqjoavshytukaordvfrefktnw.net/',NULL ),
(20, 'Artist', 'Matthew Mcclain', 'smithanita20', '1999-03-16', 'http://townsend.com/', 'https://www.instagram.com/aalsseekockibxrndceihdapqssmylxpsaorwvutmyoncrwk.biz/',NULL ),
(21, 'Artist', 'Dr. Brian Rodriguez Jr.', 'dillonamanda21', '1972-10-19', 'https://www.martinez.org/', 'https://www.instagram.com/hhysbwvuwobrllujtdnbaydeuruutocmlu.info/',NULL ),
(22, 'Artist', 'Jeffrey Nguyen', 'perezkyle22', '1976-02-28', 'https://www.drake.net/', 'https://www.instagram.com/mfjpivqeticqfoaeqsfoklnaninxuaetwpwbabd.info/',NULL ),
(23, 'Band', 'Moore, Barton and Robinson', 'karazavala23', '2005-10-02', 'https://www.boone.com/', 'https://www.instagram.com/frmygluxwcsqunyqufyqpasqkvrxptoefafxtppmkybdpwcafeedig.com/',NULL ),
(24, 'Artist', 'Sharon Davis', 'danielleallen24', '1988-06-05', 'https://delacruz-mccullough.info/', 'https://www.instagram.com/hnwlpkabhnkpcrbpna.net/',NULL ),
(25, 'Artist', 'Christopher Lee', 'baileydennis25', '2008-02-07', 'https://hill.info/', 'https://www.instagram.com/vnkofgubq.net/',NULL ),
(26, 'Artist', 'Evan Terry', 'johnsongrace26', '1982-01-20', 'https://www.smith.com/', 'https://www.instagram.com/okgajkqrqgglhoyuwbkworfsmodtkdblivkptwvvbknwn.com/',NULL ),
(27, 'Artist', 'Kevin Mcbride', 'sparksjoseph27', '2002-01-11', 'http://gordon-simmons.com/', 'https://www.instagram.com/glkod.biz/',NULL ),
(28, 'Band', 'Vasquez-Rodriguez', 'pameladavis28', '2015-05-13', 'https://ward-barnes.com/', 'https://www.instagram.com/aytmgubmpdepowbewqbrjielweygxemreynkgpmfveqfaasdeonyq.biz/',NULL ),
(29, 'Artist', 'April Fletcher', 'frasmussen29', '1970-01-30', 'http://www.patel-smith.com/', 'https://www.instagram.com/wbtmdpofwngjlpkvnaprhxecmhwfk.net/',NULL ),
(30, 'Artist', 'Christopher Hill', 'sarahsmith30', '2003-03-21', 'https://www.tucker.com/', 'https://www.instagram.com/uuclcfwitbugksukdjbcmmcejeysxurvp.com/',NULL ),
(31, 'Artist', 'Todd Taylor', 'morgantiffany31', '2013-03-24', 'http://www.roman-west.com/', 'https://www.instagram.com/jeacplwxnlwj.com/',NULL ),
(32, 'Artist', 'Kelli Ortiz', 'bryan2532', '2015-10-30', 'http://www.wagner.com/', 'https://www.instagram.com/gshxmvifeegkoanimkgptvbpaojdjfxifeegkoanimkgptvbpaojdjfxifee.biz/',NULL ),
(33, 'Artist', 'Amanda Macdonald', 'mooreyvonne33', '1990-09-06', 'https://www.smith-kramer.com/', 'https://www.instagram.com/xmcdaxujpvhxplkmlpipdxhdoakxemtokrvhxplkmlpipdxhdoakxemtokrvhx.org/',NULL ),
(34, 'Artist', 'Gary Smith', 'ihall34', '1998-09-15', 'https://riley.com/', 'https://www.instagram.com/esijblicyxfhy.com/',NULL ),
(35, 'Band', 'Villanueva-Taylor', 'austin9635', '1976-02-27', 'https://juarez-mitchell.com/', 'https://www.instagram.com/ylkbehcyylvjsvxtdhpdkoaokvmoncdrvhvliaeh.com/',NULL ),
(36, 'Artist', 'Henry Wilkerson', 'gonzalezbenjamin36', '1984-10-16', 'http://www.strickland.net/', 'https://www.instagram.com/tpdyoolvdxxhbkxvvafstbmes.info/',NULL ),
(37, 'Artist', 'John Davis', 'tgarcia37', '2016-01-20', 'https://garcia.com/', 'https://www.instagram.com/wssyfylsqsonkuhfaqxm.com/',NULL ),
(38, 'Band', 'Young, Hickman and Morales', 'djohnson38', '1994-08-30', 'https://www.gonzalez.org/', 'https://www.instagram.com/borngwvyxotcsiwyhgwyajemohwsxlmgdrlycysogmrwwn.com/',NULL ),
(39, 'Artist', 'Scott Parker', 'wallsamy39', '1999-04-06', 'https://www.moore.org/', 'https://www.instagram.com/psnnqocxoxktdpwanqiaxcefocoviybbedcqbgfbauqmipedoguogqqlqyuuqlc.org/',NULL ),
(40, 'Artist', 'Bonnie Stephens', 'paul7040', '1981-09-28', 'http://www.huynh-small.info/', 'https://www.instagram.com/yrihixvuwobrllujtdnbaydeuruutocmluwhockpuwdbakisuhqeulopw.net/',NULL ),
(41, 'Artist', 'Crystal Hawkins DVM', 'shelbywoods41', '1970-12-04', 'https://www.harrison.net/', 'https://www.instagram.com/byqewicytukwujfxsoidwixqi.info/',NULL ),
(42, 'Artist', 'Michelle Odonnell', 'melissa5442', '1997-05-21', 'https://anderson-ortiz.com/', 'https://www.instagram.com/ksaxgbjwxbxktehrj.com/',NULL ),
(43, 'Artist', 'Ian Ray', 'avilalouis43', '1976-03-05', 'http://www.silva.com/', 'https://www.instagram.com/lpdscopdaa.com/',NULL ),
(44, 'Artist', 'Laura King', 'scottmullen44', '1985-05-07', 'http://taylor.net/', 'https://www.instagram.com/tivixavnblklxpkamfhaqvdxpdgjgh.com/',NULL ),
(45, 'Band', 'Garcia Group', 'ybeltran45', '1980-04-03', 'https://matthews.com/', 'https://www.instagram.com/kvpwxarvgvvulfhlynopggxmtnogrbvmefcpfxceguwxobdaqksavbblow.net/',NULL ),
(46, 'Artist', 'Lauren Salazar', 'shericook46', '1992-12-02', 'https://woods.com/', 'https://www.instagram.com/fiwrldwpikahdunskasciiakgwkrqspstduvabdki.org/',NULL ),
(47, 'Artist', 'Erica Bailey', 'kleinronald47', '1985-01-02', 'https://www.miller.org/', 'https://www.instagram.com/cdpbpebjg.com/',NULL ),
(48, 'Artist', 'Darren Avery', 'racheltyler48', '1995-05-12', 'https://lee.com/', 'https://www.instagram.com/lwtqrjnjurdygjkv.biz/',NULL ),
(49, 'Artist', 'Matthew Garcia', 'callahanchristian49', '2008-07-14', 'http://www.lawson.com/', 'https://www.instagram.com/tvigltveatglnehwpfdyyelgmtp.info/',NULL ),
(50, 'Artist', 'Jacqueline Rogers', 'ericjohnson50', '2016-11-01', 'http://pearson.net/', 'https://www.instagram.com/bwhvfrxdswwftw.info/',NULL ),
(51, 'Artist', 'Samuel Jackson', 'shorne51', '1974-05-22', 'http://www.rice.info/', 'https://www.instagram.com/quvxvqkdmnwmgkptqilwnnqncqkxxvqkdmnwmgkptq.com/',NULL ),
(52, 'Artist', 'Donald Bell', 'richardterry52', '1991-10-04', 'http://www.james-smith.biz/', 'https://www.instagram.com/ptkvacjksvkfqkhcbofrqbfhkulyrkcuywmrgvrtawakirvailswey.info/',NULL ),
(53, 'Artist', 'Meghan Holland', 'haleross53', '1973-10-21', 'http://rodriguez.com/', 'https://www.instagram.com/esxtcnvpkronrsayubhghquuqtqiscmcpgqtnswepcbrmxakyibqsbsnbtwx.biz/',NULL ),
(54, 'Band', 'Olson, Ford and Thompson', 'judith5254', '1994-11-14', 'https://johnston.biz/', 'https://www.instagram.com/sixvxqkoxcblbgsgxwyfinfytttrirpjbamqsioleswyenfwqrjqr.com/',NULL ),
(55, 'Artist', 'Melissa Hunt', 'patrickjohnson55', '1983-04-09', 'http://powers.com/', 'https://www.instagram.com/vytdigkroryqb.com/',NULL ),
(56, 'Band', 'Anderson-Campbell', 'rjohnson56', '1973-09-01', 'https://wright.com/', 'https://www.instagram.com/urpticnr.com/',NULL ),
(57, 'Band', 'Hooper, Peters and Scott', 'leemills57', '2017-09-22', 'https://www.hawkins.com/', 'https://www.instagram.com/orqbbtrdbylbcxpokififhefdglpwpnmlgnmktmpokififhefdglp.com/',NULL ),
(58, 'Artist', 'Elizabeth Davis', 'robert3758', '2008-04-26', 'http://sims-mendez.org/', 'https://www.instagram.com/vvkllhpqncammbsqlcydygtkexuavjnhfvwmboeboactngiysc.com/',NULL ),
(59, 'Band', 'Frank-Hill', 'regina0959', '1988-07-28', 'http://rosario.com/', 'https://www.instagram.com/fmyppuuhglusxvnkkljjlcoworfjpcstevcwghrwwbloyhdjybjoosftopavwlk.biz/',NULL ),
(60, 'Artist', 'Mrs. Shari Torres', 'amy9860', '1995-01-19', 'https://www.bright.com/', 'https://www.instagram.com/ypqkxidrad.com/',NULL );

INSERT INTO `genre` (`id`, `genre_name`, `parent_genre`) VALUES
(1, 'Rock', NULL),
(2, 'Hard Rock', 'Rock'),
(3, 'Progressive Rock', 'Rock'),
(4, 'Punk Rock', 'Rock'),
(5, 'Jazz', NULL),
(6, 'Smooth Jazz', 'Jazz'),
(7, 'Bebop', 'Jazz'),
(8, 'Electronic', NULL),
(9, 'House', 'Electronic'),
(10, 'Techno', 'Electronic'),
(11, 'Pop', NULL),
(12, 'K-Pop', 'Pop'),
(13, 'Electropop', 'Pop'),
(14, 'Metal', NULL),
(15, 'Heavy Metal', 'Metal'),
(16, 'Black Metal', 'Metal'),
(17, 'Classical', NULL),
(18, 'Baroque', 'Classical'),
(19, 'Romantic', 'Classical');

INSERT INTO `artist_band_genre` (`artist_band_id`, `genre_id`) VALUES
(1, 3),
(2, 11),
(3, 3),
(4, 5),
(5, 3),
(6, 19),
(7, 12),
(8, 9),
(9, 18),
(10, 18),
(11, 14),
(12, 1),
(13, 17),
(14, 10),
(15, 17),
(16, 15),
(17, 15),
(18, 6),
(19, 7),
(20, 11),
(21, 14),
(22, 10),
(23, 9),
(24, 9),
(25, 13),
(26, 2),
(27, 5),
(28, 16),
(29, 11),
(30, 5),
(31, 3),
(32, 14),
(33, 18),
(34, 13),
(35, 17),
(36, 15),
(37, 14),
(38, 18),
(39, 8),
(40, 14),
(41, 2),
(42, 15),
(43, 14),
(44, 3),
(45, 12),
(46, 19),
(47, 12),
(48, 17),
(49, 18),
(50, 11),
(51, 18),
(52, 6),
(53, 13),
(54, 17),
(55, 6),
(56, 8),
(57, 7),
(58, 6),
(59, 18),
(60, 5);

INSERT INTO `memberof` (`artist_id`, `band_id`, `join_date`, `leave_date`,`role`) VALUES
(60, 10, '2016-06-14', NULL, 'Guitarist'),
(3, 15, '2012-01-21', NULL, 'Vocalist'),
(6, 15, '1985-06-17', NULL, 'Drummer'),
(37, 15, '2000-09-12', NULL, 'Bass'),
(44, 15, '2003-11-29', NULL, 'Vocalist'),
(51, 15, '2013-05-30', NULL, 'Bass'),
(52, 15, '2002-06-05', '2023-10-13', 'Piano'),
(55, 15, '2015-04-04', NULL, 'Piano'),
(32, 17, '2018-02-04', NULL, 'Guitarist'),
(55, 17, '2017-12-28', '2019-12-18', 'Violin'),
(1, 23, '2008-04-18', '2019-10-10', 'Violin'),
(7, 23, '2014-01-05', NULL, 'Guitarist'),
(9, 23, '2012-06-26', NULL, 'Drummer'),
(32, 23, '2010-03-05', '2015-10-14', 'Violin'),
(60, 23, '2016-03-09', NULL, 'Bass'),
(1, 28, '2019-09-08', NULL, 'Drummer'),
(9, 28, '2020-03-03', NULL, 'Piano'),
(31, 28, '2019-04-20', NULL, 'Violin'),
(40, 28, '2016-02-15', NULL, 'Violin'),
(3, 35, '2015-08-31', NULL, 'Drummer'),
(8, 35, '2009-09-25', NULL, 'Piano'),
(21, 35, '2020-06-14', NULL, 'Vocalist'),
(58, 35, '1993-05-07', '2020-04-06', 'Piano'),
(4, 38, '2001-11-18', NULL, 'Piano'),
(7, 38, '2001-03-16', '2002-01-23', 'Piano'),
(27, 38, '2012-04-19', NULL, 'Piano'),
(36, 38, '2002-08-10', NULL, 'Bass'),
(37, 38, '2001-03-02', '2008-12-18', 'Vocalist'),
(47, 38, '2009-01-03', '2009-05-24', 'Guitarist'),
(20, 45, '2009-03-21', NULL, 'Guitarist'),
(29, 45, '2009-09-21', NULL, 'Guitarist'),
(7, 56, '2015-07-21', NULL, 'Vocalist'),
(48, 56, '1976-12-30', NULL, 'Piano'),
(50, 56, '1986-05-18', NULL, 'Guitarist'),
(8, 57, '2018-08-29', NULL, 'Bass'),
(11, 57, '2020-07-28', NULL, 'Guitarist'),
(14, 59, '2004-08-26', NULL, 'Vocalist'),
(16, 59, '1990-01-29', '2020-10-13', 'Drummer'),
(29, 59, '2006-07-08', '2007-07-04', 'Piano'),
(30, 59, '1993-12-06', NULL, 'Guitarist'),
(55, 59, '2004-06-11', NULL, 'Vocalist');

INSERT INTO `festival` (`year`, `start_date`, `end_date`, `location_id`, `poster`) VALUES
(2015, '2015-09-29','2015-10-02', 2, 18),
(2016, '2016-03-24','2016-03-29', 20, 20),
(2017, '2017-07-21','2017-07-25', 17, 17),
(2018, '2018-07-02','2018-07-07', 15, 15),
(2019, '2019-12-06','2019-12-12', 19, 13),
(2020, '2020-02-17','2020-02-18', 6, 12),
(2021, '2021-05-05','2021-05-06', 24, 19),
(2022, '2022-12-01','2022-12-06', 9, 11),
(2023, '2023-05-09','2023-05-11', 4, 14),
(2024, '2024-12-09','2024-12-16', 23, 16);

INSERT INTO `event` (`id`, `festival_year`, `name`, `event_date`, `start_time`, `end_time`, `poster`) VALUES
(1, '2015', 'ibell', '2015-09-29', '2015-09-29 20:10:53', '2015-09-30 08:10:53', 61),
(2, '2015', 'heatherscott', '2015-09-29', '2015-09-29 01:04:17', '2015-09-29 04:04:17', 62),
(3, '2015', 'thomasgarcia', '2015-09-29', '2015-09-29 22:57:29', '2015-09-30 04:57:29', 64),
(4, '2015', 'emily94', '2015-09-29', '2015-09-29 15:27:14', '2015-09-30 00:27:14', 63),
(5, '2016', 'emily39', '2016-03-24', '2016-03-24 12:17:08', '2016-03-24 15:17:08', 68),
(6, '2016', 'reesemelissa', '2016-03-24', '2016-03-24 02:03:52', '2016-03-24 05:03:52', 67),
(7, '2016', 'erin24', '2016-03-24', '2016-03-24 06:52:49', '2016-03-24 09:52:49', 70),
(8, '2016', 'stephanieyang', '2016-03-24', '2016-03-24 15:31:37', '2016-03-25 00:31:37', 69),
(9, '2017', 'morganpatricia', '2017-07-21', '2017-07-21 12:00:33', '2017-07-21 21:00:33', 65),
(10, '2017', 'vjones', '2017-07-21', '2017-07-21 19:51:20', '2017-07-22 04:51:20', 66),
(11, '2017', 'slopez', '2017-07-21', '2017-07-21 01:14:35', '2017-07-21 13:14:35', NULL),
(12, '2017', 'hayesmelinda', '2017-07-21', '2017-07-21 02:27:24', '2017-07-21 11:27:24', NULL),
(13, '2018', 'ebonyrobinson', '2018-07-02', '2018-07-02 16:31:33', '2018-07-02 19:31:33', NULL),
(14, '2018', 'ucastaneda', '2018-07-02', '2018-07-02 04:30:46', '2018-07-02 10:30:46', NULL),
(15, '2018', 'sanchezann', '2018-07-02', '2018-07-02 00:33:10', '2018-07-02 09:33:10', NULL),
(16, '2018', 'matthew34', '2018-07-02', '2018-07-02 09:43:22', '2018-07-02 12:43:22', NULL),
(17, '2019', 'ksimmons', '2019-12-06', '2019-12-06 19:03:41', '2019-12-07 04:03:41', NULL),
(18, '2019', 'luis48', '2019-12-06', '2019-12-06 06:41:44', '2019-12-06 12:41:44', NULL),
(19, '2019', 'stephaniestevenson', '2019-12-06', '2019-12-06 09:50:43', '2019-12-06 18:50:43', NULL),
(20, '2019', 'sgray', '2019-12-06', '2019-12-06 10:33:02', '2019-12-06 16:33:02', NULL),
(21, '2020', 'williamflores', '2020-02-17', '2020-02-17 16:30:00', '2020-02-18 01:30:00', NULL),
(22, '2020', 'irobinson', '2020-02-17', '2020-02-17 06:55:37', '2020-02-17 09:55:37', NULL),
(23, '2020', 'marybaker', '2020-02-17', '2020-02-17 21:08:40', '2020-02-18 09:08:40', NULL),
(24, '2020', 'megan01', '2020-02-17', '2020-02-17 10:50:43', '2020-02-17 22:50:43', NULL),
(25, '2021', 'jacksonheather', '2021-05-05', '2021-05-05 04:26:28', '2021-05-05 13:26:28', NULL),
(26, '2021', 'agillespie', '2021-05-05', '2021-05-05 20:21:34', '2021-05-06 05:21:34', NULL),
(27, '2021', 'nortonsteven', '2021-05-05', '2021-05-05 18:33:19', '2021-05-06 06:33:19', NULL),
(28, '2021', 'norrisdeborah', '2021-05-05', '2021-05-05 18:21:10', '2021-05-06 06:21:10', NULL),
(29, '2022', 'fboone', '2022-12-01', '2022-12-01 17:04:10', '2022-12-02 02:04:10', NULL),
(30, '2022', 'slopez', '2022-12-01', '2022-12-01 09:42:32', '2022-12-01 15:42:32', NULL);

INSERT INTO `venue` (`id`, `name`, `description`, `max_capacity`, `technical_requirements`, `photo`) VALUES
(1, 'Williams Curve','Dolorum sed ut quis voluptas ab laboriosam necessitatibus eius porro quia, nihil amet nulla eum blanditiis nam debitis, accusantium repellendus ullam dicta.', 315, 'Microphones,Microphones,Speakers,Microphones', 42),
(2, 'Bryan Ridge','Natus ea reiciendis accusamus dolores minima voluptates quas aspernatur porro, labore reprehenderit doloremque similique doloribus nesciunt alias, eum autem dolore?', 336, 'Special Effects,Microphones,Speakers,Sound Systems,Sound Systems', 47),
(3, 'Adam Locks','Est temporibus quis vitae possimus autem recusandae ab deserunt, quia numquam harum suscipit tempora deleniti cum, sequi sapiente reprehenderit vel non quaerat cupiditate ratione facilis esse aut quasi, impedit porro culpa fugiat mollitia harum provident tenetur?', 156, 'Microphones,Speakers,Stage Lights,Microphones,Microphones', 44),
(4, 'Brian Fort','Debitis aspernatur praesentium odio veniam, repellendus et est molestiae tempora laudantium temporibus dolorum iure eius odit, doloribus officiis nam est magnam molestias consectetur modi obcaecati iste, nam sint et beatae debitis, quo incidunt minus quas?', 233, 'Microphones,Speakers,Microphones,Sound Systems', 49),
(5, 'Thomas Cove','Hic eligendi accusamus numquam, amet doloribus tempora repudiandae, tempora perferendis praesentium, culpa earum hic ipsum perspiciatis voluptate voluptatem?', 219, 'Speakers,Microphones,Speakers,Microphones,Special Effects', 51),
(6, 'Burns Mill','Tempora eveniet reprehenderit ullam maxime soluta veniam, dolorum nihil voluptate dolore odio, sapiente eius possimus illum est sint culpa atque quis earum.', 260, 'Sound Systems,Microphones', 41),
(7, 'Barker Locks','Rerum unde est, enim soluta nemo rerum itaque beatae non ducimus iure dolorem deserunt, nostrum laborum voluptas possimus iste soluta error, eveniet voluptates sapiente placeat delectus eum tempore ad officia quidem?', 315, 'Speakers,Microphones,Microphones,Microphones,Microphones', 56),
(8, 'Lin Shores','Minima minus et eius, aliquid commodi hic omnis dolor laudantium, officia eum animi perspiciatis nam voluptatibus quis praesentium dolore sed molestias, ab eum omnis sit tempora commodi quasi veritatis?', 162, 'Microphones,Microphones', 50),
(9, 'Julia Mission','Modi ipsam magnam illum nemo tenetur fugiat perspiciatis adipisci, nobis sit ducimus aperiam reiciendis dolor tenetur ab perspiciatis, ab vitae nostrum sapiente, vero debitis repellat officia itaque molestiae placeat.', 227, 'Stage Lights,Speakers,Stage Lights', 57),
(10, 'Lee Burg','Veniam earum iusto maxime ullam eos, rerum nesciunt accusantium tempora veritatis, perspiciatis autem officia accusantium alias nam vero incidunt, placeat odio distinctio fugit laudantium?', 282, 'Speakers,Speakers,Speakers,Microphones', 55),
(11, 'Christine Ranch','Voluptates explicabo quas fugiat sint nemo eligendi sed dolor dolorum natus ullam, aut atque deserunt quos ipsa blanditiis?', 336, 'Microphones,Microphones', 59),
(12, 'Vanessa Ways','Nesciunt ipsum est corporis eveniet, asperiores explicabo dolores sequi, beatae expedita maxime animi esse?', 132, 'Microphones', 58),
(13, 'Oscar Union','Harum nemo eaque dicta sint dolorum voluptates, facere veritatis unde atque quae cupiditate quasi obcaecati illo odio, cupiditate earum magnam ex ullam quisquam nemo?', 273, 'Microphones', 52),
(14, 'Tracy Drive','Eius placeat quas officia est, deleniti temporibus nesciunt assumenda quo facere, tempora provident necessitatibus amet alias vel officia quis corrupti officiis quasi eaque?', 128, 'Speakers,Sound Systems,Microphones,Stage Lights', 60),
(15, 'Bolton Track','Porro error consequuntur pariatur eaque omnis quam ipsam sit explicabo voluptates et, dignissimos sed sequi aliquam.', 103, 'Speakers,Speakers,Speakers,Sound Systems', 43),
(16, 'Michael Stravenue','Facere aspernatur quasi optio necessitatibus quae deleniti eaque natus corporis enim vero, sit ducimus suscipit aliquam a maxime praesentium error doloremque excepturi, et similique laudantium vitae impedit quas temporibus amet sapiente hic quaerat ullam.', 338, 'Speakers,Speakers', 45),
(17, 'Martin Centers','Minus quas atque voluptate vel sint minima, repellendus obcaecati possimus modi deleniti minima quasi illum minus quos adipisci fugiat, deleniti totam repellat necessitatibus voluptates libero nisi?', 273, 'Microphones,Speakers,Microphones,Stage Lights,Stage Lights', 48),
(18, 'Lori Manors','Expedita dolore cum veritatis quas culpa quae, veniam non commodi autem illo minima, impedit numquam quia voluptatibus quo ullam ut?', 336, 'Microphones,Stage Lights,Microphones', 53),
(19, 'Donna Keys','Ratione at minima facere totam atque amet illo, nobis itaque nam alias repellendus et, quibusdam iste rem officia illum explicabo totam est et omnis, possimus porro doloribus totam assumenda, aliquam hic molestias eligendi sequi totam ea rem voluptatem.', 133, 'Stage Lights,Special Effects,Speakers,Microphones', 46),
(20, 'Cassie Rapid','Eius id pariatur, non velit iure.', 108, 'Stage Lights,Stage Lights,Sound Systems,Speakers', 54),
(21, 'Gardner Spring','Explicabo reprehenderit dolore minus qui quo pariatur nemo quisquam cumque modi dicta, eum autem voluptas maiores debitis pariatur ratione ducimus unde et animi, unde accusamus eum animi accusantium molestiae qui?', 187, 'Speakers,Microphones,Stage Lights', NULL),
(22, 'Linda Court','Hic saepe voluptates autem quae minus numquam atque, nobis fugit non consectetur sapiente perferendis eos doloribus qui necessitatibus odio voluptatum, rem id nisi illum obcaecati nemo dicta laudantium ipsa ut dolores, accusantium veritatis similique itaque eligendi exercitationem?', 101, 'Stage Lights,Speakers', NULL),
(23, 'Sanford Stream','Laudantium tempora deleniti debitis omnis fugit repellat corrupti alias beatae, eveniet vel magni omnis minima animi laboriosam deleniti cum, temporibus quibusdam quaerat corrupti ratione suscipit dolorem iusto nemo, eos blanditiis suscipit dicta cum possimus minima, commodi minima quisquam.', 241, 'Speakers', NULL),
(24, 'Gary Inlet','Temporibus quia ipsam beatae laboriosam similique dignissimos corrupti veritatis pariatur adipisci, qui culpa enim ex accusamus repudiandae quibusdam?', 101, 'Stage Lights,Speakers,Speakers,Speakers', NULL),
(25, 'Gonzalez Gardens','Minus recusandae a unde nisi est fugit sit minima quia, ipsa similique excepturi tempore dolorum neque error magnam deserunt iusto, non soluta minus officiis sapiente magni consectetur, odit iste necessitatibus voluptatibus suscipit maxime rem ipsa itaque eligendi mollitia?', 105, 'Microphones,Sound Systems,Sound Systems,Special Effects', NULL),
(26, 'Beth Motorway','At in voluptate, ex rem suscipit magni ab provident libero, neque provident dicta quod in eum inventore sapiente perferendis qui sunt illo, vel consequatur cupiditate cumque exercitationem excepturi quasi fugiat minus?', 136, 'Speakers', NULL),
(27, 'Stevens Grove','Exercitationem quibusdam molestias aspernatur ea at officia architecto fugiat, in atque placeat expedita tempore, consequuntur fugit dolore delectus totam libero voluptas in quis ipsum.', 127, 'Speakers,Speakers,Microphones,Stage Lights,Microphones', NULL),
(28, 'David Lights','Sapiente nesciunt veritatis ut dolores reiciendis ipsum cum quo odio amet architecto, tempore repudiandae minus sapiente blanditiis ex porro at tempora accusantium ducimus, ea obcaecati necessitatibus quidem aliquam error vitae minima consequatur non perferendis, voluptas ipsam id, labore laboriosam placeat.', 333, 'Stage Lights,Stage Lights,Special Effects', NULL),
(29, 'Mccann Trafficway','Illo quos mollitia deleniti quae omnis vero animi blanditiis eum placeat, quod hic voluptas, exercitationem facere in et nam fugit, repellendus nulla nihil maxime hic, debitis quibusdam accusantium explicabo deleniti modi distinctio commodi exercitationem odit ratione nesciunt.', 344, 'Stage Lights,Speakers,Speakers', NULL),
(30, 'Douglas Estate','Veritatis quasi eveniet obcaecati corporis at consequatur amet, at natus commodi, necessitatibus suscipit modi porro voluptas eligendi reprehenderit quod dolores officia libero consectetur, officiis sit cupiditate tenetur exercitationem odio, voluptates reprehenderit repellendus alias nam sint dolorem.', 189, 'Special Effects,Microphones,Speakers,Sound Systems,Microphones', NULL);

INSERT INTO `event_venue` (`event_id`, `venue_id`) VALUES
(1, 4),
(2, 22),
(3, 26),
(4, 17),
(5, 23),
(6, 8),
(7, 27),
(8, 27),
(9, 16),
(10, 19),
(11, 4),
(12, 21),
(13, 3),
(14, 13),
(15, 8),
(16, 4),
(17, 8),
(18, 29),
(19, 25),
(20, 14),
(21, 5),
(22, 30),
(23, 18),
(24, 22),
(25, 7),
(26, 28),
(27, 15),
(28, 11),
(29, 25),
(30, 9);

INSERT INTO `performance` (`id`, `event_id`, `venue_id`, `performance_type`, `start_time`, `duration`, `sequence_number`, `break_duration`) VALUES
(1, 1, 4, 'warm up', '2015-09-29 20:10:53', '2:08:00', '1', '0:07:00'),
(2, 1, 4, 'Special guest', '2015-09-29 22:25:53', '2:08:00', '2', '0:26:00'),
(3, 1, 4, 'headline', '2015-09-30 00:59:53', '2:08:00', '3', '0:23:00'),
(4, 1, 4, 'other', '2015-09-30 03:30:53', '2:08:00', '4', '0:07:00'),
(5, 1, 4, 'Special guest', '2015-09-30 05:45:53', '2:08:00', '5', '0:17:00'),
(6, 2, 22, 'warm up', '2015-09-29 01:04:17', '0:16:50', '1', '0:12:00'),
(7, 2, 22, 'headline', '2015-09-29 01:33:07', '0:16:50', '2', '0:23:00'),
(8, 2, 22, 'Special guest', '2015-09-29 02:12:57', '0:16:50', '3', '0:21:00'),
(9, 2, 22, 'headline', '2015-09-29 02:50:47', '0:16:50', '4', '0:08:00'),
(10, 2, 22, 'Special guest', '2015-09-29 03:15:37', '0:16:50', '5', '0:10:00'),
(11, 2, 22, 'other', '2015-09-29 03:42:27', '0:16:50', '6', '0:05:00'),
(12, 3, 26, 'warm up', '2015-09-29 22:57:29', '0:41:10', '1', '0:15:00'),
(13, 3, 26, 'headline', '2015-09-29 23:53:39', '0:41:10', '2', '0:21:00'),
(14, 3, 26, 'other', '2015-09-30 00:55:49', '0:41:10', '3', '0:29:00'),
(15, 3, 26, 'headline', '2015-09-30 02:05:59', '0:41:10', '4', '0:07:00'),
(16, 3, 26, 'other', '2015-09-30 02:54:09', '0:41:10', '5', '0:27:00'),
(17, 3, 26, 'Special guest', '2015-09-30 04:02:19', '0:41:10', '6', '0:14:00'),
(18, 4, 17, 'warm up', '2015-09-29 15:27:14', '1:13:20', '1', '0:08:00'),
(19, 4, 17, 'headline', '2015-09-29 16:48:34', '1:13:20', '2', '0:27:00'),
(20, 4, 17, 'Special guest', '2015-09-29 18:28:54', '1:13:20', '3', '0:06:00'),
(21, 4, 17, 'Special guest', '2015-09-29 19:48:14', '1:13:20', '4', '0:21:00'),
(22, 4, 17, 'other', '2015-09-29 21:22:34', '1:13:20', '5', '0:25:00'),
(23, 4, 17, 'Special guest', '2015-09-29 23:00:54', '1:13:20', '6', '0:13:00'),
(24, 5, 23, 'warm up', '2016-03-24 12:17:08', '0:13:48', '1', '0:29:00'),
(25, 5, 23, 'Special guest', '2016-03-24 12:59:56', '0:13:48', '2', '0:14:00'),
(26, 5, 23, 'headline', '2016-03-24 13:27:44', '0:13:48', '3', '0:21:00'),
(27, 5, 23, 'Special guest', '2016-03-24 14:02:32', '0:13:48', '4', '0:21:00'),
(28, 5, 23, 'other', '2016-03-24 14:37:20', '0:13:48', '5', '0:26:00'),
(29, 6, 8, 'warm up', '2016-03-24 02:03:52', '0:20:48', '1', '0:07:00'),
(30, 6, 8, 'other', '2016-03-24 02:31:40', '0:20:48', '2', '0:17:00'),
(31, 6, 8, 'headline', '2016-03-24 03:09:28', '0:20:48', '3', '0:29:00'),
(32, 6, 8, 'Special guest', '2016-03-24 03:59:16', '0:20:48', '4', '0:15:00'),
(33, 6, 8, 'headline', '2016-03-24 04:35:04', '0:20:48', '5', '0:08:00'),
(34, 7, 27, 'warm up', '2016-03-24 06:52:49', '0:15:24', '1', '0:14:00'),
(35, 7, 27, 'headline', '2016-03-24 07:22:13', '0:15:24', '2', '0:25:00'),
(36, 7, 27, 'Special guest', '2016-03-24 08:02:37', '0:15:24', '3', '0:28:00'),
(37, 7, 27, 'headline', '2016-03-24 08:46:01', '0:15:24', '4', '0:08:00'),
(38, 7, 27, 'Special guest', '2016-03-24 09:09:25', '0:15:24', '5', '0:28:00'),
(39, 8, 27, 'warm up', '2016-03-24 15:31:37', '1:15:30', '1', '0:25:00'),
(40, 8, 27, 'Special guest', '2016-03-24 17:12:07', '1:15:30', '2', '0:13:00'),
(41, 8, 27, 'other', '2016-03-24 18:40:37', '1:15:30', '3', '0:11:00'),
(42, 8, 27, 'headline', '2016-03-24 20:07:07', '1:15:30', '4', '0:26:00'),
(43, 8, 27, 'headline', '2016-03-24 21:48:37', '1:15:30', '5', '0:07:00'),
(44, 8, 27, 'other', '2016-03-24 23:11:07', '1:15:30', '6', '0:05:00'),
(45, 9, 16, 'warm up', '2017-07-21 12:00:33', '1:00:51.428571', '1', '0:17:00'),
(46, 9, 16, 'Special guest', '2017-07-21 13:18:24.428571', '1:00:51.428571', '2', '0:22:00'),
(47, 9, 16, 'Special guest', '2017-07-21 14:41:15.857142', '1:00:51.428571', '3', '0:19:00'),
(48, 9, 16, 'other', '2017-07-21 16:01:07.285713', '1:00:51.428571', '4', '0:12:00'),
(49, 9, 16, 'Special guest', '2017-07-21 17:13:58.714284', '1:00:51.428571', '5', '0:12:00'),
(50, 9, 16, 'headline', '2017-07-21 18:26:50.142855', '1:00:51.428571', '6', '0:21:00'),
(51, 9, 16, 'other', '2017-07-21 19:48:41.571426', '1:00:51.428571', '7', '0:11:00'),
(52, 10, 19, 'warm up', '2017-07-21 19:51:20', '1:30:36', '1', '0:27:00'),
(53, 10, 19, 'other', '2017-07-21 21:48:56', '1:30:36', '2', '0:10:00'),
(54, 10, 19, 'Special guest', '2017-07-21 23:29:32', '1:30:36', '3', '0:23:00'),
(55, 10, 19, 'other', '2017-07-22 01:23:08', '1:30:36', '4', '0:09:00'),
(56, 10, 19, 'Special guest', '2017-07-22 03:02:44', '1:30:36', '5', '0:18:00'),
(57, 11, 4, 'warm up', '2017-07-21 01:14:35', '2:08:12', '1', '0:09:00'),
(58, 11, 4, 'other', '2017-07-21 03:31:47', '2:08:12', '2', '0:12:00'),
(59, 11, 4, 'headline', '2017-07-21 05:51:59', '2:08:12', '3', '0:28:00'),
(60, 11, 4, 'Special guest', '2017-07-21 08:28:11', '2:08:12', '4', '0:14:00'),
(61, 11, 4, 'Special guest', '2017-07-21 10:50:23', '2:08:12', '5', '0:16:00'),
(62, 12, 21, 'warm up', '2017-07-21 02:27:24', '1:15:20', '1', '0:14:00'),
(63, 12, 21, 'Special guest', '2017-07-21 03:56:44', '1:15:20', '2', '0:12:00'),
(64, 12, 21, 'other', '2017-07-21 05:24:04', '1:15:20', '3', '0:06:00'),
(65, 12, 21, 'headline', '2017-07-21 06:45:24', '1:15:20', '4', '0:05:00'),
(66, 12, 21, 'other', '2017-07-21 08:05:44', '1:15:20', '5', '0:26:00'),
(67, 12, 21, 'headline', '2017-07-21 09:47:04', '1:15:20', '6', '0:25:00'),
(68, 13, 3, 'warm up', '2018-07-02 16:31:33', '0:11:30', '1', '0:14:00'),
(69, 13, 3, 'headline', '2018-07-02 16:57:03', '0:11:30', '2', '0:24:00'),
(70, 13, 3, 'headline', '2018-07-02 17:32:33', '0:11:30', '3', '0:22:00'),
(71, 13, 3, 'headline', '2018-07-02 18:06:03', '0:11:30', '4', '0:13:00'),
(72, 13, 3, 'other', '2018-07-02 18:30:33', '0:11:30', '5', '0:15:00'),
(73, 13, 3, 'Special guest', '2018-07-02 18:57:03', '0:11:30', '6', '0:23:00'),
(74, 14, 13, 'warm up', '2018-07-02 04:30:46', '0:39:50', '1', '0:23:00'),
(75, 14, 13, 'Special guest', '2018-07-02 05:33:36', '0:39:50', '2', '0:23:00'),
(76, 14, 13, 'Special guest', '2018-07-02 06:36:26', '0:39:50', '3', '0:23:00'),
(77, 14, 13, 'other', '2018-07-02 07:39:16', '0:39:50', '4', '0:27:00'),
(78, 14, 13, 'headline', '2018-07-02 08:46:06', '0:39:50', '5', '0:18:00'),
(79, 14, 13, 'other', '2018-07-02 09:43:56', '0:39:50', '6', '0:07:00'),
(80, 15, 8, 'warm up', '2018-07-02 00:33:10', '1:25:48', '1', '0:22:00'),
(81, 15, 8, 'headline', '2018-07-02 02:20:58', '1:25:48', '2', '0:17:00'),
(82, 15, 8, 'Special guest', '2018-07-02 04:03:46', '1:25:48', '3', '0:24:00'),
(83, 15, 8, 'headline', '2018-07-02 05:53:34', '1:25:48', '4', '0:26:00'),
(84, 15, 8, 'Special guest', '2018-07-02 07:45:22', '1:25:48', '5', '0:22:00'),
(85, 16, 4, 'warm up', '2018-07-02 09:43:22', '0:10:00', '1', '0:27:00'),
(86, 16, 4, 'Special guest', '2018-07-02 10:20:22', '0:10:00', '2', '0:22:00'),
(87, 16, 4, 'other', '2018-07-02 10:52:22', '0:10:00', '3', '0:11:00'),
(88, 16, 4, 'headline', '2018-07-02 11:13:22', '0:10:00', '4', '0:09:00'),
(89, 16, 4, 'other', '2018-07-02 11:32:22', '0:10:00', '5', '0:26:00'),
(90, 16, 4, 'Special guest', '2018-07-02 12:08:22', '0:10:00', '6', '0:08:00'),
(91, 16, 4, 'other', '2018-07-02 12:26:22', '0:10:00', '7', '0:07:00'),
(92, 17, 8, 'warm up', '2019-12-06 19:03:41', '1:12:30', '1', '0:07:00'),
(93, 17, 8, 'Special guest', '2019-12-06 20:23:11', '1:12:30', '2', '0:26:00'),
(94, 17, 8, 'Special guest', '2019-12-06 22:01:41', '1:12:30', '3', '0:27:00'),
(95, 17, 8, 'other', '2019-12-06 23:41:11', '1:12:30', '4', '0:10:00'),
(96, 17, 8, 'Special guest', '2019-12-07 01:03:41', '1:12:30', '5', '0:10:00'),
(97, 17, 8, 'other', '2019-12-07 02:26:11', '1:12:30', '6', '0:25:00'),
(98, 18, 29, 'warm up', '2019-12-06 06:41:44', '0:37:25.714286', '1', '0:05:00'),
(99, 18, 29, 'other', '2019-12-06 07:24:09.714286', '0:37:25.714286', '2', '0:21:00'),
(100, 18, 29, 'other', '2019-12-06 08:22:35.428572', '0:37:25.714286', '3', '0:17:00'),
(101, 18, 29, 'Special guest', '2019-12-06 09:17:01.142858', '0:37:25.714286', '4', '0:23:00'),
(102, 18, 29, 'other', '2019-12-06 10:17:26.857144', '0:37:25.714286', '5', '0:06:00'),
(103, 18, 29, 'other', '2019-12-06 11:00:52.571430', '0:37:25.714286', '6', '0:21:00'),
(104, 18, 29, 'other', '2019-12-06 11:59:18.285716', '0:37:25.714286', '7', '0:05:00'),
(105, 19, 25, 'warm up', '2019-12-06 09:50:43', '0:56:17.142857', '1', '0:27:00'),
(106, 19, 25, 'other', '2019-12-06 11:14:00.142857', '0:56:17.142857', '2', '0:16:00'),
(107, 19, 25, 'other', '2019-12-06 12:26:17.285714', '0:56:17.142857', '3', '0:05:00'),
(108, 19, 25, 'other', '2019-12-06 13:27:34.428571', '0:56:17.142857', '4', '0:25:00'),
(109, 19, 25, 'Special guest', '2019-12-06 14:48:51.571428', '0:56:17.142857', '5', '0:17:00'),
(110, 19, 25, 'headline', '2019-12-06 16:02:08.714285', '0:56:17.142857', '6', '0:26:00'),
(111, 19, 25, 'other', '2019-12-06 17:24:25.857142', '0:56:17.142857', '7', '0:30:00'),
(112, 20, 14, 'warm up', '2019-12-06 10:33:02', '0:32:42.857143', '1', '0:15:00'),
(113, 20, 14, 'headline', '2019-12-06 11:20:44.857143', '0:32:42.857143', '2', '0:29:00'),
(114, 20, 14, 'other', '2019-12-06 12:22:27.714286', '0:32:42.857143', '3', '0:21:00'),
(115, 20, 14, 'Special guest', '2019-12-06 13:16:10.571429', '0:32:42.857143', '4', '0:06:00'),
(116, 20, 14, 'Special guest', '2019-12-06 13:54:53.428572', '0:32:42.857143', '5', '0:12:00'),
(117, 20, 14, 'other', '2019-12-06 14:39:36.285715', '0:32:42.857143', '6', '0:26:00'),
(118, 20, 14, 'other', '2019-12-06 15:38:19.142858', '0:32:42.857143', '7', '0:22:00'),
(119, 21, 5, 'warm up', '2020-02-17 16:30:00', '1:03:00', '1', '0:21:00'),
(120, 21, 5, 'other', '2020-02-17 17:54:00', '1:03:00', '2', '0:18:00'),
(121, 21, 5, 'other', '2020-02-17 19:15:00', '1:03:00', '3', '0:13:00'),
(122, 21, 5, 'headline', '2020-02-17 20:31:00', '1:03:00', '4', '0:10:00'),
(123, 21, 5, 'other', '2020-02-17 21:44:00', '1:03:00', '5', '0:05:00'),
(124, 21, 5, 'Special guest', '2020-02-17 22:52:00', '1:03:00', '6', '0:19:00'),
(125, 21, 5, 'other', '2020-02-18 00:14:00', '1:03:00', '7', '0:13:00'),
(126, 22, 30, 'warm up', '2020-02-17 06:55:37', '0:19:36', '1', '0:07:00'),
(127, 22, 30, 'headline', '2020-02-17 07:22:13', '0:19:36', '2', '0:10:00'),
(128, 22, 30, 'headline', '2020-02-17 07:51:49', '0:19:36', '3', '0:30:00'),
(129, 22, 30, 'Special guest', '2020-02-17 08:41:25', '0:19:36', '4', '0:26:00'),
(130, 22, 30, 'Special guest', '2020-02-17 09:27:01', '0:19:36', '5', '0:09:00'),
(131, 23, 18, 'warm up', '2020-02-17 21:08:40', '1:23:42.857143', '1', '0:30:00'),
(132, 23, 18, 'other', '2020-02-17 23:02:22.857143', '1:23:42.857143', '2', '0:24:00'),
(133, 23, 18, 'headline', '2020-02-18 00:50:05.714286', '1:23:42.857143', '3', '0:30:00'),
(134, 23, 18, 'other', '2020-02-18 02:43:48.571429', '1:23:42.857143', '4', '0:12:00'),
(135, 23, 18, 'Special guest', '2020-02-18 04:19:31.428572', '1:23:42.857143', '5', '0:07:00'),
(136, 23, 18, 'headline', '2020-02-18 05:50:14.285715', '1:23:42.857143', '6', '0:13:00'),
(137, 23, 18, 'headline', '2020-02-18 07:26:57.142858', '1:23:42.857143', '7', '0:18:00'),
(138, 24, 22, 'warm up', '2020-02-17 10:50:43', '1:36:50', '1', '0:29:00'),
(139, 24, 22, 'other', '2020-02-17 12:56:33', '1:36:50', '2', '0:14:00'),
(140, 24, 22, 'headline', '2020-02-17 14:47:23', '1:36:50', '3', '0:19:00'),
(141, 24, 22, 'headline', '2020-02-17 16:43:13', '1:36:50', '4', '0:21:00'),
(142, 24, 22, 'other', '2020-02-17 18:41:03', '1:36:50', '5', '0:29:00'),
(143, 24, 22, 'Special guest', '2020-02-17 20:46:53', '1:36:50', '6', '0:27:00'),
(144, 25, 7, 'warm up', '2021-05-05 04:26:28', '1:30:00', '1', '0:07:00'),
(145, 25, 7, 'Special guest', '2021-05-05 06:03:28', '1:30:00', '2', '0:19:00'),
(146, 25, 7, 'Special guest', '2021-05-05 07:52:28', '1:30:00', '3', '0:27:00'),
(147, 25, 7, 'other', '2021-05-05 09:49:28', '1:30:00', '4', '0:30:00'),
(148, 25, 7, 'headline', '2021-05-05 11:49:28', '1:30:00', '5', '0:07:00'),
(149, 26, 28, 'warm up', '2021-05-05 20:21:34', '1:31:48', '1', '0:07:00'),
(150, 26, 28, 'headline', '2021-05-05 22:00:22', '1:31:48', '2', '0:18:00'),
(151, 26, 28, 'Special guest', '2021-05-05 23:50:10', '1:31:48', '3', '0:15:00'),
(152, 26, 28, 'Special guest', '2021-05-06 01:36:58', '1:31:48', '4', '0:12:00'),
(153, 26, 28, 'Special guest', '2021-05-06 03:20:46', '1:31:48', '5', '0:29:00'),
(154, 27, 15, 'warm up', '2021-05-05 18:33:19', '1:26:34.285714', '1', '0:09:00'),
(155, 27, 15, 'headline', '2021-05-05 20:08:53.285714', '1:26:34.285714', '2', '0:23:00'),
(156, 27, 15, 'Special guest', '2021-05-05 21:58:27.571428', '1:26:34.285714', '3', '0:24:00'),
(157, 27, 15, 'other', '2021-05-05 23:49:01.857142', '1:26:34.285714', '4', '0:06:00'),
(158, 27, 15, 'Special guest', '2021-05-06 01:21:36.142856', '1:26:34.285714', '5', '0:11:00'),
(159, 27, 15, 'Special guest', '2021-05-06 02:59:10.428570', '1:26:34.285714', '6', '0:28:00'),
(160, 27, 15, 'Special guest', '2021-05-06 04:53:44.714284', '1:26:34.285714', '7', '0:13:00'),
(161, 28, 11, 'warm up', '2021-05-05 18:21:10', '2:02:00', '1', '0:24:00'),
(162, 28, 11, 'headline', '2021-05-05 20:47:10', '2:02:00', '2', '0:22:00'),
(163, 28, 11, 'Special guest', '2021-05-05 23:11:10', '2:02:00', '3', '0:25:00'),
(164, 28, 11, 'headline', '2021-05-06 01:38:10', '2:02:00', '4', '0:19:00'),
(165, 28, 11, 'Special guest', '2021-05-06 03:59:10', '2:02:00', '5', '0:20:00'),
(166, 29, 25, 'warm up', '2022-12-01 17:04:10', '0:51:17.142857', '1', '0:30:00'),
(167, 29, 25, 'other', '2022-12-01 18:25:27.142857', '0:51:17.142857', '2', '0:29:00'),
(168, 29, 25, 'Special guest', '2022-12-01 19:45:44.285714', '0:51:17.142857', '3', '0:18:00'),
(169, 29, 25, 'Special guest', '2022-12-01 20:55:01.428571', '0:51:17.142857', '4', '0:21:00'),
(170, 29, 25, 'other', '2022-12-01 22:07:18.571428', '0:51:17.142857', '5', '0:30:00'),
(171, 29, 25, 'headline', '2022-12-01 23:28:35.714285', '0:51:17.142857', '6', '0:30:00'),
(172, 29, 25, 'Special guest', '2022-12-02 00:49:52.857142', '0:51:17.142857', '7', '0:23:00'),
(173, 30, 9, 'warm up', '2022-12-01 09:42:32', '0:34:42.857143', '1', '0:07:00'),
(174, 30, 9, 'headline', '2022-12-01 10:24:14.857143', '0:34:42.857143', '2', '0:19:00'),
(175, 30, 9, 'other', '2022-12-01 11:17:57.714286', '0:34:42.857143', '3', '0:23:00'),
(176, 30, 9, 'other', '2022-12-01 12:15:40.571429', '0:34:42.857143', '4', '0:08:00'),
(177, 30, 9, 'Special guest', '2022-12-01 12:58:23.428572', '0:34:42.857143', '5', '0:26:00'),
(178, 30, 9, 'other', '2022-12-01 13:59:06.285715', '0:34:42.857143', '6', '0:12:00'),
(179, 30, 9, 'other', '2022-12-01 14:45:49.142858', '0:34:42.857143', '7', '0:22:00');

INSERT INTO `performance_artistband` (`performance_id`, `artist_band_id`) VALUES
(1, 6),
(2, 17),
(3, 35),
(4, 36),
(5, 51),
(6, 45),
(7, 12),
(8, 14),
(9, 2),
(10, 54),
(11, 53),
(12, 44),
(13, 4),
(14, 44),
(15, 36),
(16, 9),
(17, 23),
(18, 41),
(19, 50),
(20, 54),
(21, 27),
(22, 10),
(23, 11),
(24, 8),
(25, 47),
(26, 34),
(27, 29),
(28, 1),
(29, 48),
(30, 34),
(31, 31),
(32, 29),
(33, 39),
(34, 38),
(35, 40),
(36, 22),
(37, 8),
(38, 38),
(39, 1),
(40, 38),
(41, 22),
(42, 47),
(43, 33),
(44, 25),
(45, 18),
(46, 49),
(47, 58),
(48, 58),
(49, 4),
(50, 4),
(51, 21),
(52, 55),
(53, 4),
(54, 52),
(55, 27),
(56, 5),
(57, 14),
(58, 5),
(59, 54),
(60, 36),
(61, 54),
(62, 50),
(63, 28),
(64, 19),
(65, 11),
(66, 58),
(67, 24),
(68, 53),
(69, 39),
(70, 7),
(71, 38),
(72, 17),
(73, 42),
(74, 30),
(75, 59),
(76, 35),
(77, 51),
(78, 47),
(79, 45),
(80, 3),
(81, 2),
(82, 37),
(83, 26),
(84, 1),
(85, 31),
(86, 47),
(87, 30),
(88, 32),
(89, 1),
(90, 26),
(91, 7),
(92, 48),
(93, 11),
(94, 56),
(95, 6),
(96, 8),
(97, 54),
(98, 49),
(99, 46),
(100, 5),
(101, 12),
(102, 9),
(103, 19),
(104, 34),
(105, 40),
(106, 49),
(107, 43),
(108, 6),
(109, 4),
(110, 29),
(111, 21),
(112, 54),
(113, 10),
(114, 52),
(115, 34),
(116, 49),
(117, 18),
(118, 46),
(119, 35),
(120, 28),
(121, 39),
(122, 36),
(123, 31),
(124, 30),
(125, 53),
(126, 23),
(127, 3),
(128, 26),
(129, 41),
(130, 35),
(131, 1),
(132, 41),
(133, 60),
(134, 55),
(135, 20),
(136, 37),
(137, 51),
(138, 57),
(139, 20),
(140, 44),
(141, 44),
(142, 3),
(143, 17),
(144, 15),
(145, 15),
(146, 21),
(147, 11),
(148, 2),
(149, 21),
(150, 46),
(151, 56),
(152, 52),
(153, 32),
(154, 7),
(155, 4),
(156, 16),
(157, 32),
(158, 33),
(159, 29),
(160, 42),
(161, 32),
(162, 43),
(163, 33),
(164, 25),
(165, 58),
(166, 27),
(167, 47),
(168, 57),
(169, 27),
(170, 31),
(171, 50),
(172, 28),
(173, 53),
(174, 44),
(175, 22),
(176, 17),
(177, 28),
(178, 57),
(179, 57);

INSERT INTO `staff` (`id`, `name`, `age`, `role`, `experience_level`) VALUES
(1, 'Michael Sanford', 43, 'security', 'trainee'),
(2, 'Ross Cochran', 34, 'support', 'intermediate'),
(3, 'Dan Murray', 32, 'support', 'intermediate'),
(4, 'Timothy Gill', 27, 'support', 'trainee'),
(5, 'Karen Reid', 41, 'support', 'intermediate'),
(6, 'Kimberly Russell', 20, 'technical', 'trainee'),
(7, 'David Peck MD', 26, 'security', 'trainee'),
(8, 'Timothy Ross', 28, 'security', 'trainee'),
(9, 'Karen Hall', 25, 'technical', 'intermediate'),
(10, 'Gregory Baker', 27, 'support', 'trainee'),
(11, 'Christian Perez', 20, 'technical', 'beginner'),
(12, 'Michael Rodriguez', 43, 'technical', 'expert'),
(13, 'Erin Gaines', 41, 'support', 'experienced'),
(14, 'Patrick Garcia', 31, 'security', 'intermediate'),
(15, 'Jaime Freeman', 44, 'technical', 'beginner'),
(16, 'Crystal Pena', 25, 'technical', 'trainee'),
(17, 'Charles Alvarado', 19, 'support', 'experienced'),
(18, 'Francisco Shelton', 45, 'technical', 'trainee'),
(19, 'James Fox', 41, 'security', 'trainee'),
(20, 'Amy Mason', 28, 'technical', 'trainee'),
(21, 'Rebecca Phelps', 42, 'support', 'experienced'),
(22, 'Kristina Smith', 32, 'security', 'expert'),
(23, 'Tracy Ford', 26, 'support', 'trainee'),
(24, 'Steve Ortega', 24, 'support', 'intermediate'),
(25, 'Joshua Allen', 37, 'technical', 'intermediate'),
(26, 'Anna Anderson', 21, 'security', 'expert'),
(27, 'Kevin Ortega', 20, 'support', 'expert'),
(28, 'Dylan Collins', 18, 'security', 'trainee'),
(29, 'Amanda Espinoza', 27, 'support', 'beginner'),
(30, 'Leslie Bell', 35, 'technical', 'experienced'),
(31, 'Bonnie Jones', 22, 'security', 'trainee'),
(32, 'Matthew Harris', 45, 'support', 'trainee'),
(33, 'Jason Curry', 44, 'security', 'beginner'),
(34, 'Nathan Reed', 25, 'technical', 'beginner'),
(35, 'William Smith', 37, 'support', 'expert'),
(36, 'Gregory Nelson', 37, 'support', 'beginner'),
(37, 'Karen Martinez', 41, 'technical', 'trainee'),
(38, 'Matthew Sharp', 26, 'technical', 'expert'),
(39, 'Timothy Roberts', 37, 'security', 'expert'),
(40, 'Christina Buck', 38, 'support', 'trainee'),
(41, 'Cynthia White', 34, 'support', 'experienced'),
(42, 'Peggy Watson', 18, 'technical', 'trainee'),
(43, 'Erica Mccullough MD', 42, 'support', 'intermediate'),
(44, 'Stephanie Thompson', 24, 'technical', 'intermediate'),
(45, 'Rhonda Singh', 44, 'security', 'trainee'),
(46, 'Benjamin Davis', 30, 'technical', 'trainee'),
(47, 'Brenda Ortiz', 32, 'security', 'beginner'),
(48, 'April Novak', 41, 'support', 'expert'),
(49, 'William Foster', 36, 'security', 'beginner'),
(50, 'Andrew Martin', 40, 'security', 'intermediate'),
(51, 'Stacy Warren', 40, 'security', 'expert'),
(52, 'Felicia Hurley', 27, 'support', 'experienced'),
(53, 'Valerie Reynolds', 19, 'security', 'experienced'),
(54, 'Tammy Morgan', 30, 'security', 'beginner'),
(55, 'Joseph Campbell', 23, 'support', 'expert'),
(56, 'James White', 30, 'security', 'expert'),
(57, 'Jackson Hall', 22, 'technical', 'intermediate'),
(58, 'Wayne Thomas', 35, 'technical', 'intermediate'),
(59, 'Carla Cummings', 24, 'technical', 'expert'),
(60, 'Cole Gross', 30, 'support', 'beginner'),
(61, 'Jason Briggs', 45, 'technical', 'intermediate'),
(62, 'Jennifer Moody', 27, 'security', 'expert'),
(63, 'Joshua Martin', 23, 'technical', 'intermediate'),
(64, 'Amanda Mcdonald', 38, 'technical', 'expert'),
(65, 'Mrs. Andrea Gordon', 33, 'support', 'experienced'),
(66, 'Christopher Davis', 35, 'technical', 'intermediate'),
(67, 'Ariana Jenkins', 37, 'security', 'intermediate'),
(68, 'Casey Sanchez', 29, 'technical', 'intermediate'),
(69, 'Thomas Brown', 18, 'security', 'trainee'),
(70, 'Molly Holt', 36, 'technical', 'trainee'),
(71, 'Sandra Rivera', 21, 'technical', 'intermediate'),
(72, 'Carla Matthews DVM', 30, 'security', 'trainee'),
(73, 'Theresa Anthony', 20, 'support', 'expert'),
(74, 'Brenda Newman', 34, 'security', 'trainee'),
(75, 'Michele Williams', 36, 'technical', 'intermediate'),
(76, 'David Moore', 22, 'support', 'experienced'),
(77, 'Gregory Cox', 45, 'technical', 'expert'),
(78, 'Michele Webb', 33, 'technical', 'beginner'),
(79, 'Alan Kirk', 33, 'support', 'intermediate'),
(80, 'Jackie Torres MD', 31, 'security', 'expert'),
(81, 'Sergio Martinez', 36, 'support', 'expert'),
(82, 'Harold Chang', 26, 'support', 'experienced'),
(83, 'Jamie Duncan', 42, 'technical', 'intermediate'),
(84, 'Catherine Howard', 34, 'support', 'intermediate'),
(85, 'Rebecca Jordan', 29, 'technical', 'experienced'),
(86, 'William Alexander', 39, 'support', 'expert'),
(87, 'Brenda Molina', 29, 'support', 'intermediate'),
(88, 'Michelle Smith', 42, 'technical', 'expert'),
(89, 'Jackie Haley', 43, 'support', 'trainee'),
(90, 'Andrea Smith', 37, 'technical', 'intermediate'),
(91, 'Kelly Lawrence', 29, 'technical', 'experienced'),
(92, 'Adam White', 19, 'security', 'trainee'),
(93, 'Leah Blair MD', 23, 'security', 'trainee'),
(94, 'Renee Tran', 37, 'security', 'experienced'),
(95, 'Karen Yates', 38, 'technical', 'intermediate'),
(96, 'Matthew Smith', 26, 'support', 'beginner'),
(97, 'Bobby Schaefer', 31, 'technical', 'intermediate'),
(98, 'Joel Bryant', 21, 'security', 'trainee'),
(99, 'Dr. Juan Harrison', 29, 'support', 'intermediate'),
(100, 'Billy Velez', 34, 'technical', 'trainee'),
(101, 'Chris Reed', 36, 'security', 'intermediate'),
(102, 'Walter Rogers', 26, 'support', 'beginner'),
(103, 'Tim Turner', 31, 'security', 'beginner'),
(104, 'Mrs. Amanda Acevedo', 34, 'support', 'trainee'),
(105, 'Sydney Parker', 29, 'technical', 'beginner'),
(106, 'Jonathan Perkins', 38, 'technical', 'trainee'),
(107, 'Joseph Callahan', 43, 'security', 'intermediate'),
(108, 'Brooke Roberts', 37, 'security', 'trainee'),
(109, 'Jenny Moore', 32, 'technical', 'intermediate'),
(110, 'Sarah Roberts', 45, 'security', 'beginner'),
(111, 'Jennifer Sullivan', 38, 'support', 'expert'),
(112, 'Albert Ibarra', 41, 'security', 'experienced'),
(113, 'Melissa Gillespie', 44, 'technical', 'trainee'),
(114, 'Patrick Cisneros', 19, 'technical', 'experienced'),
(115, 'Michael Perez', 37, 'technical', 'intermediate'),
(116, 'Michael Smith', 28, 'security', 'trainee'),
(117, 'Michelle Oneal', 21, 'security', 'trainee'),
(118, 'Melanie Jimenez', 38, 'security', 'expert'),
(119, 'George Jones', 42, 'support', 'experienced'),
(120, 'Emily Phillips', 35, 'technical', 'experienced'),
(121, 'Angela Chang', 31, 'support', 'trainee'),
(122, 'Jeffrey Estrada', 37, 'technical', 'beginner'),
(123, 'Jerry Kent', 40, 'security', 'beginner'),
(124, 'Veronica Blair', 44, 'technical', 'intermediate'),
(125, 'Anita Sanders', 22, 'support', 'trainee'),
(126, 'William Haynes', 31, 'support', 'trainee'),
(127, 'Victor Little', 39, 'support', 'intermediate'),
(128, 'Evelyn Spencer', 32, 'security', 'intermediate'),
(129, 'Jesus Freeman', 34, 'support', 'beginner'),
(130, 'Matthew Bryant', 25, 'security', 'experienced'),
(131, 'Michael Harrison', 36, 'security', 'intermediate'),
(132, 'Matthew Evans', 42, 'security', 'trainee'),
(133, 'Latasha Nelson', 43, 'support', 'trainee'),
(134, 'Kristina Decker', 24, 'technical', 'beginner'),
(135, 'Alyssa Clark', 19, 'security', 'intermediate'),
(136, 'Emily Chandler', 19, 'security', 'experienced'),
(137, 'Mark Jones', 24, 'technical', 'beginner'),
(138, 'Crystal Reed', 40, 'technical', 'expert'),
(139, 'Rita Miller', 19, 'technical', 'trainee'),
(140, 'Amy Wood', 38, 'technical', 'beginner'),
(141, 'Felicia Martin', 44, 'support', 'trainee'),
(142, 'Ryan Collins', 29, 'support', 'expert'),
(143, 'Scott Collins', 41, 'technical', 'expert'),
(144, 'Jeremy Shea', 28, 'technical', 'expert'),
(145, 'William Green', 20, 'support', 'beginner'),
(146, 'Samantha Edwards', 31, 'security', 'intermediate'),
(147, 'Wesley Richards', 37, 'technical', 'intermediate'),
(148, 'Erin Baker', 33, 'technical', 'intermediate'),
(149, 'Morgan Salazar', 23, 'technical', 'trainee'),
(150, 'Cameron Aguilar', 38, 'security', 'expert'),
(151, 'Amber White', 32, 'support', 'experienced'),
(152, 'Andrea Thompson', 28, 'security', 'experienced'),
(153, 'Lance Thomas', 29, 'security', 'beginner'),
(154, 'Cody Morrison', 41, 'security', 'beginner'),
(155, 'Alex Bennett', 42, 'technical', 'beginner'),
(156, 'Claire Patterson', 19, 'technical', 'beginner'),
(157, 'Ian Melton', 38, 'security', 'expert'),
(158, 'Rebecca Mcdonald', 25, 'support', 'trainee'),
(159, 'Carla Sandoval', 31, 'technical', 'beginner'),
(160, 'John Rodriguez', 43, 'security', 'intermediate'),
(161, 'Jaclyn Summers', 43, 'security', 'intermediate'),
(162, 'Tristan Lang', 22, 'technical', 'beginner'),
(163, 'Jared Schmidt', 27, 'security', 'experienced'),
(164, 'Darrell Banks', 19, 'security', 'expert'),
(165, 'Kari Barnett', 20, 'support', 'experienced'),
(166, 'Stacy Holland', 30, 'support', 'beginner'),
(167, 'Cody Fisher', 35, 'technical', 'experienced'),
(168, 'Lisa Lawrence', 30, 'technical', 'expert'),
(169, 'Lindsey Alexander', 27, 'security', 'expert'),
(170, 'Nancy Owens', 22, 'security', 'trainee'),
(171, 'Jill Rivera', 33, 'technical', 'trainee'),
(172, 'Laura Christensen', 22, 'technical', 'intermediate'),
(173, 'Rebecca Stephenson', 18, 'technical', 'expert'),
(174, 'Amanda Davis', 36, 'security', 'intermediate'),
(175, 'Ashley Garcia', 21, 'support', 'beginner'),
(176, 'Adam Young', 35, 'support', 'expert'),
(177, 'Kelly Allen', 41, 'support', 'intermediate'),
(178, 'Thomas Sanders PhD', 31, 'technical', 'trainee'),
(179, 'Janet Jenkins', 43, 'technical', 'intermediate'),
(180, 'Rebecca Foster', 29, 'technical', 'trainee'),
(181, 'Robert Garcia', 35, 'support', 'expert'),
(182, 'Paul Jones', 41, 'technical', 'beginner'),
(183, 'Robert Bauer', 44, 'security', 'experienced'),
(184, 'Larry Adkins', 29, 'security', 'beginner'),
(185, 'Jamie Fernandez', 39, 'security', 'intermediate'),
(186, 'Patrick Guzman', 21, 'support', 'trainee'),
(187, 'Cody Montes', 24, 'security', 'beginner'),
(188, 'Elizabeth Wilson', 40, 'security', 'expert'),
(189, 'Dana Smith', 26, 'security', 'intermediate'),
(190, 'Amy Lowe', 38, 'technical', 'trainee'),
(191, 'Anthony Burns', 38, 'security', 'expert'),
(192, 'Allen Sanchez', 27, 'support', 'intermediate'),
(193, 'Amanda Martinez DDS', 18, 'security', 'experienced'),
(194, 'Danielle Velasquez', 41, 'technical', 'intermediate'),
(195, 'Theresa Lee', 18, 'technical', 'trainee'),
(196, 'Catherine Ramos', 29, 'support', 'trainee'),
(197, 'Theresa Hill', 21, 'support', 'experienced'),
(198, 'Margaret Prince DVM', 25, 'support', 'beginner'),
(199, 'Hannah Norton', 20, 'security', 'expert'),
(200, 'Corey Burke', 23, 'security', 'intermediate');

INSERT INTO `event_staff` (`event_id`, `staff_id`, `assignment_date`, `shift_start`, `shift_end`) VALUES
(1, 175, '2015-07-16', '2015-09-30 03:04:26', '2015-09-30 07:09:07'),
(1, 43, '2014-08-21', '2015-09-29 22:17:42', '2015-09-30 03:06:34'),
(1, 27, '2015-05-27', '2015-09-30 02:15:10', '2015-09-30 05:25:12'),
(1, 21, '2014-04-10', '2015-09-29 23:13:45', '2015-09-30 00:49:31'),
(1, 21, '2015-02-10', '2015-09-30 01:28:43', '2015-09-30 04:38:35'),
(1, 24, '2014-10-29', '2015-09-30 05:52:38', '2015-09-30 06:40:29'),
(1, 198, '2014-05-29', '2015-09-30 05:19:06', '2015-09-30 07:59:00'),
(1, 41, '2014-02-01', '2015-09-30 03:31:08', '2015-09-30 08:04:02'),
(1, 65, '2014-09-02', '2015-09-29 20:45:03', '2015-09-30 04:53:15'),
(1, 116, '2014-02-11', '2015-09-29 22:36:17', '2015-09-30 02:01:15'),
(1, 123, '2015-09-01', '2015-09-29 22:53:58', '2015-09-30 06:12:14'),
(1, 154, '2014-02-14', '2015-09-30 05:09:06', '2015-09-30 07:10:58'),
(1, 7, '2015-02-13', '2015-09-29 21:59:16', '2015-09-30 00:20:15'),
(1, 153, '2014-01-21', '2015-09-30 01:56:19', '2015-09-30 04:49:51'),
(1, 8, '2014-07-19', '2015-09-30 05:15:20', '2015-09-30 07:47:29'),
(1, 169, '2014-01-30', '2015-09-30 07:05:05', '2015-09-30 07:42:16'),
(1, 50, '2014-05-06', '2015-09-30 02:01:11', '2015-09-30 04:33:33'),
(1, 200, '2014-01-24', '2015-09-30 01:16:33', '2015-09-30 06:19:46'),
(1, 103, '2015-06-19', '2015-09-30 03:07:25', '2015-09-30 07:26:44'),
(1, 26, '2015-06-20', '2015-09-30 05:54:01', '2015-09-30 06:29:13'),
(1, 103, '2014-03-03', '2015-09-30 05:58:54', '2015-09-30 06:14:28'),
(1, 191, '2015-07-08', '2015-09-30 07:37:02', '2015-09-30 08:10:31'),
(1, 135, '2015-09-16', '2015-09-29 23:07:18', '2015-09-30 02:54:25'),
(1, 14, '2014-06-21', '2015-09-30 01:01:39', '2015-09-30 04:53:03'),
(1, 103, '2014-10-31', '2015-09-30 01:59:22', '2015-09-30 06:15:20'),
(2, 21, '2014-11-25', '2015-09-29 01:10:52', '2015-09-29 03:08:06'),
(2, 158, '2014-02-17', '2015-09-29 02:31:45', '2015-09-29 03:39:38'),
(2, 197, '2014-06-07', '2015-09-29 02:18:19', '2015-09-29 03:02:30'),
(2, 102, '2014-01-25', '2015-09-29 02:36:01', '2015-09-29 02:47:11'),
(2, 52, '2014-12-29', '2015-09-29 03:09:47', '2015-09-29 03:27:54'),
(2, 52, '2015-04-26', '2015-09-29 01:10:57', '2015-09-29 01:39:26'),
(2, 80, '2015-04-11', '2015-09-29 01:42:26', '2015-09-29 01:57:29'),
(2, 67, '2014-08-27', '2015-09-29 01:26:02', '2015-09-29 01:56:09'),
(2, 112, '2014-01-31', '2015-09-29 02:05:01', '2015-09-29 03:16:24'),
(2, 152, '2015-01-14', '2015-09-29 01:54:11', '2015-09-29 02:15:24'),
(2, 135, '2014-05-24', '2015-09-29 01:18:06', '2015-09-29 03:23:12'),
(2, 135, '2014-08-29', '2015-09-29 02:04:28', '2015-09-29 03:18:46'),
(2, 67, '2015-06-09', '2015-09-29 03:59:36', '2015-09-29 04:00:36'),
(2, 7, '2015-02-21', '2015-09-29 03:45:55', '2015-09-29 03:46:11'),
(2, 72, '2014-12-28', '2015-09-29 02:03:23', '2015-09-29 03:13:03'),
(3, 129, '2014-09-04', '2015-09-30 00:56:17', '2015-09-30 01:10:08'),
(3, 87, '2015-06-07', '2015-09-30 04:02:17', '2015-09-30 04:30:20'),
(3, 151, '2014-05-11', '2015-09-30 02:45:29', '2015-09-30 03:30:06'),
(3, 36, '2015-03-11', '2015-09-30 01:07:15', '2015-09-30 02:54:02'),
(3, 96, '2015-06-23', '2015-09-30 00:49:33', '2015-09-30 01:54:52'),
(3, 197, '2014-11-27', '2015-09-30 04:05:37', '2015-09-30 04:17:08'),
(3, 129, '2014-11-12', '2015-09-30 00:21:07', '2015-09-30 03:27:53'),
(3, 183, '2014-11-22', '2015-09-30 00:43:23', '2015-09-30 04:46:52'),
(3, 164, '2014-01-04', '2015-09-30 02:34:06', '2015-09-30 03:19:35'),
(3, 160, '2014-04-13', '2015-09-29 23:40:19', '2015-09-30 04:46:00'),
(3, 117, '2015-05-04', '2015-09-30 04:04:10', '2015-09-30 04:05:54'),
(3, 161, '2015-04-29', '2015-09-30 04:44:01', '2015-09-30 04:53:14'),
(3, 157, '2014-12-19', '2015-09-30 00:30:05', '2015-09-30 03:51:49'),
(3, 199, '2014-02-06', '2015-09-30 00:47:26', '2015-09-30 04:55:48'),
(3, 118, '2015-06-03', '2015-09-30 01:17:21', '2015-09-30 03:40:05'),
(3, 131, '2015-03-30', '2015-09-30 04:01:07', '2015-09-30 04:24:06'),
(3, 69, '2014-03-23', '2015-09-30 02:28:08', '2015-09-30 03:05:01'),
(3, 28, '2015-02-02', '2015-09-30 04:35:38', '2015-09-30 04:44:52'),
(4, 79, '2014-07-30', '2015-09-29 16:54:06', '2015-09-29 19:14:13'),
(4, 129, '2014-09-09', '2015-09-29 22:50:52', '2015-09-30 00:18:12'),
(4, 32, '2014-07-24', '2015-09-29 19:34:27', '2015-09-29 20:30:12'),
(4, 177, '2015-04-29', '2015-09-29 22:15:14', '2015-09-30 00:23:04'),
(4, 166, '2014-01-07', '2015-09-29 18:06:21', '2015-09-29 23:12:13'),
(4, 181, '2015-03-13', '2015-09-29 17:10:18', '2015-09-29 17:38:50'),
(4, 89, '2014-03-09', '2015-09-29 16:41:51', '2015-09-29 22:32:59'),
(4, 165, '2015-04-13', '2015-09-29 23:23:10', '2015-09-30 00:21:47'),
(4, 41, '2015-04-25', '2015-09-30 00:02:43', '2015-09-30 00:19:46'),
(4, 55, '2014-06-08', '2015-09-29 19:09:07', '2015-09-29 19:34:09'),
(4, 133, '2015-05-26', '2015-09-29 16:59:11', '2015-09-30 00:15:08'),
(4, 117, '2015-02-13', '2015-09-29 19:04:33', '2015-09-29 19:29:36'),
(4, 187, '2015-01-31', '2015-09-29 19:15:30', '2015-09-29 21:50:03'),
(4, 14, '2014-04-05', '2015-09-29 23:36:06', '2015-09-29 23:49:11'),
(4, 185, '2015-07-17', '2015-09-29 16:56:24', '2015-09-29 20:51:26'),
(4, 157, '2015-08-23', '2015-09-29 18:19:10', '2015-09-29 21:48:04'),
(4, 130, '2015-08-01', '2015-09-29 15:49:10', '2015-09-29 22:53:47'),
(4, 200, '2014-07-03', '2015-09-29 16:12:36', '2015-09-30 00:09:44'),
(4, 107, '2014-08-26', '2015-09-29 21:38:03', '2015-09-29 22:27:11'),
(4, 164, '2015-05-30', '2015-09-29 23:10:25', '2015-09-30 00:22:36'),
(4, 117, '2014-09-23', '2015-09-29 17:57:52', '2015-09-30 00:25:13'),
(4, 164, '2015-07-29', '2015-09-30 00:11:00', '2015-09-30 00:17:56'),
(4, 69, '2014-06-26', '2015-09-29 20:53:19', '2015-09-29 21:52:34'),
(4, 135, '2014-02-14', '2015-09-29 16:28:05', '2015-09-29 23:00:12'),
(4, 39, '2015-05-20', '2015-09-29 23:41:02', '2015-09-30 00:19:15'),
(4, 28, '2014-01-14', '2015-09-29 15:57:11', '2015-09-29 21:24:46'),
(4, 128, '2015-09-02', '2015-09-29 20:29:47', '2015-09-29 20:29:49'),
(4, 117, '2014-01-31', '2015-09-29 19:02:39', '2015-09-29 19:23:44'),
(4, 51, '2014-11-30', '2015-09-29 15:58:37', '2015-09-29 17:27:58'),
(4, 50, '2015-02-18', '2015-09-29 17:14:34', '2015-09-29 21:41:49'),
(5, 142, '2015-10-10', '2016-03-24 13:13:23', '2016-03-24 14:18:08'),
(5, 165, '2015-06-22', '2016-03-24 14:34:27', '2016-03-24 15:11:47'),
(5, 175, '2015-02-26', '2016-03-24 14:27:41', '2016-03-24 14:57:03'),
(5, 133, '2015-01-03', '2016-03-24 14:39:42', '2016-03-24 14:52:58'),
(5, 145, '2015-11-10', '2016-03-24 13:41:08', '2016-03-24 13:51:46'),
(5, 198, '2015-04-08', '2016-03-24 14:10:53', '2016-03-24 14:48:09'),
(5, 4, '2015-07-19', '2016-03-24 15:03:49', '2016-03-24 15:10:07'),
(5, 126, '2015-07-09', '2016-03-24 14:44:38', '2016-03-24 14:47:05'),
(5, 198, '2015-05-17', '2016-03-24 15:14:01', '2016-03-24 15:14:28'),
(5, 129, '2015-07-18', '2016-03-24 12:58:01', '2016-03-24 14:05:11'),
(5, 154, '2015-10-31', '2016-03-24 14:55:33', '2016-03-24 14:56:12'),
(5, 199, '2015-09-16', '2016-03-24 13:15:45', '2016-03-24 14:57:42'),
(5, 160, '2015-04-10', '2016-03-24 13:41:34', '2016-03-24 15:00:50'),
(5, 146, '2015-10-21', '2016-03-24 13:53:25', '2016-03-24 14:15:09'),
(5, 136, '2015-02-09', '2016-03-24 12:33:07', '2016-03-24 12:49:22'),
(5, 7, '2015-10-28', '2016-03-24 15:05:08', '2016-03-24 15:06:49'),
(5, 152, '2016-01-10', '2016-03-24 12:29:36', '2016-03-24 12:49:30'),
(5, 94, '2015-09-02', '2016-03-24 13:03:15', '2016-03-24 14:24:10'),
(5, 45, '2015-10-09', '2016-03-24 15:02:12', '2016-03-24 15:13:39'),
(5, 74, '2015-05-29', '2016-03-24 15:16:00', '2016-03-24 15:16:04'),
(5, 94, '2015-01-17', '2016-03-24 13:02:50', '2016-03-24 14:07:13'),
(5, 92, '2015-08-19', '2016-03-24 14:56:49', '2016-03-24 15:13:47'),
(5, 53, '2015-12-24', '2016-03-24 14:26:20', '2016-03-24 14:57:45'),
(5, 54, '2016-02-29', '2016-03-24 14:21:10', '2016-03-24 14:35:20'),
(5, 136, '2015-11-03', '2016-03-24 14:14:40', '2016-03-24 14:53:53'),
(5, 22, '2015-09-10', '2016-03-24 13:09:14', '2016-03-24 13:14:01'),
(5, 191, '2016-01-10', '2016-03-24 12:23:30', '2016-03-24 12:41:41'),
(6, 119, '2015-10-10', '2016-03-24 02:15:56', '2016-03-24 04:41:59'),
(6, 27, '2015-08-09', '2016-03-24 04:18:17', '2016-03-24 04:58:54'),
(6, 29, '2016-01-22', '2016-03-24 04:24:55', '2016-03-24 04:51:34'),
(6, 84, '2015-06-24', '2016-03-24 03:47:25', '2016-03-24 04:56:34'),
(6, 24, '2015-11-13', '2016-03-24 03:08:04', '2016-03-24 03:26:17'),
(6, 198, '2015-10-25', '2016-03-24 03:51:50', '2016-03-24 04:33:56'),
(6, 197, '2016-01-31', '2016-03-24 03:55:17', '2016-03-24 04:44:59'),
(6, 161, '2015-03-26', '2016-03-24 03:01:03', '2016-03-24 03:45:50'),
(6, 47, '2015-09-27', '2016-03-24 03:28:11', '2016-03-24 03:54:23'),
(6, 110, '2015-01-08', '2016-03-24 02:43:29', '2016-03-24 04:30:07'),
(6, 67, '2015-08-03', '2016-03-24 03:35:06', '2016-03-24 04:49:24'),
(6, 188, '2015-02-07', '2016-03-24 03:41:45', '2016-03-24 04:01:50'),
(6, 146, '2015-05-28', '2016-03-24 03:01:04', '2016-03-24 04:44:28'),
(6, 62, '2015-12-22', '2016-03-24 03:27:27', '2016-03-24 04:54:39'),
(6, 101, '2015-07-23', '2016-03-24 03:15:27', '2016-03-24 03:47:27'),
(6, 22, '2015-04-13', '2016-03-24 04:35:27', '2016-03-24 04:48:49'),
(6, 101, '2016-03-08', '2016-03-24 04:44:45', '2016-03-24 05:00:29'),
(6, 62, '2015-08-20', '2016-03-24 04:35:12', '2016-03-24 04:51:37'),
(6, 160, '2015-06-15', '2016-03-24 02:51:30', '2016-03-24 03:10:07'),
(7, 55, '2016-03-02', '2016-03-24 06:55:42', '2016-03-24 08:55:12'),
(7, 186, '2015-03-01', '2016-03-24 09:13:59', '2016-03-24 09:17:32'),
(7, 43, '2015-10-08', '2016-03-24 09:50:48', '2016-03-24 09:51:05'),
(7, 48, '2015-04-11', '2016-03-24 08:00:16', '2016-03-24 08:04:08'),
(7, 27, '2015-10-05', '2016-03-24 09:45:30', '2016-03-24 09:45:36'),
(7, 119, '2015-06-22', '2016-03-24 09:36:39', '2016-03-24 09:36:40'),
(7, 26, '2015-06-21', '2016-03-24 07:11:20', '2016-03-24 07:41:22'),
(7, 14, '2015-03-28', '2016-03-24 09:35:26', '2016-03-24 09:43:53'),
(7, 150, '2015-03-03', '2016-03-24 06:56:41', '2016-03-24 08:21:35'),
(7, 107, '2015-06-16', '2016-03-24 08:18:50', '2016-03-24 09:28:40'),
(7, 200, '2015-08-16', '2016-03-24 08:59:37', '2016-03-24 09:44:06'),
(7, 153, '2015-09-22', '2016-03-24 09:35:23', '2016-03-24 09:50:26'),
(7, 189, '2016-01-15', '2016-03-24 09:24:10', '2016-03-24 09:26:28'),
(7, 1, '2015-07-04', '2016-03-24 09:43:22', '2016-03-24 09:47:25'),
(7, 56, '2015-11-20', '2016-03-24 07:06:08', '2016-03-24 07:26:09'),
(7, 193, '2015-03-12', '2016-03-24 07:12:59', '2016-03-24 09:02:40'),
(8, 133, '2015-10-18', '2016-03-24 17:56:54', '2016-03-24 21:48:17'),
(8, 5, '2015-04-20', '2016-03-24 15:55:44', '2016-03-24 16:45:39'),
(8, 52, '2015-11-05', '2016-03-24 23:52:00', '2016-03-25 00:26:04'),
(8, 23, '2015-12-20', '2016-03-24 18:54:18', '2016-03-24 19:13:01'),
(8, 81, '2016-02-10', '2016-03-24 23:46:04', '2016-03-25 00:30:43'),
(8, 24, '2015-09-08', '2016-03-24 20:36:39', '2016-03-24 23:18:30'),
(8, 94, '2016-01-31', '2016-03-24 19:48:20', '2016-03-24 22:26:48'),
(8, 74, '2015-11-13', '2016-03-24 15:52:52', '2016-03-24 18:51:13'),
(8, 135, '2015-05-03', '2016-03-24 18:25:57', '2016-03-24 23:12:30'),
(8, 161, '2015-06-16', '2016-03-24 19:00:31', '2016-03-24 19:08:03'),
(8, 56, '2016-01-24', '2016-03-24 23:55:28', '2016-03-25 00:23:04'),
(8, 150, '2015-09-09', '2016-03-24 23:26:57', '2016-03-24 23:49:23'),
(8, 72, '2015-05-29', '2016-03-24 17:39:55', '2016-03-25 00:18:36'),
(8, 7, '2015-12-28', '2016-03-24 18:14:21', '2016-03-24 19:42:28'),
(8, 14, '2015-04-21', '2016-03-24 23:14:30', '2016-03-25 00:08:41'),
(8, 72, '2016-02-14', '2016-03-24 17:21:16', '2016-03-24 19:23:48'),
(9, 10, '2017-06-10', '2017-07-21 17:00:58', '2017-07-21 19:04:53'),
(9, 23, '2016-02-15', '2017-07-21 15:33:46', '2017-07-21 19:11:05'),
(9, 102, '2016-11-24', '2017-07-21 12:15:16', '2017-07-21 17:09:49'),
(9, 60, '2016-01-19', '2017-07-21 19:34:02', '2017-07-21 19:49:15'),
(9, 41, '2017-06-07', '2017-07-21 15:07:25', '2017-07-21 18:21:24'),
(9, 21, '2017-02-19', '2017-07-21 14:04:00', '2017-07-21 14:57:22'),
(9, 55, '2016-11-19', '2017-07-21 16:53:46', '2017-07-21 19:18:55'),
(9, 111, '2017-04-05', '2017-07-21 12:17:12', '2017-07-21 19:45:24'),
(9, 23, '2016-05-25', '2017-07-21 19:55:27', '2017-07-21 20:52:39'),
(9, 52, '2016-08-25', '2017-07-21 19:40:07', '2017-07-21 19:51:59'),
(9, 177, '2016-10-17', '2017-07-21 14:30:24', '2017-07-21 16:19:28'),
(9, 126, '2016-09-05', '2017-07-21 13:41:15', '2017-07-21 16:41:02'),
(9, 198, '2017-07-17', '2017-07-21 15:27:42', '2017-07-21 18:48:01'),
(9, 26, '2017-06-02', '2017-07-21 18:44:09', '2017-07-21 20:57:32'),
(9, 169, '2016-05-30', '2017-07-21 12:43:04', '2017-07-21 14:17:17'),
(9, 7, '2016-10-01', '2017-07-21 18:42:38', '2017-07-21 20:05:34'),
(9, 184, '2016-03-04', '2017-07-21 20:44:41', '2017-07-21 20:53:13'),
(9, 94, '2017-03-12', '2017-07-21 17:38:26', '2017-07-21 19:28:10'),
(9, 183, '2016-11-19', '2017-07-21 20:02:29', '2017-07-21 20:52:39'),
(9, 74, '2017-03-26', '2017-07-21 19:36:29', '2017-07-21 20:12:22'),
(9, 160, '2017-01-29', '2017-07-21 14:30:58', '2017-07-21 17:04:30'),
(9, 193, '2016-09-04', '2017-07-21 18:56:59', '2017-07-21 20:04:02'),
(9, 51, '2017-03-06', '2017-07-21 16:22:50', '2017-07-21 18:22:13'),
(9, 54, '2016-02-15', '2017-07-21 12:33:49', '2017-07-21 20:32:51'),
(9, 152, '2016-08-05', '2017-07-21 19:03:14', '2017-07-21 19:17:27'),
(9, 163, '2016-01-14', '2017-07-21 15:53:03', '2017-07-21 18:30:04'),
(9, 199, '2017-02-16', '2017-07-21 20:55:40', '2017-07-21 20:57:03'),
(9, 7, '2016-02-27', '2017-07-21 13:59:43', '2017-07-21 14:30:36'),
(9, 200, '2016-01-18', '2017-07-21 15:57:30', '2017-07-21 16:02:30'),
(9, 131, '2016-03-24', '2017-07-21 20:54:03', '2017-07-21 20:56:37'),
(9, 98, '2016-11-08', '2017-07-21 12:10:21', '2017-07-21 14:03:08'),
(9, 108, '2016-02-19', '2017-07-21 15:18:57', '2017-07-21 18:36:25'),
(9, 152, '2017-03-29', '2017-07-21 15:44:42', '2017-07-21 17:20:42'),
(9, 152, '2016-03-08', '2017-07-21 12:42:37', '2017-07-21 19:21:56'),
(9, 74, '2016-11-30', '2017-07-21 13:17:43', '2017-07-21 13:18:49'),
(9, 200, '2016-08-26', '2017-07-21 19:58:27', '2017-07-21 20:39:45'),
(10, 158, '2016-06-12', '2017-07-21 23:32:19', '2017-07-22 03:10:47'),
(10, 41, '2017-03-26', '2017-07-22 01:29:17', '2017-07-22 02:48:28'),
(10, 43, '2016-11-05', '2017-07-22 03:48:03', '2017-07-22 04:13:53'),
(10, 165, '2016-09-21', '2017-07-22 00:37:02', '2017-07-22 04:33:34'),
(10, 127, '2016-01-22', '2017-07-21 21:16:57', '2017-07-22 00:32:51'),
(10, 151, '2017-01-18', '2017-07-21 21:06:38', '2017-07-22 04:40:32'),
(10, 8, '2017-07-20', '2017-07-21 21:30:03', '2017-07-22 01:16:30'),
(10, 193, '2016-02-11', '2017-07-21 22:49:24', '2017-07-22 04:15:29'),
(10, 189, '2017-06-16', '2017-07-21 21:08:43', '2017-07-22 04:36:48'),
(10, 7, '2017-03-03', '2017-07-22 02:28:38', '2017-07-22 03:49:02'),
(10, 146, '2017-03-04', '2017-07-22 01:35:13', '2017-07-22 03:37:54'),
(10, 184, '2016-02-16', '2017-07-22 02:40:17', '2017-07-22 04:07:41'),
(10, 98, '2016-05-05', '2017-07-21 23:03:57', '2017-07-22 01:32:24'),
(10, 154, '2016-06-20', '2017-07-21 21:13:18', '2017-07-22 00:13:35'),
(10, 183, '2017-03-14', '2017-07-22 01:10:56', '2017-07-22 03:55:52'),
(10, 152, '2016-12-20', '2017-07-21 20:47:07', '2017-07-22 02:06:03'),
(11, 76, '2017-07-13', '2017-07-21 01:31:03', '2017-07-21 01:47:02'),
(11, 48, '2016-11-28', '2017-07-21 10:27:40', '2017-07-21 12:40:31'),
(11, 196, '2016-08-31', '2017-07-21 02:53:23', '2017-07-21 11:19:41'),
(11, 79, '2016-05-01', '2017-07-21 08:52:08', '2017-07-21 12:34:33'),
(11, 79, '2017-06-06', '2017-07-21 11:59:13', '2017-07-21 12:11:33'),
(11, 17, '2016-09-28', '2017-07-21 03:41:28', '2017-07-21 10:36:54'),
(11, 73, '2016-09-03', '2017-07-21 12:17:06', '2017-07-21 12:57:22'),
(11, 111, '2017-06-01', '2017-07-21 03:58:02', '2017-07-21 10:07:42'),
(11, 13, '2016-02-15', '2017-07-21 11:14:20', '2017-07-21 11:14:57'),
(11, 53, '2016-09-07', '2017-07-21 02:04:01', '2017-07-21 08:50:43'),
(11, 135, '2016-11-20', '2017-07-21 11:22:46', '2017-07-21 12:54:00'),
(11, 164, '2016-09-21', '2017-07-21 10:18:36', '2017-07-21 12:52:37'),
(11, 92, '2016-09-16', '2017-07-21 03:41:43', '2017-07-21 11:21:56'),
(11, 98, '2017-01-03', '2017-07-21 07:53:17', '2017-07-21 08:59:36'),
(11, 188, '2017-01-13', '2017-07-21 10:36:24', '2017-07-21 11:59:47'),
(11, 103, '2016-01-06', '2017-07-21 06:12:26', '2017-07-21 07:18:55'),
(11, 154, '2016-05-22', '2017-07-21 10:52:21', '2017-07-21 12:13:15'),
(11, 14, '2016-10-18', '2017-07-21 02:17:56', '2017-07-21 12:58:36'),
(11, 14, '2016-12-27', '2017-07-21 11:56:29', '2017-07-21 13:10:29'),
(11, 136, '2016-04-08', '2017-07-21 04:07:21', '2017-07-21 05:37:29'),
(11, 135, '2016-01-18', '2017-07-21 02:42:03', '2017-07-21 03:07:47'),
(11, 45, '2016-08-19', '2017-07-21 10:58:16', '2017-07-21 13:13:52'),
(11, 200, '2016-04-25', '2017-07-21 08:02:47', '2017-07-21 10:46:15'),
(11, 200, '2016-03-25', '2017-07-21 08:19:50', '2017-07-21 12:54:15'),
(11, 112, '2016-03-26', '2017-07-21 05:18:57', '2017-07-21 12:17:55'),
(12, 145, '2017-05-11', '2017-07-21 04:28:04', '2017-07-21 07:18:58'),
(12, 145, '2017-03-28', '2017-07-21 04:57:35', '2017-07-21 08:41:37'),
(12, 176, '2016-01-31', '2017-07-21 03:01:23', '2017-07-21 04:42:40'),
(12, 36, '2016-12-15', '2017-07-21 08:00:55', '2017-07-21 09:53:57'),
(12, 129, '2017-06-03', '2017-07-21 07:48:58', '2017-07-21 07:50:53'),
(12, 151, '2017-02-28', '2017-07-21 07:08:54', '2017-07-21 07:34:18'),
(12, 197, '2017-07-05', '2017-07-21 09:29:16', '2017-07-21 10:01:53'),
(12, 73, '2016-09-25', '2017-07-21 09:19:33', '2017-07-21 09:26:54'),
(12, 56, '2017-06-15', '2017-07-21 04:11:43', '2017-07-21 05:25:11'),
(12, 132, '2016-10-16', '2017-07-21 02:32:59', '2017-07-21 09:30:31'),
(12, 200, '2016-01-17', '2017-07-21 09:11:58', '2017-07-21 11:10:00'),
(12, 74, '2016-11-13', '2017-07-21 10:56:26', '2017-07-21 11:08:21'),
(12, 92, '2016-01-22', '2017-07-21 09:05:28', '2017-07-21 11:20:46'),
(12, 153, '2017-03-03', '2017-07-21 10:21:55', '2017-07-21 11:07:23'),
(12, 39, '2016-02-25', '2017-07-21 05:21:40', '2017-07-21 07:13:23'),
(12, 123, '2016-09-02', '2017-07-21 08:21:16', '2017-07-21 11:21:20'),
(12, 135, '2016-05-03', '2017-07-21 06:15:29', '2017-07-21 07:13:56'),
(12, 1, '2016-10-11', '2017-07-21 05:48:36', '2017-07-21 08:09:39'),
(12, 14, '2016-02-24', '2017-07-21 09:30:49', '2017-07-21 11:25:24'),
(12, 170, '2016-03-14', '2017-07-21 07:26:44', '2017-07-21 08:31:23'),
(12, 14, '2017-04-12', '2017-07-21 04:46:24', '2017-07-21 07:31:25'),
(12, 117, '2017-01-24', '2017-07-21 05:13:22', '2017-07-21 07:10:08'),
(13, 55, '2018-02-28', '2018-07-02 17:43:21', '2018-07-02 18:31:02'),
(13, 177, '2017-09-12', '2018-07-02 19:17:56', '2018-07-02 19:25:01'),
(13, 176, '2017-11-09', '2018-07-02 19:09:16', '2018-07-02 19:24:14'),
(13, 166, '2017-08-02', '2018-07-02 16:59:49', '2018-07-02 18:05:00'),
(13, 158, '2017-09-06', '2018-07-02 19:21:18', '2018-07-02 19:24:42'),
(13, 10, '2018-06-26', '2018-07-02 16:57:57', '2018-07-02 19:29:05'),
(13, 197, '2017-04-28', '2018-07-02 17:45:25', '2018-07-02 17:48:01'),
(13, 128, '2017-07-01', '2018-07-02 18:03:26', '2018-07-02 18:33:14'),
(13, 174, '2018-05-21', '2018-07-02 16:37:43', '2018-07-02 17:04:51'),
(13, 33, '2017-02-09', '2018-07-02 18:29:17', '2018-07-02 18:56:05'),
(13, 200, '2017-11-23', '2018-07-02 17:48:27', '2018-07-02 18:54:05'),
(13, 131, '2018-03-30', '2018-07-02 17:36:19', '2018-07-02 18:49:05'),
(13, 93, '2017-08-15', '2018-07-02 18:47:02', '2018-07-02 19:13:48'),
(13, 1, '2017-04-26', '2018-07-02 18:57:08', '2018-07-02 19:23:47'),
(13, 174, '2018-03-02', '2018-07-02 19:23:51', '2018-07-02 19:29:10'),
(13, 92, '2018-05-14', '2018-07-02 19:13:02', '2018-07-02 19:26:58'),
(13, 170, '2017-09-04', '2018-07-02 18:52:32', '2018-07-02 18:58:27'),
(13, 103, '2017-06-22', '2018-07-02 18:16:48', '2018-07-02 19:05:12'),
(13, 69, '2017-12-28', '2018-07-02 17:31:15', '2018-07-02 18:27:39'),
(14, 52, '2017-09-11', '2018-07-02 05:54:52', '2018-07-02 06:04:15'),
(14, 197, '2017-02-18', '2018-07-02 07:23:09', '2018-07-02 08:56:33'),
(14, 181, '2017-03-16', '2018-07-02 06:30:22', '2018-07-02 07:15:32'),
(14, 79, '2017-07-27', '2018-07-02 08:23:56', '2018-07-02 09:36:25'),
(14, 32, '2017-01-08', '2018-07-02 07:20:15', '2018-07-02 08:29:44'),
(14, 158, '2017-01-14', '2018-07-02 04:34:08', '2018-07-02 07:37:11'),
(14, 73, '2018-04-07', '2018-07-02 09:58:55', '2018-07-02 10:26:14'),
(14, 10, '2017-09-23', '2018-07-02 07:53:29', '2018-07-02 09:51:41'),
(14, 60, '2017-10-17', '2018-07-02 09:10:10', '2018-07-02 09:39:38'),
(14, 5, '2018-03-25', '2018-07-02 05:57:29', '2018-07-02 10:15:17'),
(14, 13, '2018-03-09', '2018-07-02 10:06:26', '2018-07-02 10:17:45'),
(14, 107, '2018-04-04', '2018-07-02 06:00:28', '2018-07-02 09:12:26'),
(14, 92, '2017-10-22', '2018-07-02 06:39:26', '2018-07-02 07:57:03'),
(14, 150, '2018-04-06', '2018-07-02 05:57:19', '2018-07-02 07:52:59'),
(14, 174, '2018-01-06', '2018-07-02 05:46:58', '2018-07-02 07:32:48'),
(14, 123, '2017-10-21', '2018-07-02 05:38:38', '2018-07-02 08:39:39'),
(14, 33, '2018-05-01', '2018-07-02 09:51:18', '2018-07-02 10:19:42'),
(14, 153, '2017-05-15', '2018-07-02 08:23:19', '2018-07-02 08:39:50'),
(14, 163, '2017-10-29', '2018-07-02 06:03:03', '2018-07-02 07:00:55'),
(14, 93, '2017-08-20', '2018-07-02 05:40:35', '2018-07-02 09:28:32'),
(14, 174, '2017-03-24', '2018-07-02 07:00:08', '2018-07-02 10:03:37'),
(14, 54, '2017-09-25', '2018-07-02 08:03:10', '2018-07-02 10:21:15'),
(14, 123, '2017-10-20', '2018-07-02 08:45:35', '2018-07-02 10:05:02'),
(14, 185, '2017-07-16', '2018-07-02 09:49:07', '2018-07-02 10:02:13'),
(14, 117, '2017-09-11', '2018-07-02 08:54:04', '2018-07-02 10:07:19'),
(14, 157, '2017-03-04', '2018-07-02 09:07:45', '2018-07-02 09:53:36'),
(14, 103, '2018-05-18', '2018-07-02 05:06:37', '2018-07-02 06:38:43'),
(14, 7, '2017-09-24', '2018-07-02 07:27:31', '2018-07-02 09:10:48'),
(14, 93, '2017-05-13', '2018-07-02 07:22:50', '2018-07-02 08:44:13'),
(14, 80, '2018-06-28', '2018-07-02 05:36:37', '2018-07-02 07:09:31'),
(15, 142, '2017-10-26', '2018-07-02 01:25:58', '2018-07-02 05:04:25'),
(15, 81, '2017-05-22', '2018-07-02 03:42:44', '2018-07-02 08:15:08'),
(15, 23, '2018-03-10', '2018-07-02 04:16:22', '2018-07-02 04:56:20'),
(15, 82, '2018-04-11', '2018-07-02 06:04:58', '2018-07-02 07:32:59'),
(15, 3, '2017-01-31', '2018-07-02 07:53:35', '2018-07-02 09:07:11'),
(15, 41, '2017-06-13', '2018-07-02 00:48:40', '2018-07-02 03:48:52'),
(15, 175, '2017-05-02', '2018-07-02 07:59:24', '2018-07-02 08:12:50'),
(15, 49, '2017-05-01', '2018-07-02 05:56:13', '2018-07-02 06:30:25'),
(15, 160, '2017-03-01', '2018-07-02 01:30:26', '2018-07-02 08:32:53'),
(15, 14, '2018-02-05', '2018-07-02 07:01:27', '2018-07-02 08:01:59'),
(15, 161, '2017-12-10', '2018-07-02 08:30:29', '2018-07-02 09:25:33'),
(15, 132, '2017-09-11', '2018-07-02 01:40:37', '2018-07-02 04:05:52'),
(15, 118, '2018-01-14', '2018-07-02 05:38:36', '2018-07-02 06:01:42'),
(15, 132, '2017-05-19', '2018-07-02 05:32:38', '2018-07-02 09:27:31'),
(15, 103, '2017-01-02', '2018-07-02 07:18:19', '2018-07-02 09:31:59'),
(15, 128, '2017-04-05', '2018-07-02 03:03:22', '2018-07-02 03:44:58'),
(15, 94, '2017-01-21', '2018-07-02 03:25:16', '2018-07-02 04:28:19'),
(15, 53, '2017-09-16', '2018-07-02 04:09:17', '2018-07-02 08:02:26'),
(15, 93, '2017-02-14', '2018-07-02 08:12:36', '2018-07-02 08:48:06'),
(16, 186, '2018-03-29', '2018-07-02 10:59:07', '2018-07-02 12:40:22'),
(16, 89, '2017-07-29', '2018-07-02 10:58:54', '2018-07-02 11:52:41'),
(16, 32, '2018-01-02', '2018-07-02 11:10:04', '2018-07-02 11:16:07'),
(16, 129, '2018-04-19', '2018-07-02 12:16:08', '2018-07-02 12:40:11'),
(16, 48, '2017-10-16', '2018-07-02 10:39:17', '2018-07-02 11:49:38'),
(16, 3, '2017-04-09', '2018-07-02 11:36:01', '2018-07-02 11:38:59'),
(16, 196, '2017-10-17', '2018-07-02 11:37:23', '2018-07-02 12:20:40'),
(16, 89, '2018-02-06', '2018-07-02 10:49:10', '2018-07-02 11:14:17'),
(16, 27, '2017-09-27', '2018-07-02 12:39:31', '2018-07-02 12:41:03'),
(16, 161, '2017-11-06', '2018-07-02 10:38:54', '2018-07-02 10:50:47'),
(16, 108, '2017-06-19', '2018-07-02 11:38:43', '2018-07-02 11:55:40'),
(16, 184, '2017-07-12', '2018-07-02 10:04:34', '2018-07-02 11:01:42'),
(16, 170, '2017-08-03', '2018-07-02 11:17:56', '2018-07-02 12:21:19'),
(16, 72, '2017-02-09', '2018-07-02 12:30:46', '2018-07-02 12:43:05'),
(16, 49, '2018-01-04', '2018-07-02 11:49:28', '2018-07-02 11:58:13'),
(16, 33, '2017-08-30', '2018-07-02 11:13:55', '2018-07-02 11:28:04'),
(16, 80, '2017-06-05', '2018-07-02 10:44:35', '2018-07-02 11:03:51'),
(16, 62, '2018-03-02', '2018-07-02 12:28:12', '2018-07-02 12:42:02'),
(16, 170, '2018-04-11', '2018-07-02 10:53:26', '2018-07-02 11:37:46'),
(16, 1, '2018-06-22', '2018-07-02 09:48:13', '2018-07-02 09:54:57'),
(16, 1, '2018-01-16', '2018-07-02 11:03:11', '2018-07-02 12:13:05'),
(16, 51, '2017-06-10', '2018-07-02 10:46:13', '2018-07-02 11:50:04'),
(16, 19, '2018-05-30', '2018-07-02 10:30:17', '2018-07-02 11:17:04'),
(16, 92, '2017-01-10', '2018-07-02 11:10:27', '2018-07-02 12:10:14'),
(16, 8, '2017-03-31', '2018-07-02 12:24:22', '2018-07-02 12:36:14'),
(17, 29, '2019-11-14', '2019-12-07 02:23:00', '2019-12-07 03:59:52'),
(17, 82, '2018-08-29', '2019-12-07 02:19:16', '2019-12-07 03:39:05'),
(17, 99, '2018-07-14', '2019-12-06 21:20:22', '2019-12-06 22:56:51'),
(17, 2, '2019-05-10', '2019-12-06 19:41:37', '2019-12-06 20:40:29'),
(17, 79, '2018-04-24', '2019-12-07 02:29:44', '2019-12-07 02:41:30'),
(17, 145, '2019-01-26', '2019-12-07 02:51:52', '2019-12-07 03:07:48'),
(17, 99, '2019-03-10', '2019-12-07 00:36:01', '2019-12-07 00:45:48'),
(17, 135, '2018-03-15', '2019-12-07 00:55:32', '2019-12-07 04:01:33'),
(17, 53, '2018-06-29', '2019-12-07 01:27:06', '2019-12-07 02:53:03'),
(17, 189, '2019-09-17', '2019-12-06 22:57:20', '2019-12-06 23:31:14'),
(17, 131, '2019-12-05', '2019-12-06 20:59:24', '2019-12-07 00:13:22'),
(17, 72, '2019-09-15', '2019-12-07 00:14:57', '2019-12-07 03:37:39'),
(17, 193, '2018-11-20', '2019-12-07 00:08:14', '2019-12-07 02:40:12'),
(17, 170, '2019-03-08', '2019-12-07 01:28:57', '2019-12-07 02:21:48'),
(17, 93, '2019-06-08', '2019-12-07 04:02:25', '2019-12-07 04:02:34'),
(17, 33, '2019-10-27', '2019-12-06 20:10:52', '2019-12-06 23:21:30'),
(17, 94, '2019-01-01', '2019-12-07 00:58:48', '2019-12-07 04:01:28'),
(17, 50, '2019-09-04', '2019-12-06 20:02:59', '2019-12-07 03:46:12'),
(17, 185, '2019-09-01', '2019-12-07 02:21:14', '2019-12-07 03:51:08'),
(18, 4, '2018-06-11', '2019-12-06 09:38:25', '2019-12-06 11:13:34'),
(18, 151, '2019-05-03', '2019-12-06 09:46:17', '2019-12-06 11:30:59'),
(18, 142, '2019-03-07', '2019-12-06 08:32:26', '2019-12-06 10:43:03'),
(18, 111, '2018-06-22', '2019-12-06 08:18:44', '2019-12-06 11:52:59'),
(18, 23, '2018-12-11', '2019-12-06 12:36:34', '2019-12-06 12:38:37'),
(18, 2, '2018-01-15', '2019-12-06 07:29:57', '2019-12-06 11:46:35'),
(18, 198, '2018-06-08', '2019-12-06 07:37:56', '2019-12-06 10:34:22'),
(18, 181, '2019-05-14', '2019-12-06 08:35:03', '2019-12-06 12:24:32'),
(18, 13, '2019-01-22', '2019-12-06 10:46:29', '2019-12-06 12:23:36'),
(18, 40, '2018-02-01', '2019-12-06 12:18:36', '2019-12-06 12:40:12'),
(18, 198, '2019-09-28', '2019-12-06 11:58:39', '2019-12-06 12:16:24'),
(18, 32, '2019-01-23', '2019-12-06 10:15:32', '2019-12-06 11:25:49'),
(18, 24, '2018-04-09', '2019-12-06 11:26:59', '2019-12-06 12:30:36'),
(18, 157, '2018-09-16', '2019-12-06 10:06:02', '2019-12-06 10:29:51'),
(18, 161, '2019-11-12', '2019-12-06 11:07:58', '2019-12-06 12:02:02'),
(18, 153, '2018-01-30', '2019-12-06 09:32:05', '2019-12-06 10:59:47'),
(18, 157, '2019-07-22', '2019-12-06 08:12:49', '2019-12-06 12:03:05'),
(18, 123, '2018-01-05', '2019-12-06 11:36:34', '2019-12-06 12:37:34'),
(18, 94, '2019-06-13', '2019-12-06 10:07:48', '2019-12-06 11:47:52'),
(18, 199, '2019-03-08', '2019-12-06 06:59:34', '2019-12-06 07:48:51'),
(18, 22, '2018-01-19', '2019-12-06 10:17:19', '2019-12-06 11:43:34'),
(18, 80, '2019-11-15', '2019-12-06 07:45:06', '2019-12-06 10:37:23'),
(18, 103, '2018-11-19', '2019-12-06 09:22:18', '2019-12-06 10:11:33'),
(18, 28, '2019-01-02', '2019-12-06 10:16:58', '2019-12-06 11:37:52'),
(18, 1, '2018-07-07', '2019-12-06 10:22:08', '2019-12-06 11:10:54'),
(18, 26, '2018-09-24', '2019-12-06 06:51:17', '2019-12-06 10:45:04'),
(18, 135, '2019-10-13', '2019-12-06 09:09:41', '2019-12-06 12:16:46'),
(18, 47, '2019-06-27', '2019-12-06 09:50:33', '2019-12-06 12:23:18'),
(18, 116, '2018-07-06', '2019-12-06 07:32:35', '2019-12-06 08:22:58'),
(18, 187, '2019-06-03', '2019-12-06 09:52:49', '2019-12-06 12:09:23'),
(18, 98, '2018-06-14', '2019-12-06 08:09:49', '2019-12-06 08:44:31'),
(18, 7, '2018-05-08', '2019-12-06 12:37:13', '2019-12-06 12:41:06'),
(18, 28, '2018-02-11', '2019-12-06 12:08:19', '2019-12-06 12:32:00'),
(18, 191, '2018-06-10', '2019-12-06 07:21:12', '2019-12-06 12:25:55'),
(18, 200, '2019-07-18', '2019-12-06 12:27:33', '2019-12-06 12:30:32'),
(18, 80, '2019-01-27', '2019-12-06 08:30:18', '2019-12-06 11:30:27'),
(19, 32, '2019-07-29', '2019-12-06 14:21:22', '2019-12-06 18:13:09'),
(19, 40, '2018-12-29', '2019-12-06 11:13:23', '2019-12-06 16:01:53'),
(19, 43, '2019-01-15', '2019-12-06 14:29:22', '2019-12-06 14:47:37'),
(19, 166, '2019-02-02', '2019-12-06 12:25:58', '2019-12-06 13:30:48'),
(19, 82, '2018-12-09', '2019-12-06 17:40:53', '2019-12-06 18:26:15'),
(19, 40, '2019-03-17', '2019-12-06 14:35:11', '2019-12-06 18:16:20'),
(19, 174, '2019-09-04', '2019-12-06 15:33:52', '2019-12-06 16:16:42'),
(19, 136, '2018-07-08', '2019-12-06 10:45:24', '2019-12-06 13:36:14'),
(19, 54, '2019-09-22', '2019-12-06 11:24:01', '2019-12-06 12:12:18'),
(19, 19, '2018-01-28', '2019-12-06 17:31:37', '2019-12-06 17:45:04'),
(19, 136, '2019-07-02', '2019-12-06 15:14:02', '2019-12-06 18:13:35'),
(19, 193, '2019-10-07', '2019-12-06 10:40:50', '2019-12-06 12:54:04'),
(19, 1, '2019-08-26', '2019-12-06 13:06:29', '2019-12-06 14:09:34'),
(19, 14, '2018-09-23', '2019-12-06 10:24:04', '2019-12-06 18:33:38'),
(19, 135, '2019-11-24', '2019-12-06 11:31:46', '2019-12-06 17:14:39'),
(20, 17, '2019-06-17', '2019-12-06 15:37:35', '2019-12-06 16:08:43'),
(20, 55, '2018-11-16', '2019-12-06 15:31:37', '2019-12-06 15:54:55'),
(20, 175, '2019-01-19', '2019-12-06 16:25:56', '2019-12-06 16:30:13'),
(20, 27, '2018-05-09', '2019-12-06 13:34:26', '2019-12-06 15:00:39'),
(20, 129, '2018-12-22', '2019-12-06 12:27:30', '2019-12-06 15:43:03'),
(20, 102, '2019-01-23', '2019-12-06 12:06:42', '2019-12-06 14:51:28'),
(20, 108, '2019-01-12', '2019-12-06 13:27:20', '2019-12-06 15:24:02'),
(20, 131, '2019-11-11', '2019-12-06 13:18:28', '2019-12-06 15:06:08'),
(20, 200, '2018-09-11', '2019-12-06 14:13:41', '2019-12-06 15:55:50'),
(20, 174, '2018-02-25', '2019-12-06 15:48:30', '2019-12-06 16:15:05'),
(20, 161, '2018-09-13', '2019-12-06 11:16:39', '2019-12-06 13:43:56'),
(20, 150, '2018-03-14', '2019-12-06 13:54:57', '2019-12-06 14:19:39'),
(20, 164, '2018-04-13', '2019-12-06 11:47:21', '2019-12-06 13:11:52'),
(20, 118, '2018-11-23', '2019-12-06 12:50:44', '2019-12-06 13:20:47'),
(20, 69, '2019-08-19', '2019-12-06 12:06:51', '2019-12-06 15:54:36'),
(20, 164, '2018-09-27', '2019-12-06 15:50:24', '2019-12-06 16:28:06'),
(21, 141, '2020-01-09', '2020-02-17 19:37:04', '2020-02-18 01:07:54'),
(21, 125, '2019-11-10', '2020-02-17 18:37:54', '2020-02-17 20:24:31'),
(21, 192, '2020-01-20', '2020-02-17 19:19:59', '2020-02-17 22:00:01'),
(21, 40, '2019-07-31', '2020-02-17 22:28:16', '2020-02-17 23:22:43'),
(21, 79, '2019-02-08', '2020-02-17 21:24:47', '2020-02-17 22:35:53'),
(21, 52, '2019-03-22', '2020-02-17 17:41:11', '2020-02-17 23:54:34'),
(21, 4, '2019-05-08', '2020-02-17 17:48:37', '2020-02-17 19:36:58'),
(21, 29, '2019-03-22', '2020-02-18 00:00:39', '2020-02-18 00:57:12'),
(21, 60, '2019-05-08', '2020-02-17 19:55:45', '2020-02-18 00:26:31'),
(21, 108, '2019-07-19', '2020-02-17 19:43:00', '2020-02-17 19:56:20'),
(21, 47, '2019-09-04', '2020-02-17 22:40:23', '2020-02-17 22:40:50'),
(21, 110, '2020-02-02', '2020-02-17 18:01:30', '2020-02-17 18:26:01'),
(21, 135, '2019-12-17', '2020-02-17 22:35:25', '2020-02-17 23:07:57'),
(21, 14, '2019-09-23', '2020-02-17 22:30:29', '2020-02-17 23:10:51'),
(21, 164, '2019-08-06', '2020-02-17 17:13:36', '2020-02-17 22:16:01'),
(21, 22, '2020-01-19', '2020-02-17 23:29:57', '2020-02-18 00:19:54'),
(21, 191, '2019-03-24', '2020-02-17 23:09:11', '2020-02-18 01:08:50'),
(21, 193, '2019-08-06', '2020-02-17 21:01:17', '2020-02-17 23:56:01'),
(21, 45, '2019-08-24', '2020-02-17 19:40:27', '2020-02-18 00:31:39'),
(21, 62, '2020-01-03', '2020-02-17 20:18:29', '2020-02-17 21:16:50'),
(21, 185, '2019-02-12', '2020-02-17 21:59:41', '2020-02-18 00:15:30'),
(21, 45, '2019-06-29', '2020-02-17 23:38:01', '2020-02-18 00:20:46'),
(21, 187, '2019-09-22', '2020-02-17 21:31:11', '2020-02-18 00:24:01'),
(21, 130, '2019-10-17', '2020-02-17 17:05:19', '2020-02-18 01:17:18'),
(21, 103, '2019-10-08', '2020-02-17 23:15:00', '2020-02-17 23:24:30'),
(22, 23, '2019-01-22', '2020-02-17 08:16:22', '2020-02-17 09:39:30'),
(22, 55, '2019-12-19', '2020-02-17 08:46:46', '2020-02-17 08:47:49'),
(22, 29, '2019-12-14', '2020-02-17 07:15:53', '2020-02-17 08:56:55'),
(22, 126, '2020-01-29', '2020-02-17 09:33:27', '2020-02-17 09:52:34'),
(22, 55, '2019-06-10', '2020-02-17 09:36:51', '2020-02-17 09:47:24'),
(22, 84, '2019-01-20', '2020-02-17 07:44:41', '2020-02-17 09:35:45'),
(22, 175, '2019-07-22', '2020-02-17 08:18:17', '2020-02-17 09:38:10'),
(22, 186, '2019-03-05', '2020-02-17 07:33:50', '2020-02-17 08:08:38'),
(22, 117, '2019-04-06', '2020-02-17 09:08:37', '2020-02-17 09:20:18'),
(22, 160, '2019-08-16', '2020-02-17 08:52:26', '2020-02-17 09:10:42'),
(22, 130, '2019-05-26', '2020-02-17 09:28:57', '2020-02-17 09:46:55'),
(22, 128, '2019-07-09', '2020-02-17 07:16:07', '2020-02-17 08:04:13'),
(22, 54, '2019-06-18', '2020-02-17 08:01:57', '2020-02-17 08:41:45'),
(22, 135, '2019-06-10', '2020-02-17 07:39:23', '2020-02-17 08:59:39'),
(22, 185, '2019-09-15', '2020-02-17 08:23:01', '2020-02-17 09:47:31'),
(22, 154, '2019-01-13', '2020-02-17 08:22:57', '2020-02-17 08:28:23'),
(22, 108, '2019-04-10', '2020-02-17 06:55:52', '2020-02-17 09:26:37'),
(22, 160, '2019-05-05', '2020-02-17 07:39:30', '2020-02-17 08:16:46'),
(22, 118, '2020-01-16', '2020-02-17 07:02:17', '2020-02-17 07:16:40'),
(22, 93, '2019-02-20', '2020-02-17 09:30:46', '2020-02-17 09:39:20'),
(22, 101, '2019-06-05', '2020-02-17 07:13:10', '2020-02-17 08:51:56'),
(22, 150, '2019-02-05', '2020-02-17 07:32:06', '2020-02-17 08:54:57'),
(23, 89, '2020-02-13', '2020-02-18 08:52:06', '2020-02-18 08:56:52'),
(23, 55, '2019-09-18', '2020-02-18 00:34:22', '2020-02-18 05:19:46'),
(23, 3, '2019-10-03', '2020-02-18 08:14:21', '2020-02-18 08:28:03'),
(23, 21, '2019-06-12', '2020-02-18 07:17:14', '2020-02-18 08:12:35'),
(23, 52, '2020-02-02', '2020-02-17 21:17:22', '2020-02-17 23:01:11'),
(23, 99, '2019-04-24', '2020-02-18 02:51:13', '2020-02-18 04:08:01'),
(23, 96, '2019-02-28', '2020-02-18 03:33:42', '2020-02-18 08:53:20'),
(23, 86, '2020-01-02', '2020-02-18 03:16:34', '2020-02-18 07:33:08'),
(23, 126, '2019-02-25', '2020-02-18 03:20:16', '2020-02-18 08:43:05'),
(23, 158, '2019-06-02', '2020-02-18 08:41:34', '2020-02-18 08:41:38'),
(23, 181, '2019-05-01', '2020-02-18 03:49:59', '2020-02-18 07:35:50'),
(23, 104, '2019-07-07', '2020-02-18 07:00:57', '2020-02-18 08:51:05'),
(23, 84, '2019-02-24', '2020-02-18 06:41:55', '2020-02-18 09:07:07'),
(23, 123, '2019-10-17', '2020-02-18 08:43:13', '2020-02-18 08:44:34'),
(23, 161, '2019-11-24', '2020-02-18 03:26:21', '2020-02-18 06:46:59'),
(23, 110, '2019-04-20', '2020-02-18 05:51:50', '2020-02-18 07:54:21'),
(23, 28, '2019-04-22', '2020-02-17 21:53:44', '2020-02-18 01:34:13'),
(23, 47, '2019-11-08', '2020-02-18 00:34:53', '2020-02-18 05:50:41'),
(23, 132, '2019-03-17', '2020-02-18 05:05:18', '2020-02-18 05:22:38'),
(23, 117, '2019-11-27', '2020-02-18 01:58:20', '2020-02-18 03:05:42'),
(23, 50, '2019-08-30', '2020-02-18 06:33:12', '2020-02-18 09:01:24'),
(23, 189, '2019-05-20', '2020-02-18 00:27:18', '2020-02-18 08:20:22'),
(23, 157, '2019-01-11', '2020-02-18 02:32:47', '2020-02-18 02:55:16'),
(23, 69, '2019-09-01', '2020-02-18 01:48:11', '2020-02-18 05:29:33'),
(23, 14, '2019-11-06', '2020-02-18 00:21:17', '2020-02-18 03:27:35'),
(23, 39, '2019-09-16', '2020-02-18 03:42:16', '2020-02-18 09:04:46'),
(23, 1, '2020-01-04', '2020-02-18 08:37:04', '2020-02-18 08:55:35'),
(23, 123, '2019-12-12', '2020-02-18 04:47:18', '2020-02-18 07:41:29'),
(23, 199, '2019-02-27', '2020-02-17 22:01:37', '2020-02-18 06:55:17'),
(23, 189, '2019-07-10', '2020-02-18 04:31:23', '2020-02-18 05:07:55'),
(23, 22, '2019-04-04', '2020-02-18 01:44:53', '2020-02-18 07:44:31'),
(23, 189, '2019-06-28', '2020-02-18 05:26:21', '2020-02-18 06:57:57'),
(23, 49, '2019-06-11', '2020-02-18 07:10:21', '2020-02-18 07:45:51'),
(23, 50, '2019-04-29', '2020-02-18 01:29:45', '2020-02-18 08:55:30'),
(23, 8, '2020-02-03', '2020-02-18 06:26:09', '2020-02-18 06:52:54'),
(23, 150, '2019-11-15', '2020-02-18 06:39:41', '2020-02-18 07:11:40'),
(24, 17, '2019-06-09', '2020-02-17 16:47:55', '2020-02-17 17:39:47'),
(24, 13, '2019-10-05', '2020-02-17 22:01:37', '2020-02-17 22:48:41'),
(24, 181, '2019-08-31', '2020-02-17 21:35:19', '2020-02-17 22:02:11'),
(24, 186, '2019-09-28', '2020-02-17 17:09:32', '2020-02-17 18:33:08'),
(24, 23, '2019-08-23', '2020-02-17 15:30:18', '2020-02-17 22:19:29'),
(24, 5, '2019-10-30', '2020-02-17 18:24:16', '2020-02-17 19:53:57'),
(24, 1, '2019-06-15', '2020-02-17 16:29:37', '2020-02-17 21:22:26'),
(24, 117, '2020-01-05', '2020-02-17 16:14:35', '2020-02-17 18:31:08'),
(24, 123, '2019-09-13', '2020-02-17 16:26:14', '2020-02-17 18:20:59'),
(24, 1, '2019-04-20', '2020-02-17 22:30:21', '2020-02-17 22:49:26'),
(24, 49, '2019-01-11', '2020-02-17 12:40:50', '2020-02-17 13:31:45'),
(24, 69, '2019-04-21', '2020-02-17 22:48:43', '2020-02-17 22:50:22'),
(24, 152, '2020-02-12', '2020-02-17 15:28:15', '2020-02-17 20:47:10'),
(24, 19, '2019-01-08', '2020-02-17 21:05:50', '2020-02-17 22:46:05'),
(24, 152, '2020-01-14', '2020-02-17 22:18:33', '2020-02-17 22:46:47'),
(25, 86, '2021-02-26', '2021-05-05 11:08:21', '2021-05-05 12:27:01'),
(25, 60, '2020-03-22', '2021-05-05 10:25:44', '2021-05-05 11:25:40'),
(25, 13, '2020-11-28', '2021-05-05 11:03:51', '2021-05-05 11:48:46'),
(25, 2, '2021-02-06', '2021-05-05 06:06:54', '2021-05-05 07:31:20'),
(25, 2, '2020-06-03', '2021-05-05 09:30:51', '2021-05-05 10:46:54'),
(25, 133, '2020-06-14', '2021-05-05 11:21:09', '2021-05-05 13:17:30'),
(25, 10, '2021-04-05', '2021-05-05 11:38:27', '2021-05-05 12:16:28'),
(25, 142, '2020-05-08', '2021-05-05 09:00:24', '2021-05-05 12:01:38'),
(25, 104, '2020-11-05', '2021-05-05 11:18:29', '2021-05-05 12:05:28'),
(25, 52, '2021-01-09', '2021-05-05 07:08:16', '2021-05-05 13:10:16'),
(25, 27, '2020-10-11', '2021-05-05 05:49:44', '2021-05-05 05:58:06'),
(25, 111, '2020-12-26', '2021-05-05 05:10:34', '2021-05-05 11:33:39'),
(25, 199, '2020-09-29', '2021-05-05 11:37:50', '2021-05-05 11:39:09'),
(25, 117, '2020-10-18', '2021-05-05 10:31:10', '2021-05-05 10:49:21'),
(25, 193, '2020-12-02', '2021-05-05 06:07:34', '2021-05-05 10:59:39'),
(25, 200, '2020-03-06', '2021-05-05 13:16:18', '2021-05-05 13:20:44'),
(25, 199, '2021-03-29', '2021-05-05 11:55:24', '2021-05-05 12:14:02'),
(25, 117, '2020-02-22', '2021-05-05 08:46:22', '2021-05-05 11:35:38'),
(25, 164, '2021-04-24', '2021-05-05 09:08:33', '2021-05-05 12:34:58'),
(25, 80, '2021-01-16', '2021-05-05 10:19:04', '2021-05-05 10:39:50'),
(25, 8, '2020-08-05', '2021-05-05 06:45:44', '2021-05-05 07:35:58'),
(25, 56, '2020-10-10', '2021-05-05 07:48:50', '2021-05-05 10:28:56'),
(25, 200, '2020-03-12', '2021-05-05 09:55:05', '2021-05-05 10:59:55'),
(25, 184, '2020-10-12', '2021-05-05 13:11:38', '2021-05-05 13:19:22'),
(25, 8, '2020-09-21', '2021-05-05 09:24:43', '2021-05-05 09:35:58'),
(25, 7, '2020-02-14', '2021-05-05 05:11:48', '2021-05-05 11:56:43'),
(25, 193, '2021-04-25', '2021-05-05 11:51:18', '2021-05-05 12:18:53'),
(25, 93, '2020-06-22', '2021-05-05 07:15:21', '2021-05-05 09:46:16'),
(25, 183, '2020-09-26', '2021-05-05 04:50:35', '2021-05-05 06:29:21'),
(25, 67, '2020-03-15', '2021-05-05 06:06:54', '2021-05-05 07:49:03'),
(25, 152, '2021-02-12', '2021-05-05 05:10:34', '2021-05-05 10:55:25'),
(25, 26, '2020-02-05', '2021-05-05 07:48:49', '2021-05-05 10:30:51'),
(25, 188, '2020-02-12', '2021-05-05 08:56:12', '2021-05-05 13:18:36'),
(26, 197, '2020-06-23', '2021-05-05 23:12:49', '2021-05-06 03:58:20'),
(26, 10, '2020-06-13', '2021-05-05 21:22:04', '2021-05-06 05:00:29'),
(26, 52, '2021-01-29', '2021-05-05 20:28:31', '2021-05-05 22:28:17'),
(26, 52, '2020-07-08', '2021-05-06 02:35:51', '2021-05-06 04:08:25'),
(26, 27, '2020-03-23', '2021-05-06 01:39:27', '2021-05-06 01:58:36'),
(26, 104, '2020-04-09', '2021-05-05 21:57:09', '2021-05-05 22:13:30'),
(26, 192, '2020-04-07', '2021-05-05 22:31:53', '2021-05-05 23:38:42'),
(26, 4, '2021-03-03', '2021-05-06 02:58:37', '2021-05-06 03:13:40'),
(26, 125, '2020-12-05', '2021-05-06 04:30:30', '2021-05-06 05:12:35'),
(26, 21, '2020-05-09', '2021-05-06 02:29:32', '2021-05-06 05:18:33'),
(26, 192, '2020-11-14', '2021-05-06 04:07:26', '2021-05-06 04:46:13'),
(26, 21, '2020-02-24', '2021-05-05 22:46:42', '2021-05-06 01:00:49'),
(26, 154, '2020-05-12', '2021-05-06 01:40:07', '2021-05-06 04:22:23'),
(26, 7, '2020-03-25', '2021-05-05 20:30:22', '2021-05-06 05:06:12'),
(26, 26, '2020-11-23', '2021-05-06 00:37:30', '2021-05-06 04:57:14'),
(26, 199, '2020-08-14', '2021-05-05 23:41:54', '2021-05-06 03:41:08'),
(26, 170, '2020-08-11', '2021-05-06 01:17:07', '2021-05-06 04:14:46'),
(26, 188, '2021-02-08', '2021-05-06 03:45:10', '2021-05-06 04:16:29'),
(26, 56, '2020-01-24', '2021-05-05 22:15:35', '2021-05-06 01:45:10'),
(26, 164, '2020-08-18', '2021-05-06 01:02:17', '2021-05-06 02:19:51'),
(26, 150, '2020-02-24', '2021-05-05 22:21:52', '2021-05-06 00:27:43'),
(26, 93, '2020-05-02', '2021-05-06 01:13:03', '2021-05-06 04:41:09'),
(26, 183, '2021-03-14', '2021-05-05 22:12:29', '2021-05-06 05:01:55'),
(26, 50, '2021-03-19', '2021-05-05 21:34:28', '2021-05-06 00:53:49'),
(26, 132, '2020-02-28', '2021-05-06 00:04:23', '2021-05-06 03:08:56'),
(26, 107, '2021-02-23', '2021-05-05 20:39:15', '2021-05-05 20:50:01'),
(26, 135, '2020-03-04', '2021-05-06 04:14:03', '2021-05-06 05:18:04'),
(26, 98, '2020-01-23', '2021-05-05 22:01:29', '2021-05-05 23:46:05'),
(26, 193, '2020-12-17', '2021-05-06 02:42:34', '2021-05-06 04:58:16'),
(26, 174, '2020-11-15', '2021-05-06 02:37:13', '2021-05-06 03:08:12'),
(26, 128, '2020-04-09', '2021-05-06 05:01:04', '2021-05-06 05:01:50'),
(26, 130, '2021-03-05', '2021-05-05 21:04:07', '2021-05-05 22:03:48'),
(26, 110, '2020-10-25', '2021-05-06 02:16:48', '2021-05-06 03:44:59'),
(26, 188, '2021-01-22', '2021-05-05 21:14:37', '2021-05-05 22:45:48'),
(27, 175, '2020-04-11', '2021-05-06 02:58:13', '2021-05-06 05:47:30'),
(27, 181, '2020-06-02', '2021-05-06 01:27:55', '2021-05-06 04:53:14'),
(27, 121, '2020-09-25', '2021-05-05 21:21:34', '2021-05-05 21:29:30'),
(27, 126, '2020-09-16', '2021-05-05 18:59:35', '2021-05-06 01:56:24'),
(27, 35, '2021-04-24', '2021-05-05 20:52:47', '2021-05-06 02:13:28'),
(27, 55, '2020-05-30', '2021-05-05 22:04:21', '2021-05-06 02:21:14'),
(27, 54, '2020-08-10', '2021-05-05 21:44:57', '2021-05-06 04:33:06'),
(27, 169, '2020-09-19', '2021-05-06 01:27:27', '2021-05-06 06:07:47'),
(27, 136, '2020-07-30', '2021-05-05 21:51:52', '2021-05-06 05:26:50'),
(27, 112, '2020-12-19', '2021-05-06 06:12:24', '2021-05-06 06:13:55'),
(27, 157, '2021-02-01', '2021-05-05 19:35:04', '2021-05-05 20:09:18'),
(27, 130, '2020-09-17', '2021-05-06 05:36:19', '2021-05-06 06:16:27'),
(27, 153, '2020-11-29', '2021-05-06 06:07:32', '2021-05-06 06:24:16'),
(27, 123, '2020-07-13', '2021-05-05 22:05:03', '2021-05-06 04:49:57'),
(27, 51, '2021-01-10', '2021-05-05 23:43:41', '2021-05-06 03:10:27'),
(28, 82, '2020-04-16', '2021-05-05 18:53:17', '2021-05-05 22:26:38'),
(28, 196, '2021-02-27', '2021-05-05 21:01:01', '2021-05-06 04:27:21'),
(28, 192, '2020-05-06', '2021-05-06 04:40:40', '2021-05-06 05:09:16'),
(28, 76, '2021-02-19', '2021-05-06 01:15:50', '2021-05-06 04:54:05'),
(28, 125, '2020-04-20', '2021-05-05 23:34:34', '2021-05-06 03:04:38'),
(28, 2, '2020-07-09', '2021-05-05 19:16:35', '2021-05-06 00:44:59'),
(28, 177, '2021-03-12', '2021-05-05 23:28:44', '2021-05-06 01:50:33'),
(28, 197, '2020-06-14', '2021-05-06 01:03:29', '2021-05-06 04:27:54'),
(28, 60, '2020-10-17', '2021-05-06 03:51:17', '2021-05-06 06:07:32'),
(28, 5, '2020-12-23', '2021-05-05 22:29:00', '2021-05-06 04:53:27'),
(28, 145, '2020-10-22', '2021-05-05 19:25:43', '2021-05-06 00:25:31'),
(28, 36, '2020-09-28', '2021-05-06 03:41:57', '2021-05-06 03:52:40'),
(28, 17, '2020-05-12', '2021-05-06 03:44:49', '2021-05-06 04:56:10'),
(28, 54, '2021-03-27', '2021-05-05 23:39:57', '2021-05-06 02:18:18'),
(28, 92, '2021-01-10', '2021-05-05 18:33:14', '2021-05-06 02:42:40'),
(28, 193, '2020-03-02', '2021-05-06 04:02:15', '2021-05-06 04:04:10'),
(28, 19, '2020-07-02', '2021-05-05 23:57:31', '2021-05-06 04:26:50'),
(28, 69, '2020-07-07', '2021-05-06 01:15:46', '2021-05-06 02:58:30'),
(28, 150, '2020-05-01', '2021-05-05 19:54:53', '2021-05-06 00:32:54'),
(28, 154, '2020-08-12', '2021-05-06 02:05:40', '2021-05-06 05:28:54'),
(28, 184, '2020-07-27', '2021-05-05 23:17:54', '2021-05-06 02:39:20'),
(28, 26, '2020-01-28', '2021-05-06 04:08:06', '2021-05-06 04:54:59'),
(28, 31, '2021-04-07', '2021-05-06 00:39:07', '2021-05-06 01:45:59'),
(28, 193, '2020-11-06', '2021-05-06 06:18:09', '2021-05-06 06:19:13'),
(28, 188, '2021-02-13', '2021-05-05 20:31:09', '2021-05-06 02:09:55'),
(28, 118, '2020-04-01', '2021-05-05 21:32:14', '2021-05-05 22:45:23'),
(28, 54, '2021-03-08', '2021-05-05 22:21:11', '2021-05-06 06:12:09'),
(28, 174, '2021-01-11', '2021-05-06 00:49:09', '2021-05-06 04:34:41'),
(28, 56, '2020-08-20', '2021-05-05 23:22:29', '2021-05-06 06:11:06'),
(28, 72, '2020-12-30', '2021-05-06 04:57:51', '2021-05-06 05:46:32'),
(28, 174, '2020-01-12', '2021-05-05 21:23:17', '2021-05-06 00:04:27'),
(28, 62, '2020-10-29', '2021-05-06 01:06:30', '2021-05-06 03:13:23'),
(28, 26, '2020-05-28', '2021-05-06 02:00:07', '2021-05-06 02:39:39'),
(28, 160, '2021-04-29', '2021-05-05 23:52:21', '2021-05-06 05:52:11'),
(28, 26, '2020-04-23', '2021-05-06 01:25:50', '2021-05-06 05:33:40'),
(28, 22, '2020-09-10', '2021-05-05 20:02:11', '2021-05-06 03:44:48'),
(29, 55, '2021-06-27', '2022-12-02 00:07:21', '2022-12-02 00:53:57'),
(29, 5, '2021-04-11', '2022-12-01 19:49:55', '2022-12-01 20:14:20'),
(29, 86, '2022-03-31', '2022-12-01 19:56:57', '2022-12-01 22:58:43'),
(29, 181, '2022-11-02', '2022-12-01 23:35:15', '2022-12-02 01:55:44'),
(29, 5, '2022-10-02', '2022-12-01 18:17:41', '2022-12-01 23:01:36'),
(29, 81, '2022-10-09', '2022-12-02 01:05:32', '2022-12-02 01:30:04'),
(29, 187, '2022-07-07', '2022-12-02 00:59:21', '2022-12-02 01:36:50'),
(29, 185, '2022-05-21', '2022-12-02 00:32:12', '2022-12-02 00:53:20'),
(29, 62, '2021-06-10', '2022-12-01 19:16:27', '2022-12-01 23:46:15'),
(29, 183, '2022-10-30', '2022-12-01 17:26:49', '2022-12-01 23:26:16'),
(29, 94, '2021-06-24', '2022-12-01 17:25:16', '2022-12-01 21:21:46'),
(29, 72, '2021-06-19', '2022-12-01 23:04:20', '2022-12-02 01:27:13'),
(29, 169, '2021-01-29', '2022-12-01 22:17:46', '2022-12-02 01:45:40'),
(29, 45, '2021-02-13', '2022-12-01 23:44:52', '2022-12-02 00:31:51'),
(29, 53, '2021-02-26', '2022-12-01 22:11:26', '2022-12-02 01:54:11'),
(30, 73, '2021-03-22', '2022-12-01 10:21:55', '2022-12-01 13:13:08'),
(30, 10, '2022-01-23', '2022-12-01 11:52:15', '2022-12-01 12:57:03'),
(30, 177, '2021-06-02', '2022-12-01 11:53:58', '2022-12-01 15:13:36'),
(30, 41, '2021-10-18', '2022-12-01 13:54:55', '2022-12-01 15:40:19'),
(30, 60, '2022-07-10', '2022-12-01 12:16:40', '2022-12-01 13:35:55'),
(30, 111, '2021-05-11', '2022-12-01 12:04:03', '2022-12-01 15:03:53'),
(30, 141, '2022-07-15', '2022-12-01 12:18:35', '2022-12-01 14:04:30'),
(30, 127, '2021-12-01', '2022-12-01 12:28:18', '2022-12-01 13:18:54'),
(30, 55, '2021-07-25', '2022-12-01 11:36:01', '2022-12-01 14:35:08'),
(30, 50, '2022-07-20', '2022-12-01 15:37:27', '2022-12-01 15:40:51'),
(30, 169, '2022-01-18', '2022-12-01 12:35:19', '2022-12-01 15:01:44'),
(30, 107, '2021-01-24', '2022-12-01 13:06:25', '2022-12-01 14:15:19'),
(30, 62, '2021-06-14', '2022-12-01 12:00:29', '2022-12-01 13:30:52'),
(30, 98, '2021-02-14', '2022-12-01 12:10:41', '2022-12-01 13:57:24'),
(30, 183, '2022-04-25', '2022-12-01 10:05:16', '2022-12-01 10:11:35'),
(30, 67, '2022-03-05', '2022-12-01 12:13:06', '2022-12-01 13:11:16'),
(30, 50, '2022-11-11', '2022-12-01 14:47:49', '2022-12-01 14:49:54'),
(30, 118, '2022-04-01', '2022-12-01 14:17:30', '2022-12-01 15:42:08'),
(30, 62, '2021-10-01', '2022-12-01 14:26:03', '2022-12-01 15:34:24'),
(30, 123, '2022-07-08', '2022-12-01 10:11:44', '2022-12-01 15:14:37'),
(30, 74, '2021-06-01', '2022-12-01 11:29:49', '2022-12-01 11:31:38'),
(30, 47, '2022-05-25', '2022-12-01 13:15:28', '2022-12-01 13:25:00'),
(30, 157, '2021-06-05', '2022-12-01 14:59:44', '2022-12-01 15:30:54'),
(30, 128, '2022-11-09', '2022-12-01 15:38:32', '2022-12-01 15:42:31'),
(30, 50, '2022-07-29', '2022-12-01 12:25:01', '2022-12-01 12:55:20');

INSERT INTO tickets (EAN13, visitor_id, category, purchase_date, price, payment_method, event_id, isActivated) VALUES
('8294225518980', '441', 'GA', '2016-07-21', 175.77, 'CC', 12, True),
('9543616980962', '422', 'GA', '2017-03-14', 498.43, 'CC', 9, True),
('5946209635143', '206', 'GA', '2017-07-11', 115.5, 'DC', 9, True),
('2066893845220', '359', 'GA', '2019-04-20', 277.41, 'BC', 20, True),
('8739951638473', '542', 'GA', '2020-05-15', 332.2, 'DC', 28, True),
('9543495855577', '97', 'BaS', '2015-03-20', 0.0, 'BC', 2, True),
('8532585588545', '262', 'GA', '2017-01-23', 400.24, 'BC', 12, True),
('5479670072526', '540', 'GA', '2017-05-27', 139.85, 'DC', 12, True),
('9602918428608', '497', 'GA', '2022-06-23', 76.59, 'CC', 29, True),
('2597081055590', '486', 'GA', '2020-08-16', 118.82, 'CC', 27, True),
('8917577122354', '423', 'GA', '2015-02-27', 419.57, 'BC', 3, True),
('9760628101132', '70', 'GA', '2015-04-20', 185.59, 'DC', 5, True),
('2229544661110', '20', 'GA', '2020-02-03', 214.14, 'DC', 24, True),
('8076197504269', '24', 'GA', '2019-06-04', 265.86, 'CC', 22, True),
('3014349314825', '300', 'GA', '2019-09-09', 74.52, 'NC', 24, True),
('4979995017279', '477', 'GA', '2019-05-11', 482.95, 'BC', 21, True),
('6908468821308', '364', 'GA', '2021-01-06', 466.68, 'NC', 27, True),
('8785689627694', '244', 'GA', '2016-08-11', 495.79, 'NC', 10, True),
('1012854783047', '130', 'GA', '2015-06-28', 208.03, 'DC', 1, True),
('5952842518791', '460', 'GA', '2017-10-20', 320.35, 'CC', 14, True),
('3397542818799', '129', 'GA', '2020-08-26', 457.98, 'CC', 25, True),
('4833308242312', '14', 'GA', '2015-06-14', 374.81, 'NC', 3, True),
('1775062929509', '98', 'GA', '2017-02-12', 413.95, 'BC', 12, True),
('4521046384327', '473', 'GA', '2020-06-30', 86.46, 'DC', 27, True),
('5658104485657', '55', 'GA', '2017-08-26', 99.69, 'DC', 15, True),
('3856621755786', '257', 'GA', '2016-08-31', 160.42, 'DC', 10, True),
('0617258415069', '62', 'GA', '2015-06-03', 204.38, 'CC', 3, True),
('9349697729929', '428', 'GA', '2016-12-01', 425.78, 'CC', 9, True),
('8557337272415', '142', 'GA', '2019-01-15', 165.16, 'CC', 19, True),
('1122590889875', '39', 'GA', '2020-06-01', 389.58, 'BC', 25, True),
('5868842417340', '140', 'GA', '2020-07-19', 423.9, 'NC', 27, True),
('1523549096370', '286', 'GA', '2020-10-11', 117.98, 'CC', 28, True),
('1650489591929', '439', 'BaS', '2021-03-14', 0.0, 'CC', 25, True),
('4451205128092', '494', 'GA', '2015-10-30', 93.32, 'BC', 6, True),
('5109329618804', '102', 'BaS', '2017-02-17', 0.0, 'CC', 10, True),
('1112498657486', '461', 'GA', '2015-02-26', 167.84, 'BC', 1, True),
('6040976391865', '516', 'GA', '2014-12-27', 380.1, 'CC', 4, True),
('8331268629289', '378', 'GA', '2019-10-25', 195.94, 'NC', 23, True),
('2228819827536', '496', 'GA', '2017-05-18', 181.07, 'NC', 9, True),
('6647089453195', '65', 'BaS', '2020-01-23', 0.0, 'CC', 24, True),
('2189684155537', '82', 'GA', '2017-09-20', 462.58, 'BC', 13, True),
('0941918342247', '324', 'GA', '2015-04-19', 365.16, 'CC', 2, True),
('8836304561977', '157', 'GA', '2018-05-13', 376.11, 'CC', 14, True),
('1575597019043', '417', 'GA', '2016-10-05', 384.52, 'CC', 11, True),
('9560686592253', '264', 'BaS', '2015-08-16', 0.0, 'NC', 8, True),
('9327049272373', '274', 'GA', '2016-08-28', 284.61, 'CC', 12, True),
('4738553591696', '313', 'GA', '2015-03-27', 298.75, 'DC', 6, True),
('6771459968309', '530', 'GA', '2017-07-20', 300.52, 'CC', 15, True),
('0721422822635', '594', 'GA', '2020-08-11', 303.78, 'DC', 27, True),
('5107363526671', '425', 'GA', '2020-08-16', 268.83, 'DC', 26, True),
('4607845388025', '205', 'GA', '2020-07-09', 103.08, 'CC', 26, True),
('9903635833328', '76', 'GA', '2015-04-05', 417.26, 'BC', 1, True),
('6639440980156', '71', 'GA', '2015-06-10', 232.69, 'CC', 6, True),
('3931889587221', '162', 'GA', '2014-11-28', 437.6, 'CC', 2, True),
('0568705712488', '356', 'GA', '2019-09-20', 125.21, 'DC', 22, True),
('8345507591457', '541', 'GA', '2015-02-03', 389.55, 'NC', 3, True),
('8017939545616', '10', 'GA', '2015-07-18', 242.26, 'DC', 8, True),
('0712790313569', '17', 'BaS', '2019-11-20', 0.0, 'BC', 21, True),
('9634019870795', '237', 'GA', '2019-07-27', 62.06, 'DC', 23, True),
('1091364161719', '502', 'GA', '2014-11-15', 167.47, 'NC', 4, True),
('6889678657671', '426', 'BaS', '2015-03-18', 0.0, 'BC', 2, True),
('7105526456596', '450', 'GA', '2021-04-07', 179.31, 'DC', 27, True),
('0973391821761', '138', 'GA', '2015-03-25', 350.59, 'DC', 8, True),
('6958221358706', '448', 'GA', '2017-12-23', 345.15, 'BC', 15, True),
('4112600248044', '574', 'GA', '2019-03-29', 162.22, 'DC', 22, True),
('7336228458707', '339', 'BaS', '2017-07-16', 0.0, 'CC', 11, True),
('6531344563589', '3', 'GA', '2018-04-11', 65.75, 'DC', 13, True),
('6047830903714', '216', 'GA', '2015-09-21', 76.96, 'NC', 4, True),
('2762042791620', '266', 'GA', '2019-08-19', 324.97, 'DC', 21, True),
('5946018518612', '503', 'GA', '2015-10-21', 358.02, 'CC', 7, True),
('9132402157905', '52', 'GA', '2017-05-20', 211.88, 'DC', 10, True),
('8741487703613', '521', 'GA', '2019-06-24', 371.06, 'DC', 24, True),
('2490160251654', '166', 'GA', '2022-10-02', 268.66, 'BC', 30, True),
('1140059420179', '273', 'GA', '2020-10-24', 379.09, 'BC', 26, True),
('0759420524272', '599', 'GA', '2017-04-30', 123.89, 'DC', 10, True),
('1079857966416', '380', 'GA', '2015-07-10', 115.12, 'DC', 7, True),
('3340995448532', '557', 'GA', '2015-09-22', 69.35, 'CC', 4, True),
('6241032069543', '288', 'GA', '2017-01-10', 269.79, 'BC', 10, True),
('4686236636601', '75', 'GA', '2020-05-09', 174.13, 'NC', 25, True),
('9957928281550', '472', 'GA', '2015-09-05', 378.7, 'CC', 3, True),
('4661975428533', '515', 'GA', '2020-05-22', 445.79, 'DC', 28, True),
('0687600581141', '66', 'BaS', '2019-03-17', 0.0, 'CC', 24, True),
('3037575976560', '35', 'GA', '2017-05-20', 139.66, 'NC', 11, True),
('3364742244268', '412', 'GA', '2017-02-21', 226.41, 'NC', 9, True),
('2773467318055', '121', 'GA', '2016-09-24', 334.19, 'DC', 12, True),
('9874437258585', '135', 'GA', '2016-01-30', 315.19, 'DC', 5, True),
('2600827011872', '370', 'GA', '2019-10-29', 223.79, 'BC', 22, True),
('6673293057493', '314', 'BaS', '2017-08-06', 0.0, 'CC', 16, True),
('6104960060978', '361', 'GA', '2018-02-19', 89.91, 'DC', 14, True),
('6936273463623', '416', 'GA', '2014-12-16', 166.04, 'BC', 1, True),
('2402694205867', '193', 'GA', '2014-11-14', 356.5, 'DC', 2, True),
('1381549123292', '480', 'GA', '2019-11-15', 75.86, 'DC', 18, True),
('7927709481681', '504', 'BaS', '2020-05-24', 0.0, 'DC', 26, True),
('8130928291383', '475', 'GA', '2014-12-21', 478.91, 'NC', 4, True),
('1741542568030', '505', 'VIP', '2019-03-22', 2014.39, 'DC', 22, True),
('1528836238504', '44', 'GA', '2019-05-17', 270.86, 'BC', 23, True),
('5373406496731', '548', 'GA', '2016-11-03', 182.92, 'NC', 10, True),
('4396109320278', '220', 'GA', '2019-10-28', 323.47, 'NC', 19, True),
('1943652365279', '345', 'GA', '2021-12-31', 389.43, 'NC', 29, True),
('9440237634155', '468', 'GA', '2019-10-06', 462.02, 'NC', 24, True),
('5148671217844', '351', 'VIP', '2019-08-14', 916.24, 'DC', 18, True),
('4663246086593', '146', 'BaS', '2020-06-11', 0.0, 'DC', 27, True),
('4292462850703', '552', 'GA', '2019-12-08', 54.22, 'DC', 22, True),
('2987947606515', '444', 'BaS', '2019-08-26', 0.0, 'NC', 20, True),
('4723651519559', '219', 'GA', '2021-02-06', 372.27, 'BC', 27, True),
('8476867953368', '198', 'BaS', '2019-10-09', 0.0, 'DC', 21, True),
('9975736503422', '234', 'GA', '2019-10-02', 266.31, 'BC', 23, True),
('4450883117498', '261', 'GA', '2019-08-13', 273.15, 'CC', 19, True),
('1171008594942', '201', 'GA', '2017-11-13', 379.46, 'CC', 15, True),
('4602776586743', '545', 'GA', '2019-04-23', 198.05, 'NC', 18, True),
('9812670050899', '430', 'GA', '2020-01-30', 367.14, 'NC', 21, True),
('6401471797587', '106', 'GA', '2020-12-14', 313.08, 'NC', 26, True),
('5089806480091', '110', 'GA', '2015-06-12', 485.54, 'BC', 6, True),
('1707639481082', '202', 'GA', '2019-06-08', 234.75, 'BC', 18, True),
('7193833403763', '9', 'GA', '2017-07-25', 298.52, 'DC', 13, True),
('2280221713417', '391', 'GA', '2017-12-26', 146.72, 'BC', 16, True),
('8754579404203', '212', 'GA', '2015-03-25', 141.49, 'CC', 5, True),
('7343185380438', '280', 'GA', '2016-10-04', 113.16, 'NC', 11, True),
('9888704102663', '60', 'GA', '2017-03-16', 279.29, 'CC', 10, True),
('3368314842973', '453', 'GA', '2019-04-24', 211.5, 'BC', 23, True),
('9233054261296', '481', 'GA', '2022-07-06', 388.79, 'CC', 29, True),
('7475309145128', '432', 'GA', '2015-10-08', 330.52, 'DC', 5, True),
('7360753501128', '38', 'GA', '2018-01-22', 436.72, 'CC', 16, True),
('2246562906555', '101', 'GA', '2015-06-04', 162.38, 'DC', 1, True),
('1786343669058', '296', 'GA', '2016-11-18', 354.12, 'DC', 9, True),
('7489901231646', '67', 'VIP', '2019-03-28', 2461.62, 'CC', 21, True),
('5487132074314', '2', 'GA', '2020-07-30', 263.9, 'NC', 25, True),
('3651276910288', '287', 'GA', '2015-07-13', 469.79, 'NC', 2, True),
('2448452403702', '537', 'GA', '2019-02-11', 258.08, 'DC', 19, True),
('3622183200753', '367', 'GA', '2019-06-15', 335.73, 'CC', 22, True),
('7442886995176', '226', 'GA', '2019-03-03', 386.28, 'DC', 22, True),
('2710353878978', '163', 'BaS', '2017-10-17', 0.0, 'CC', 16, True),
('7100752539467', '15', 'GA', '2015-07-15', 54.55, 'CC', 4, True),
('4154767458073', '447', 'GA', '2017-12-09', 487.67, 'DC', 14, True),
('8586741510810', '577', 'GA', '2017-05-12', 194.33, 'CC', 10, True),
('4386062108902', '251', 'GA', '2015-09-24', 451.5, 'BC', 1, True),
('8450082947302', '409', 'GA', '2015-07-09', 99.86, 'CC', 7, True),
('4412535194244', '177', 'VIP', '2019-10-20', 1806.67, 'BC', 21, True),
('4743286347493', '6', 'GA', '2019-06-26', 61.77, 'NC', 21, True),
('6830727039203', '500', 'GA', '2018-05-08', 61.46, 'CC', 16, True),
('8756706162037', '26', 'GA', '2019-12-18', 226.88, 'NC', 23, True),
('5347088111242', '168', 'GA', '2017-09-17', 285.6, 'NC', 13, True),
('3730636257318', '89', 'GA', '2017-07-16', 218.59, 'CC', 16, True),
('0995453495630', '1', 'GA', '2015-05-31', 263.62, 'DC', 1, True),
('9807126628565', '349', 'GA', '2016-02-20', 66.68, 'CC', 5, True),
('7090961340891', '369', 'GA', '2017-09-04', 347.06, 'NC', 14, True),
('2155907492487', '282', 'GA', '2015-06-08', 208.13, 'DC', 6, True),
('1121872270861', '207', 'BaS', '2019-05-23', 0.0, 'NC', 24, True),
('7025232095203', '126', 'BaS', '2022-06-18', 0.0, 'NC', 29, True),
('1006600505879', '94', 'GA', '2019-09-23', 409.57, 'CC', 19, True),
('5014353063855', '48', 'GA', '2015-09-15', 495.84, 'DC', 4, True),
('4413963242588', '427', 'GA', '2015-08-09', 313.66, 'NC', 7, True),
('6940552020874', '209', 'BaS', '2018-03-01', 0.0, 'BC', 13, True),
('8948990218030', '559', 'GA', '2018-06-16', 224.06, 'CC', 14, True),
('6336909344733', '254', 'GA', '2015-04-27', 261.58, 'BC', 4, True),
('5966695736947', '465', 'GA', '2015-11-09', 90.46, 'BC', 8, True),
('8778101885022', '175', 'GA', '2018-03-09', 235.88, 'BC', 16, True),
('9580803128394', '388', 'GA', '2019-12-11', 481.55, 'DC', 21, True),
('3837855236780', '143', 'GA', '2020-08-30', 227.28, 'NC', 27, True),
('4316960429636', '379', 'GA', '2019-04-06', 271.72, 'CC', 19, True),
('2417525590844', '73', 'GA', '2017-03-11', 329.06, 'DC', 9, True),
('8060078014002', '514', 'GA', '2016-01-31', 422.73, 'DC', 6, True),
('2515261133285', '396', 'GA', '2020-01-31', 486.76, 'CC', 24, True),
('3069908056662', '184', 'GA', '2019-06-18', 343.35, 'DC', 18, True),
('3527705736003', '532', 'GA', '2021-04-24', 147.79, 'NC', 25, True),
('5990564544216', '127', 'GA', '2017-12-05', 88.03, 'BC', 13, True),
('7419579893217', '332', 'GA', '2016-11-28', 463.59, 'CC', 10, True),
('7736611255139', '28', 'GA', '2017-07-08', 100.96, 'BC', 13, True),
('3980545424865', '245', 'GA', '2022-03-23', 179.75, 'BC', 29, True),
('5587359906510', '337', 'VIP', '2017-03-07', 2493.7, 'NC', 10, True),
('3103157119192', '181', 'GA', '2020-10-06', 106.92, 'NC', 28, True),
('5777144539703', '344', 'GA', '2015-12-31', 186.47, 'NC', 6, True),
('2102790532037', '462', 'GA', '2017-12-13', 399.83, 'CC', 14, True),
('4664101098829', '539', 'GA', '2015-07-21', 151.4, 'CC', 7, True),
('9557195542185', '189', 'GA', '2015-06-24', 471.18, 'CC', 5, True),
('3229054294063', '508', 'GA', '2019-02-18', 257.91, 'DC', 23, True),
('1029886198570', '292', 'GA', '2022-08-13', 72.65, 'CC', 29, True),
('8373737094940', '12', 'GA', '2021-02-14', 76.58, 'NC', 25, True),
('4513584367992', '499', 'GA', '2015-06-19', 82.6, 'NC', 7, True),
('0921026095458', '196', 'GA', '2019-04-20', 165.99, 'CC', 19, True),
('9501845298578', '151', 'VIP', '2014-10-29', 1811.34, 'CC', 2, True),
('7641842021248', '554', 'GA', '2017-03-31', 466.09, 'CC', 9, True),
('5716719354580', '340', 'GA', '2017-04-26', 328.04, 'CC', 9, True),
('4911738723891', '399', 'GA', '2021-01-01', 448.84, 'BC', 28, True),
('6992132852010', '354', 'GA', '2017-07-02', 456.73, 'NC', 12, True),
('5748113039101', '119', 'GA', '2015-05-08', 418.21, 'DC', 3, True),
('5602759424442', '533', 'GA', '2015-08-03', 91.2, 'NC', 5, True),
('1447849342651', '270', 'GA', '2014-10-30', 64.9, 'CC', 2, True),
('7139259683221', '401', 'GA', '2019-09-26', 248.7, 'DC', 24, True),
('9490583834909', '385', 'GA', '2016-08-21', 495.42, 'DC', 9, True),
('0119796750439', '582', 'BaS', '2021-01-20', 0.0, 'CC', 26, True),
('2641378457036', '406', 'GA', '2018-04-01', 340.65, 'BC', 14, True),
('7900500414475', '485', 'GA', '2019-11-22', 177.62, 'NC', 17, True),
('8220898251612', '437', 'GA', '2020-06-17', 224.89, 'DC', 27, True),
('6549062303288', '172', 'GA', '2015-07-21', 129.64, 'DC', 8, True),
('5015157167983', '167', 'BaS', '2016-09-26', 0.0, 'DC', 12, True),
('6407951524499', '600', 'GA', '2019-12-04', 330.56, 'DC', 18, True),
('1454752333931', '263', 'BaS', '2015-11-24', 0.0, 'DC', 8, True),
('8687655964147', '255', 'GA', '2017-04-08', 458.24, 'DC', 10, True),
('9962451245941', '293', 'BaS', '2018-06-16', 0.0, 'BC', 16, True),
('7879597215575', '493', 'GA', '2017-05-06', 332.05, 'CC', 10, True),
('8992070443536', '289', 'GA', '2018-01-19', 308.24, 'DC', 16, True),
('2107408535181', '330', 'BaS', '2021-04-06', 0.0, 'CC', 25, True),
('7590276831363', '25', 'GA', '2019-06-27', 276.39, 'BC', 17, True),
('8883763730912', '492', 'GA', '2016-02-19', 61.82, 'NC', 6, True),
('5079066095106', '5', 'GA', '2019-04-01', 121.41, 'CC', 17, True),
('0377490088163', '103', 'GA', '2019-03-20', 434.39, 'NC', 19, True),
('0359142062095', '511', 'GA', '2015-04-22', 393.62, 'NC', 2, True),
('4518605915452', '375', 'GA', '2016-02-06', 387.52, 'CC', 5, True),
('5015650027412', '268', 'GA', '2015-09-27', 495.35, 'DC', 5, True),
('6660221752710', '215', 'BaS', '2017-11-12', 0.0, 'DC', 14, True),
('5521369903123', '174', 'GA', '2022-09-10', 340.92, 'NC', 30, True),
('9334398946977', '353', 'GA', '2020-11-05', 161.98, 'BC', 27, True),
('5257782099686', '228', 'GA', '2020-01-13', 114.85, 'BC', 21, True),
('7869301046542', '565', 'BaS', '2021-03-21', 0.0, 'NC', 26, True),
('4250327068764', '18', 'GA', '2021-12-18', 152.16, 'CC', 29, True),
('8516422844525', '115', 'GA', '2017-06-10', 120.93, 'BC', 9, True),
('3823792002158', '360', 'GA', '2020-08-20', 64.69, 'CC', 27, True),
('1307057665045', '45', 'GA', '2015-07-15', 59.71, 'BC', 5, True),
('3833530210215', '272', 'GA', '2018-12-23', 104.85, 'NC', 19, True),
('2136669026466', '16', 'GA', '2018-01-15', 374.34, 'CC', 13, True),
('1433573975490', '180', 'GA', '2015-07-20', 417.26, 'NC', 1, True),
('0082495694192', '534', 'GA', '2020-12-15', 186.89, 'NC', 25, True),
('4538290524121', '114', 'GA', '2020-02-07', 335.51, 'BC', 21, True),
('7301438394238', '131', 'GA', '2017-02-01', 151.38, 'NC', 11, True),
('7324825297252', '382', 'GA', '2020-09-22', 425.35, 'NC', 27, True),
('4201774158711', '301', 'GA', '2015-10-13', 304.81, 'NC', 6, True),
('6629392586136', '192', 'GA', '2022-09-15', 81.62, 'DC', 29, True),
('8562556102786', '4', 'BaS', '2019-08-30', 0.0, 'CC', 20, True),
('7444342886937', '214', 'GA', '2016-03-23', 489.05, 'BC', 6, True),
('6774169494065', '390', 'BaS', '2021-03-21', 0.0, 'NC', 25, True),
('6687316771423', '203', 'GA', '2015-10-24', 199.13, 'CC', 7, True),
('0350040617606', '285', 'GA', '2019-10-17', 116.06, 'DC', 17, True),
('9099453994267', '589', 'GA', '2022-05-25', 411.9, 'NC', 29, True),
('0796899579009', '519', 'GA', '2019-09-20', 160.17, 'CC', 21, True),
('9705180422165', '580', 'VIP', '2016-12-16', 1361.68, 'NC', 12, True),
('0025845207255', '456', 'GA', '2022-02-06', 497.8, 'BC', 29, True),
('3711660951534', '144', 'GA', '2019-12-10', 143.02, 'BC', 23, True),
('2815066753668', '113', 'GA', '2021-02-25', 74.09, 'BC', 27, True),
('6323829114292', '230', 'GA', '2015-07-27', 464.18, 'BC', 2, True),
('3327384679285', '455', 'BaS', '2015-02-04', 0.0, 'DC', 1, True),
('1064225329931', '179', 'BaS', '2019-10-21', 0.0, 'CC', 17, True),
('4481293768003', '522', 'GA', '2019-11-19', 440.3, 'BC', 19, True),
('3536296279248', '376', 'GA', '2019-10-29', 119.74, 'BC', 22, True),
('2400504875377', '116', 'GA', '2022-11-28', 234.92, 'NC', 30, True),
('3215588798356', '317', 'GA', '2019-04-15', 400.76, 'CC', 19, True),
('2937815623362', '527', 'GA', '2017-08-16', 439.73, 'BC', 13, True),
('8808320832181', '419', 'BaS', '2019-01-20', 0.0, 'DC', 20, True),
('0240060637947', '57', 'GA', '2020-11-25', 178.36, 'DC', 25, True),
('0326614062113', '182', 'GA', '2015-04-13', 121.0, 'BC', 7, True),
('2661140259715', '63', 'GA', '2015-08-03', 51.44, 'NC', 8, True),
('6619541693853', '377', 'GA', '2017-11-02', 408.42, 'CC', 14, True),
('9286863535017', '467', 'GA', '2015-06-16', 317.0, 'NC', 4, True),
('8910703838890', '564', 'GA', '2017-07-06', 176.97, 'DC', 12, True),
('7191954657951', '584', 'GA', '2015-12-18', 208.06, 'DC', 7, True),
('1958493392698', '579', 'GA', '2019-08-07', 498.88, 'DC', 24, True),
('1467292810230', '133', 'GA', '2019-09-09', 202.44, 'NC', 24, True),
('5084104864046', '372', 'GA', '2019-08-10', 416.26, 'NC', 24, True),
('6474797211842', '459', 'GA', '2016-12-19', 405.72, 'CC', 11, True),
('6706420566529', '208', 'GA', '2016-10-06', 99.96, 'NC', 11, True),
('1612362885641', '549', 'GA', '2019-05-18', 267.65, 'CC', 18, True),
('7898806840281', '338', 'BaS', '2015-01-28', 0.0, 'NC', 3, True),
('6206735471559', '256', 'GA', '2017-08-07', 173.91, 'BC', 15, True),
('7166029085701', '91', 'GA', '2019-10-22', 76.75, 'BC', 17, True),
('1272250335877', '85', 'GA', '2020-01-13', 433.61, 'BC', 24, True),
('6007323000868', '99', 'GA', '2017-03-25', 64.17, 'BC', 11, True),
('4977549260344', '229', 'BaS', '2019-09-06', 0.0, 'CC', 22, True),
('3117106578183', '489', 'GA', '2016-11-09', 419.8, 'CC', 9, True),
('5682425303312', '278', 'GA', '2015-02-07', 373.27, 'BC', 4, True),
('0759944951221', '414', 'GA', '2015-09-21', 130.21, 'NC', 1, True),
('4999309511399', '145', 'GA', '2022-11-16', 482.1, 'BC', 30, True),
('6481376239225', '105', 'GA', '2015-08-20', 303.14, 'BC', 7, True),
('6105092643011', '11', 'GA', '2021-01-06', 441.95, 'BC', 27, True),
('0704509120520', '7', 'GA', '2016-09-26', 193.21, 'CC', 11, True),
('4278937842458', '479', 'GA', '2017-04-23', 282.8, 'CC', 11, True),
('5496050450600', '334', 'GA', '2022-05-04', 158.03, 'DC', 30, True),
('6312334816005', '173', 'GA', '2015-04-04', 315.66, 'BC', 4, True),
('3050010704180', '42', 'GA', '2020-07-12', 454.27, 'BC', 27, True),
('3304140435797', '529', 'GA', '2016-12-15', 289.98, 'BC', 12, True),
('5490613751353', '398', 'GA', '2021-01-06', 249.1, 'DC', 27, True),
('7466200035209', '170', 'GA', '2017-06-11', 341.22, 'BC', 11, True),
('4923722372543', '87', 'GA', '2019-05-02', 357.28, 'BC', 18, True),
('6655429168681', '343', 'GA', '2019-12-21', 195.41, 'CC', 24, True),
('1061017406674', '295', 'GA', '2019-08-30', 348.08, 'BC', 23, True),
('2853930657300', '440', 'GA', '2015-06-01', 352.01, 'DC', 2, True),
('6217118253648', '407', 'GA', '2017-05-23', 74.56, 'CC', 12, True),
('1400563784596', '435', 'GA', '2019-09-30', 373.91, 'DC', 19, True),
('2541030615165', '490', 'GA', '2017-10-29', 99.31, 'CC', 15, True),
('2797055166744', '186', 'GA', '2015-07-21', 109.6, 'CC', 2, True),
('0064909074577', '150', 'GA', '2020-05-09', 290.32, 'BC', 25, True),
('5453781503188', '123', 'GA', '2018-04-21', 167.14, 'BC', 13, True),
('7177484807139', '36', 'GA', '2019-02-04', 425.75, 'CC', 18, True),
('2481373071437', '404', 'GA', '2021-12-11', 64.91, 'BC', 30, True),
('1390369009745', '325', 'GA', '2016-11-30', 364.44, 'NC', 9, True),
('8353063443362', '458', 'GA', '2014-12-08', 321.39, 'DC', 4, True),
('2060868468867', '495', 'GA', '2015-05-02', 174.84, 'NC', 7, True),
('7604284252436', '311', 'GA', '2015-05-17', 172.58, 'BC', 8, True),
('5671952668396', '555', 'GA', '2018-01-04', 456.94, 'NC', 16, True),
('4292014991535', '125', 'BaS', '2021-03-01', 0.0, 'BC', 28, True),
('1085727080276', '165', 'GA', '2016-09-27', 154.62, 'DC', 12, True),
('7604591039997', '433', 'GA', '2020-09-10', 109.92, 'BC', 25, True),
('8041687986454', '294', 'GA', '2016-09-06', 384.32, 'CC', 10, True),
('4071537371901', '411', 'GA', '2015-11-23', 225.05, 'BC', 6, True),
('4225112948109', '562', 'GA', '2022-08-13', 285.77, 'BC', 30, True),
('1968208944450', '276', 'GA', '2019-09-23', 293.13, 'DC', 18, True),
('9481258749532', '284', 'GA', '2019-07-11', 459.51, 'NC', 24, True),
('2833612193340', '420', 'GA', '2022-10-27', 402.17, 'DC', 30, True),
('1016903085236', '568', 'GA', '2021-01-11', 338.99, 'CC', 27, True),
('4559855135572', '470', 'GA', '2015-06-10', 492.01, 'NC', 7, True),
('0319455617962', '498', 'GA', '2018-05-11', 336.78, 'BC', 14, True),
('9990860201386', '363', 'GA', '2017-07-02', 124.57, 'CC', 9, True),
('8565491208900', '88', 'GA', '2016-08-06', 450.69, 'CC', 12, True),
('1271289944390', '59', 'GA', '2015-12-11', 440.4, 'CC', 8, True),
('5142691978187', '547', 'GA', '2017-10-31', 185.46, 'NC', 16, True),
('1315777141400', '597', 'GA', '2016-11-11', 130.58, 'BC', 9, True),
('7052446891253', '158', 'GA', '2018-02-04', 369.76, 'DC', 13, True),
('6705462898150', '132', 'GA', '2020-07-05', 132.07, 'CC', 28, True),
('8968670523122', '528', 'GA', '2015-03-24', 480.49, 'BC', 3, True),
('7129625216080', '298', 'GA', '2018-03-24', 271.17, 'NC', 13, True),
('2772472540019', '587', 'GA', '2017-01-12', 157.81, 'DC', 10, True),
('1473297183557', '501', 'GA', '2017-09-10', 363.18, 'NC', 14, True),
('8554339604797', '107', 'GA', '2016-10-07', 388.01, 'BC', 10, True),
('7789720961504', '342', 'VIP', '2018-04-29', 743.91, 'DC', 15, True),
('9567921664284', '451', 'GA', '2015-12-20', 472.47, 'DC', 5, True),
('8285616546908', '31', 'BaS', '2015-02-11', 0.0, 'CC', 1, True),
('0075648082689', '436', 'VIP', '2019-10-02', 936.8, 'NC', 23, True),
('1291232577601', '429', 'GA', '2019-02-10', 205.34, 'DC', 20, True),
('2221816048222', '438', 'GA', '2019-08-24', 463.74, 'NC', 22, True),
('5206138944232', '176', 'GA', '2015-06-06', 365.26, 'NC', 6, True),
('6629430778019', '100', 'GA', '2017-04-25', 310.5, 'NC', 10, True),
('8547783907473', '112', 'GA', '2019-08-25', 344.6, 'BC', 22, True),
('3455957298754', '593', 'GA', '2020-07-29', 99.03, 'DC', 25, True),
('5593517293030', '320', 'GA', '2014-10-09', 358.71, 'CC', 3, True),
('9931274318720', '13', 'GA', '2019-10-24', 444.06, 'NC', 23, True),
('9134060649031', '484', 'GA', '2017-03-04', 491.66, 'BC', 10, True),
('8772959120236', '78', 'GA', '2015-11-20', 355.03, 'NC', 6, True),
('6315448352261', '227', 'BaS', '2015-08-14', 0.0, 'BC', 7, True),
('7889485554823', '341', 'GA', '2018-05-31', 190.39, 'BC', 13, True),
('1841860679647', '279', 'GA', '2016-01-24', 213.64, 'CC', 5, True),
('3866146431213', '321', 'GA', '2018-06-26', 492.05, 'NC', 15, True),
('5684816004908', '328', 'GA', '2018-06-23', 368.69, 'BC', 15, True),
('2452848699812', '551', 'GA', '2019-03-23', 343.64, 'NC', 19, True),
('9356160003544', '510', 'BaS', '2019-09-09', 0.0, 'NC', 22, True),
('4245223279241', '333', 'GA', '2022-05-27', 382.86, 'BC', 30, True),
('4092452374541', '348', 'BaS', '2020-12-18', 0.0, 'BC', 27, True),
('3539221470761', '483', 'BaS', '2017-07-09', 0.0, 'NC', 11, True),
('7921113420462', '518', 'GA', '2015-08-22', 284.9, 'BC', 6, True),
('3144442691505', '550', 'BaS', '2019-07-01', 0.0, 'NC', 23, True),
('7560705076671', '413', 'GA', '2019-08-19', 443.22, 'BC', 17, True),
('2669224749327', '51', 'GA', '2017-02-20', 320.85, 'BC', 12, True),
('6702896889641', '596', 'GA', '2015-07-28', 56.78, 'CC', 5, True),
('5532571640646', '553', 'GA', '2017-10-21', 450.8, 'CC', 16, True),
('7673383703020', '583', 'BaS', '2019-06-09', 0.0, 'DC', 20, True),
('3482095267167', '152', 'GA', '2017-11-18', 492.41, 'CC', 15, True),
('3686966682157', '171', 'VIP', '2022-08-20', 2042.39, 'DC', 30, True),
('1275665262297', '267', 'GA', '2017-05-03', 170.69, 'CC', 12, True),
('0733745533269', '93', 'GA', '2016-10-06', 252.94, 'DC', 12, True),
('7362013334505', '365', 'GA', '2019-05-03', 352.94, 'CC', 17, True),
('7431670676072', '217', 'GA', '2019-03-31', 285.52, 'BC', 19, True),
('9397571457540', '446', 'GA', '2017-11-14', 331.92, 'BC', 16, True),
('0539408974103', '355', 'GA', '2015-05-04', 423.4, 'DC', 7, True),
('1792762707023', '506', 'GA', '2014-10-13', 258.56, 'NC', 1, True),
('1571321121158', '265', 'GA', '2020-07-19', 225.87, 'NC', 25, True),
('1122284337465', '141', 'BaS', '2021-01-04', 0.0, 'BC', 27, True),
('8568846288557', '586', 'GA', '2017-07-31', 271.86, 'NC', 13, True),
('2386193768180', '386', 'GA', '2019-05-31', 78.85, 'BC', 23, True),
('5235638730451', '218', 'GA', '2019-10-23', 372.24, 'BC', 19, True),
('2073837759588', '546', 'GA', '2021-01-12', 84.8, 'NC', 26, True),
('3000738488825', '297', 'BaS', '2015-06-10', 0.0, 'CC', 8, True),
('4002342755405', '567', 'BaS', '2014-12-13', 0.0, 'BC', 2, True),
('1343215887376', '400', 'GA', '2014-11-26', 278.74, 'BC', 2, True),
('6138109790583', '221', 'GA', '2019-01-06', 339.68, 'NC', 20, True),
('4213096210100', '352', 'BaS', '2019-08-24', 0.0, 'BC', 17, True),
('6052456155917', '118', 'GA', '2016-02-27', 187.07, 'BC', 5, True),
('4400171120799', '239', 'GA', '2016-07-28', 381.73, 'DC', 10, True),
('4636569615008', '454', 'VIP', '2019-07-19', 2306.27, 'NC', 20, True),
('0901699697406', '277', 'GA', '2020-08-06', 368.68, 'NC', 26, True),
('4317616818044', '572', 'BaS', '2020-12-10', 0.0, 'DC', 25, True),
('8753037479228', '291', 'GA', '2016-01-02', 240.56, 'NC', 8, True),
('8216728895458', '392', 'GA', '2019-09-17', 472.25, 'DC', 24, True),
('3503748864752', '512', 'GA', '2017-11-22', 244.36, 'BC', 14, True),
('7482459323489', '556', 'GA', '2019-11-17', 181.32, 'BC', 17, True),
('7362365544924', '371', 'BaS', '2015-01-04', 0.0, 'NC', 3, True),
('7506043018277', '524', 'GA', '2020-05-31', 202.58, 'DC', 28, True),
('8019989528578', '585', 'GA', '2019-02-19', 300.73, 'DC', 20, True),
('7810154351302', '79', 'GA', '2018-01-11', 444.11, 'BC', 14, True),
('3929222477121', '561', 'GA', '2017-02-24', 139.65, 'NC', 11, True),
('8958173850910', '445', 'GA', '2021-04-25', 109.86, 'BC', 25, True),
('1105328366404', '299', 'GA', '2022-03-26', 151.9, 'DC', 29, True),
('1149876591914', '316', 'GA', '2015-05-16', 279.1, 'NC', 8, True),
('1740413030100', '61', 'GA', '2019-08-02', 374.84, 'BC', 19, True),
('9571364120611', '304', 'GA', '2020-07-24', 170.83, 'NC', 25, True),
('7318564733466', '74', 'GA', '2021-03-27', 239.18, 'BC', 28, True),
('3508235543360', '92', 'GA', '2020-07-28', 418.17, 'BC', 26, True),
('6241324219690', '469', 'GA', '2019-05-08', 376.12, 'BC', 23, True),
('0057618391777', '225', 'BaS', '2019-07-07', 0.0, 'BC', 18, True),
('8543337921451', '421', 'GA', '2015-09-24', 115.58, 'NC', 6, True),
('8607632370800', '77', 'VIP', '2020-11-05', 2496.28, 'CC', 26, True),
('0955251546843', '139', 'GA', '2022-09-05', 384.36, 'BC', 30, True),
('0352437591869', '210', 'GA', '2020-10-20', 52.57, 'NC', 28, True),
('6069270847896', '442', 'GA', '2022-08-04', 151.22, 'BC', 29, True),
('5967960083214', '185', 'GA', '2020-12-16', 308.92, 'NC', 25, True),
('9020770190943', '474', 'GA', '2020-10-22', 381.48, 'CC', 26, True),
('7496503527945', '290', 'GA', '2017-05-14', 221.34, 'NC', 11, True),
('2749020508300', '517', 'GA', '2015-01-11', 116.66, 'NC', 3, True),
('6904914728200', '22', 'GA', '2016-02-04', 396.49, 'CC', 5, True),
('0270101074957', '384', 'GA', '2017-06-05', 94.08, 'CC', 10, True),
('2357883181820', '578', 'GA', '2020-06-17', 284.9, 'CC', 25, True),
('6419871949725', '72', 'GA', '2017-09-08', 377.14, 'BC', 15, True),
('5905558841051', '588', 'GA', '2016-07-28', 231.42, 'DC', 11, True),
('4336891745714', '315', 'VIP', '2020-02-06', 2024.37, 'DC', 24, True),
('1959551934721', '466', 'GA', '2020-06-09', 320.78, 'CC', 27, True),
('8056466603484', '573', 'GA', '2021-01-05', 50.25, 'BC', 26, True),
('3321794899393', '250', 'GA', '2016-09-28', 218.17, 'DC', 11, True),
('5546247448344', '252', 'GA', '2020-08-28', 359.95, 'NC', 25, True),
('2217734331500', '111', 'GA', '2017-11-27', 289.2, 'CC', 16, True),
('5917811963741', '68', 'GA', '2015-10-11', 133.35, 'DC', 7, True),
('1292995278463', '90', 'GA', '2022-02-12', 129.66, 'CC', 29, True),
('9345836683995', '34', 'BaS', '2015-08-21', 0.0, 'NC', 2, True),
('7232314285998', '161', 'GA', '2019-02-20', 472.41, 'CC', 19, True),
('4689906391151', '242', 'GA', '2022-02-27', 414.81, 'NC', 29, True),
('1904019813406', '275', 'GA', '2015-04-05', 404.29, 'NC', 6, True),
('4859659894847', '149', 'GA', '2019-09-20', 478.58, 'NC', 19, True),
('4143543077972', '595', 'GA', '2019-06-10', 214.9, 'DC', 17, True),
('2696217845209', '41', 'GA', '2015-03-27', 319.4, 'BC', 4, True),
('8069438473992', '269', 'GA', '2015-05-20', 51.99, 'DC', 1, True),
('9142313467674', '283', 'GA', '2018-12-31', 132.92, 'CC', 19, True),
('5824838329506', '128', 'GA', '2022-03-24', 86.41, 'CC', 30, True),
('7417150208864', '136', 'GA', '2015-08-21', 267.27, 'DC', 6, True),
('0700500498783', '147', 'GA', '2015-06-21', 473.92, 'CC', 1, True),
('0989861471088', '509', 'BaS', '2019-02-21', 0.0, 'BC', 24, True),
('9620929833926', '233', 'GA', '2022-04-15', 489.39, 'CC', 29, True),
('6935285977509', '397', 'GA', '2014-10-02', 89.44, 'NC', 2, True),
('9006208843979', '23', 'GA', '2017-08-09', 120.09, 'BC', 15, True),
('9080555563991', '246', 'GA', '2019-06-27', 269.73, 'NC', 21, True),
('3287957598311', '307', 'GA', '2019-09-22', 385.39, 'NC', 20, True),
('6459176901275', '476', 'GA', '2017-06-07', 458.76, 'CC', 11, True),
('0544455650938', '331', 'GA', '2017-09-21', 429.76, 'NC', 15, True),
('8995988312849', '410', 'GA', '2016-02-13', 408.78, 'BC', 6, True),
('7209954074659', '575', 'GA', '2017-12-19', 206.1, 'NC', 16, True),
('8055436870621', '243', 'GA', '2016-10-26', 416.13, 'DC', 12, True),
('0301311940354', '387', 'GA', '2017-07-02', 409.49, 'BC', 13, True),
('8294661464540', '452', 'GA', '2019-03-24', 368.4, 'DC', 18, True),
('5706603660836', '211', 'BaS', '2019-10-13', 0.0, 'NC', 20, True),
('9385972515314', '395', 'GA', '2017-01-30', 473.06, 'NC', 12, True),
('4026881439961', '204', 'GA', '2020-05-05', 439.82, 'CC', 26, True),
('7385553104753', '329', 'GA', '2022-10-30', 426.79, 'BC', 30, True),
('0565281378227', '231', 'GA', '2017-07-31', 96.69, 'CC', 15, True),
('6331299314700', '309', 'VIP', '2019-09-16', 1183.43, 'CC', 23, True),
('6834906174058', '164', 'GA', '2018-01-09', 449.42, 'NC', 16, True),
('4460269668077', '310', 'GA', '2016-02-22', 362.3, 'DC', 7, True),
('2395097126790', '249', 'GA', '2020-01-10', 210.73, 'NC', 22, True),
('8127498460375', '326', 'GA', '2014-12-14', 269.46, 'DC', 2, True),
('8887899119267', '535', 'GA', '2019-05-11', 378.66, 'DC', 20, True),
('2277947304624', '259', 'GA', '2019-07-06', 64.58, 'CC', 24, True),
('7539845072506', '197', 'GA', '2017-02-02', 328.24, 'DC', 10, True),
('3396408051893', '560', 'GA', '2015-01-02', 192.0, 'DC', 4, True),
('3884649267116', '543', 'GA', '2022-11-03', 259.02, 'BC', 30, True),
('8145569418060', '405', 'GA', '2017-04-11', 399.47, 'NC', 12, True),
('7344008856171', '95', 'BaS', '2019-07-19', 0.0, 'CC', 18, True),
('4268680076668', '457', 'GA', '2019-06-14', 56.86, 'CC', 22, True),
('7530021681109', '54', 'GA', '2018-06-24', 62.19, 'BC', 15, True),
('4969844229364', '187', 'GA', '2015-08-31', 437.83, 'NC', 6, True),
('8002263562288', '47', 'BaS', '2014-10-08', 0.0, 'CC', 2, True),
('5946969477728', '241', 'GA', '2016-03-05', 103.26, 'BC', 7, True),
('5372308014983', '253', 'VIP', '2015-09-19', 2043.21, 'DC', 3, True),
('5361022133715', '236', 'GA', '2016-01-07', 251.73, 'BC', 8, True),
('9331040552461', '366', 'BaS', '2022-02-25', 0.0, 'DC', 30, True),
('1605528935582', '271', 'GA', '2015-11-09', 404.79, 'BC', 5, True),
('0734668099623', '482', 'GA', '2017-05-25', 391.78, 'BC', 11, True),
('2140143668196', '224', 'GA', '2020-02-03', 161.27, 'BC', 21, True),
('7710910748589', '346', 'GA', '2017-04-04', 428.81, 'BC', 12, True),
('1591657562435', '389', 'GA', '2015-03-11', 312.73, 'CC', 4, True),
('0001294595700', '381', 'GA', '2016-09-02', 51.95, 'BC', 10, True),
('0304327221627', '194', 'GA', '2017-11-10', 139.47, 'CC', 16, True),
('6220522313789', '424', 'GA', '2020-11-03', 447.39, 'NC', 27, True),
('4314050760696', '281', 'GA', '2020-07-14', 221.35, 'BC', 28, True),
('3918141477768', '464', 'BaS', '2021-02-10', 0.0, 'CC', 27, True),
('7317703058571', '566', 'BaS', '2019-04-17', 0.0, 'NC', 24, True),
('6319760786911', '335', 'GA', '2019-10-10', 158.86, 'BC', 24, True),
('2436334175248', '323', 'GA', '2015-03-06', 305.41, 'NC', 1, True),
('9319131640326', '581', 'BaS', '2019-10-12', 0.0, 'CC', 18, True),
('4800746945812', '415', 'GA', '2019-07-23', 128.61, 'DC', 17, True),
('2225438671278', '199', 'GA', '2019-11-08', 247.68, 'BC', 24, True),
('3350669653194', '402', 'GA', '2019-03-13', 127.12, 'DC', 19, True),
('6051801490142', '463', 'GA', '2017-06-08', 129.78, 'BC', 10, True),
('4347878343862', '200', 'GA', '2020-06-25', 451.53, 'CC', 25, True),
('5756658635909', '576', 'GA', '2018-06-07', 340.47, 'BC', 14, True),
('9982895993470', '523', 'GA', '2019-12-22', 289.08, 'NC', 21, True),
('1681738175795', '308', 'GA', '2017-06-29', 426.11, 'CC', 12, True),
('5291049099917', '160', 'GA', '2014-10-29', 360.18, 'BC', 4, True),
('0597686174543', '303', 'GA', '2017-02-06', 269.74, 'BC', 10, True),
('3616247694384', '536', 'GA', '2017-07-15', 274.18, 'DC', 13, True),
('3320735223807', '394', 'GA', '2019-02-24', 134.67, 'CC', 17, True),
('5736374439932', '49', 'GA', '2019-07-13', 497.09, 'CC', 22, True),
('4874521676753', '191', 'BaS', '2019-10-07', 0.0, 'BC', 22, True),
('6977290641444', '302', 'GA', '2019-04-12', 403.91, 'CC', 21, True),
('9519253029764', '30', 'GA', '2019-02-02', 116.73, 'NC', 17, True),
('9484366748542', '449', 'GA', '2019-12-11', 383.18, 'NC', 22, True),
('9338194386938', '478', 'BaS', '2015-06-04', 0.0, 'DC', 3, True),
('9535470182293', '46', 'BaS', '2015-03-07', 0.0, 'NC', 3, True),
('3455018084647', '183', 'GA', '2018-05-04', 500.86, 'NC', 13, True),
('6172018674763', '222', 'GA', '2019-06-30', 328.94, 'NC', 21, True),
('2283400483106', '350', 'GA', '2016-09-01', 286.64, 'DC', 10, True),
('0978576832222', '159', 'GA', '2015-11-05', 400.69, 'BC', 5, True),
('6416638831458', '53', 'GA', '2015-08-25', 329.75, 'BC', 3, True),
('8280893496452', '591', 'GA', '2020-08-24', 344.45, 'DC', 26, True),
('7231437562328', '418', 'GA', '2015-05-31', 260.61, 'CC', 1, True),
('2117841428347', '488', 'GA', '2017-09-19', 99.54, 'CC', 15, True),
('5601441392877', '124', 'GA', '2017-03-14', 470.75, 'BC', 9, True),
('4545712080232', '569', 'GA', '2017-05-23', 429.4, 'NC', 10, True),
('2522839528306', '27', 'GA', '2017-07-24', 209.7, 'NC', 15, True),
('1325663037996', '154', 'BaS', '2020-07-28', 0.0, 'CC', 27, True),
('8807590703863', '318', 'GA', '2018-01-04', 65.71, 'BC', 16, True),
('5029916360603', '134', 'GA', '2020-01-23', 285.61, 'CC', 21, True),
('2681742431575', '393', 'GA', '2019-07-25', 253.52, 'NC', 23, True),
('3275549555594', '83', 'GA', '2019-10-05', 395.47, 'NC', 24, True),
('3095694663838', '56', 'GA', '2018-03-17', 156.54, 'NC', 15, True),
('6464376006912', '223', 'GA', '2018-02-05', 73.58, 'BC', 16, True),
('5900898912611', '520', 'GA', '2022-02-13', 58.99, 'BC', 30, True),
('3081338751184', '213', 'GA', '2015-08-21', 270.68, 'DC', 3, True),
('3386076210048', '33', 'GA', '2017-02-22', 347.35, 'NC', 11, True),
('7231099623590', '238', 'GA', '2019-06-16', 330.14, 'BC', 21, True),
('7801397392699', '86', 'GA', '2015-01-16', 325.25, 'NC', 2, True),
('7882851687838', '137', 'GA', '2019-11-13', 211.31, 'CC', 19, True),
('7848932500693', '104', 'GA', '2015-02-19', 65.68, 'NC', 2, True),
('5523332807210', '305', 'GA', '2020-08-25', 99.63, 'DC', 26, True),
('6813878105881', '306', 'GA', '2020-02-02', 394.69, 'CC', 24, True),
('1262630835227', '43', 'GA', '2021-04-09', 84.87, 'DC', 28, True),
('6098609210617', '383', 'GA', '2015-06-01', 225.32, 'CC', 7, True),
('9422198705391', '156', 'GA', '2020-08-05', 166.36, 'CC', 26, True),
('5146951430482', '571', 'GA', '2016-03-02', 356.85, 'NC', 8, True),
('5261969532843', '319', 'GA', '2016-11-27', 258.33, 'BC', 11, True),
('2445683124398', '169', 'GA', '2020-07-26', 60.1, 'NC', 27, True),
('9731506994789', '80', 'GA', '2017-11-29', 349.47, 'CC', 13, True),
('5482525062085', '178', 'GA', '2015-06-20', 396.19, 'CC', 8, True),
('2215042955481', '443', 'GA', '2019-07-19', 142.92, 'NC', 17, True),
('7773967103744', '357', 'GA', '2019-08-30', 336.97, 'CC', 19, True),
('4317514940565', '69', 'GA', '2021-03-14', 407.17, 'CC', 28, True),
('3783021093096', '312', 'GA', '2017-11-27', 168.83, 'BC', 16, True),
('3934024046561', '592', 'GA', '2014-11-22', 365.14, 'DC', 1, True),
('8949866106313', '153', 'GA', '2015-10-11', 262.6, 'BC', 6, True),
('7574338457593', '431', 'GA', '2018-05-14', 154.61, 'DC', 16, True),
('8840398310463', '50', 'GA', '2019-11-16', 463.49, 'NC', 24, True),
('3947756418706', '81', 'GA', '2021-12-07', 170.05, 'DC', 30, True),
('4128332556626', '507', 'GA', '2014-10-22', 70.61, 'NC', 4, True),
('4095297503181', '368', 'GA', '2019-05-16', 190.39, 'DC', 17, True),
('1848987938022', '190', 'BaS', '2015-08-18', 0.0, 'CC', 2, True),
('3784991844341', '108', 'GA', '2019-11-20', 335.64, 'DC', 18, True),
('7101010091431', '232', 'GA', '2019-05-27', 165.71, 'CC', 19, True),
('4885257115851', '247', 'GA', '2015-11-04', 472.15, 'BC', 8, True),
('7610093696154', '64', 'GA', '2019-06-20', 432.13, 'NC', 19, True),
('6424191475795', '188', 'GA', '2022-02-06', 389.67, 'CC', 30, True),
('0943603520074', '195', 'GA', '2019-08-19', 216.06, 'CC', 18, True),
('6550321279262', '96', 'GA', '2019-09-22', 435.64, 'BC', 20, True),
('5852335567567', '37', 'GA', '2020-11-08', 492.01, 'BC', 28, True),
('8393353686350', '120', 'GA', '2018-06-15', 360.38, 'BC', 15, True),
('1596952268527', '558', 'BaS', '2016-08-07', 0.0, 'BC', 11, True),
('0132470244931', '538', 'BaS', '2015-07-04', 0.0, 'BC', 4, True),
('4216941475241', '29', 'GA', '2019-03-02', 180.3, 'DC', 17, True),
('9441052969484', '58', 'GA', '2017-12-04', 447.16, 'DC', 15, True),
('8302481827341', '403', 'GA', '2019-05-04', 255.56, 'NC', 17, True),
('3698466837847', '531', 'GA', '2015-01-14', 488.55, 'DC', 4, True),
('6137705389062', '526', 'BaS', '2018-12-18', 0.0, 'CC', 19, True),
('1931448392334', '374', 'GA', '2016-11-01', 452.52, 'BC', 9, True),
('8775225554863', '408', 'GA', '2015-02-14', 217.62, 'BC', 2, True),
('0274702718108', '40', 'GA', '2015-11-08', 263.46, 'CC', 6, True),
('3598577570382', '513', 'GA', '2022-09-20', 138.15, 'CC', 29, True),
('2593485880528', '373', 'BaS', '2019-01-26', 0.0, 'CC', 19, True),
('3066436711920', '21', 'GA', '2015-06-10', 143.29, 'BC', 7, True),
('4951625192390', '347', 'BaS', '2015-05-10', 0.0, 'BC', 8, True),
('0800360536646', '544', 'GA', '2019-02-28', 269.84, 'BC', 18, True),
('6304354387679', '491', 'GA', '2015-03-26', 95.04, 'NC', 7, True),
('3374120611803', '570', 'GA', '2020-07-17', 431.7, 'DC', 25, True),
('2283826397103', '258', 'GA', '2018-06-28', 448.24, 'DC', 13, True),
('7589741795713', '117', 'GA', '2019-10-27', 168.87, 'DC', 18, True),
('5845822117279', '240', 'GA', '2017-05-01', 196.31, 'DC', 9, True),
('0976262762188', '358', 'GA', '2020-12-20', 156.96, 'CC', 25, True),
('8095171907378', '471', 'BaS', '2017-05-01', 0.0, 'NC', 12, True),
('0753102884143', '327', 'GA', '2015-02-22', 153.24, 'BC', 2, True),
('2575311932141', '235', 'GA', '2021-04-13', 210.22, 'DC', 25, True),
('6837903057826', '260', 'GA', '2015-01-31', 112.3, 'DC', 1, True),
('0781237453490', '362', 'GA', '2021-01-31', 197.75, 'CC', 28, True),
('1134862875135', '84', 'GA', '2022-11-26', 91.24, 'CC', 30, True),
('1203381605076', '590', 'GA', '2015-09-15', 246.29, 'DC', 1, True),
('6943660251442', '563', 'GA', '2015-10-18', 496.41, 'DC', 7, True),
('4462167237486', '155', 'BaS', '2018-02-05', 0.0, 'CC', 16, True),
('3857172843664', '434', 'GA', '2022-06-21', 332.84, 'DC', 30, True),
('1283684319272', '322', 'GA', '2020-06-05', 221.18, 'DC', 26, True),
('6049770888887', '19', 'GA', '2015-06-01', 266.03, 'CC', 3, True),
('3763878223958', '109', 'GA', '2015-01-28', 261.69, 'DC', 3, True),
('1725904474807', '32', 'GA', '2017-03-09', 329.09, 'CC', 12, True),
('2750319402045', '598', 'GA', '2017-04-14', 86.72, 'CC', 11, True),
('6156359580905', '248', 'GA', '2019-05-17', 497.74, 'BC', 22, True),
('6929230821707', '148', 'GA', '2015-04-03', 393.86, 'DC', 8, True),
('5756973197331', '122', 'GA', '2019-05-09', 55.41, 'CC', 19, True),
('7905875666918', '487', 'BaS', '2019-01-27', 0.0, 'BC', 18, True),
('6668263651898', '8', 'GA', '2016-10-23', 129.57, 'BC', 12, True),
('5787448981463', '336', 'BaS', '2018-06-04', 0.0, 'CC', 15, True),
('5494085633939', '525', 'GA', '2014-11-23', 176.18, 'DC', 3, True),
('5414053317866', '388', 'GA', '2021-03-07', 51.55, 'CC', 26, True),
('8015386721996', '232', 'GA', '2017-06-09', 93.13, 'BC', 10, True),
('7742888279029', '237', 'GA', '2017-03-30', 225.9, 'NC', 12, True),
('4319374979214', '31', 'GA', '2015-11-28', 366.53, 'CC', 7, True),
('5638330659128', '545', 'GA', '2015-08-12', 453.42, 'BC', 1, True),
('2044604213157', '231', 'GA', '2017-03-04', 225.13, 'DC', 11, True),
('1148189981558', '50', 'GA', '2018-05-13', 118.05, 'CC', 13, True),
('5041725008891', '220', 'GA', '2020-01-26', 354.47, 'BC', 22, True),
('7194368584492', '572', 'GA', '2019-08-19', 250.91, 'BC', 18, True),
('1556842846348', '252', 'GA', '2020-01-04', 198.87, 'NC', 24, True),
('3620571386802', '4', 'GA', '2018-02-13', 455.54, 'DC', 15, True),
('2935083763961', '294', 'GA', '2018-04-29', 241.33, 'NC', 16, True),
('0593417941486', '598', 'GA', '2020-10-04', 201.19, 'CC', 25, True),
('4441859992736', '74', 'GA', '2017-09-21', 487.7, 'CC', 15, True),
('8217730611467', '131', 'GA', '2019-09-16', 402.84, 'DC', 22, True),
('2018114371993', '559', 'GA', '2019-07-16', 399.22, 'DC', 22, True),
('5203768360980', '527', 'GA', '2019-06-27', 465.59, 'DC', 22, True),
('3357748881880', '226', 'GA', '2016-08-30', 487.55, 'BC', 12, True),
('3008140999942', '211', 'GA', '2016-02-28', 404.18, 'CC', 5, True),
('1854500958303', '581', 'GA', '2016-12-10', 179.17, 'NC', 10, True),
('5797807857251', '155', 'GA', '2016-09-21', 142.29, 'BC', 10, True),
('5265530600663', '161', 'GA', '2014-10-03', 109.92, 'CC', 2, True),
('3585636289251', '178', 'BaS', '2017-06-05', 0.0, 'CC', 11, True),
('3760911542055', '7', 'GA', '2018-12-07', 401.26, 'DC', 19, True),
('4529150652275', '106', 'GA', '2017-02-06', 191.56, 'BC', 10, True),
('7159417217957', '394', 'GA', '2015-05-07', 321.61, 'CC', 1, True),
('6658452875239', '451', 'GA', '2017-09-06', 166.98, 'DC', 14, True),
('2422537792075', '98', 'GA', '2015-05-01', 405.86, 'DC', 7, True),
('7652935818827', '145', 'GA', '2015-11-04', 353.31, 'CC', 6, True),
('8000252861293', '548', 'GA', '2020-02-08', 112.92, 'CC', 21, True),
('8078277697418', '150', 'GA', '2019-05-20', 98.71, 'NC', 24, True),
('1259526494235', '599', 'GA', '2020-11-07', 232.18, 'NC', 26, True),
('1615881881213', '314', 'GA', '2019-08-06', 212.04, 'BC', 18, True),
('6752009166928', '600', 'GA', '2016-12-21', 134.01, 'NC', 11, True),
('7099214331355', '148', 'GA', '2021-01-07', 371.75, 'BC', 28, True),
('0923108321671', '400', 'GA', '2021-04-04', 112.07, 'DC', 28, True),
('0471147936923', '480', 'GA', '2017-10-31', 324.28, 'CC', 16, True),
('6283689894891', '371', 'BaS', '2020-08-18', 0.0, 'CC', 26, True),
('9349893601569', '292', 'BaS', '2019-05-16', 0.0, 'CC', 23, True),
('8703639319719', '425', 'GA', '2014-11-02', 174.47, 'BC', 2, True),
('9038464694283', '265', 'BaS', '2015-02-14', 0.0, 'DC', 2, True),
('5696474609228', '573', 'GA', '2020-01-23', 176.21, 'BC', 22, True),
('7595655079591', '566', 'GA', '2014-12-17', 460.97, 'NC', 3, True),
('1188536842541', '526', 'GA', '2015-08-03', 77.73, 'NC', 7, True),
('4834366807864', '65', 'GA', '2017-03-24', 99.15, 'CC', 11, True),
('4137100924480', '151', 'GA', '2017-07-23', 445.95, 'DC', 14, True),
('4798787785615', '85', 'GA', '2017-05-30', 216.59, 'DC', 12, True),
('3996462798988', '403', 'GA', '2015-01-30', 401.52, 'CC', 4, True),
('4880666459079', '352', 'BaS', '2018-02-04', 0.0, 'BC', 16, True),
('6101656852410', '466', 'GA', '2015-05-25', 224.51, 'CC', 6, True),
('9031833348513', '2', 'GA', '2019-09-02', 262.7, 'BC', 21, False),
('8426013946815', '401', 'BaS', '2015-06-27', 0.0, 'DC', 2, False),
('1354883789880', '96', 'GA', '2021-12-08', 368.15, 'DC', 29, False),
('7014340783390', '300', 'GA', '2021-02-26', 318.97, 'DC', 26, False),
('6130179688260', '445', 'GA', '2018-01-07', 102.41, 'NC', 15, False),
('6640964187379', '316', 'GA', '2018-05-11', 423.97, 'CC', 16, False),
('9361659726396', '215', 'GA', '2015-05-31', 249.87, 'NC', 3, False),
('2974340314070', '103', 'GA', '2017-06-17', 114.96, 'BC', 12, False),
('6798085126348', '112', 'GA', '2015-10-20', 337.55, 'CC', 8, False),
('6429894370016', '568', 'BaS', '2015-09-24', 0.0, 'BC', 1, False),
('9785459129734', '212', 'GA', '2019-08-04', 239.94, 'NC', 24, False),
('7537170441015', '550', 'GA', '2021-03-29', 296.13, 'NC', 27, False),
('0272831097662', '222', 'GA', '2022-04-14', 299.07, 'NC', 29, False),
('1637393420999', '537', 'GA', '2015-06-08', 261.67, 'BC', 2, False),
('7785994221411', '124', 'GA', '2020-12-31', 378.92, 'NC', 28, False),
('7340448783426', '299', 'GA', '2019-09-11', 308.88, 'NC', 19, False),
('6024661744007', '353', 'GA', '2022-11-25', 413.42, 'NC', 30, False),
('4131251931397', '340', 'GA', '2020-11-20', 197.11, 'BC', 26, False),
('8411215052509', '84', 'GA', '2014-12-03', 408.68, 'DC', 3, False),
('4870803347681', '432', 'VIP', '2016-11-17', 1285.69, 'BC', 9, False),
('4088375860527', '169', 'GA', '2019-07-07', 497.21, 'CC', 19, False),
('7711772875541', '507', 'GA', '2019-08-09', 410.67, 'DC', 17, False),
('4122004546406', '485', 'GA', '2016-08-20', 251.97, 'BC', 11, False),
('0849751164803', '51', 'GA', '2015-06-01', 171.67, 'DC', 3, False),
('9415726988343', '15', 'GA', '2015-10-06', 268.02, 'NC', 8, False),
('7114604121463', '32', 'GA', '2015-02-21', 439.4, 'NC', 3, False),
('1827283511417', '547', 'GA', '2019-03-16', 293.26, 'DC', 17, False),
('6924346295846', '564', 'GA', '2019-11-03', 290.98, 'CC', 17, False),
('7035697674352', '284', 'GA', '2015-10-29', 100.61, 'BC', 5, False),
('6739447880327', '482', 'GA', '2022-09-07', 253.66, 'BC', 30, False),
('8946347789159', '331', 'VIP', '2019-08-20', 643.4, 'CC', 17, False),
('1265810082918', '274', 'GA', '2019-01-08', 233.45, 'NC', 18, False),
('0086200646598', '542', 'GA', '2018-12-16', 329.62, 'BC', 18, False),
('8230631948314', '481', 'GA', '2017-07-10', 198.42, 'BC', 12, False),
('9198365903754', '450', 'GA', '2017-11-30', 394.91, 'CC', 13, False),
('1828060540220', '87', 'GA', '2022-02-08', 230.97, 'NC', 30, False),
('5458851963099', '256', 'GA', '2020-11-28', 192.55, 'NC', 27, False),
('4752622125773', '404', 'GA', '2016-11-29', 374.55, 'DC', 11, False),
('8664253560328', '282', 'GA', '2019-07-10', 406.5, 'NC', 20, False),
('4547059326469', '59', 'GA', '2015-08-23', 406.47, 'DC', 3, False),
('4500331859665', '171', 'GA', '2019-11-01', 151.45, 'BC', 24, False),
('4145204555418', '91', 'GA', '2017-03-16', 116.64, 'DC', 10, False),
('1467268891767', '529', 'GA', '2018-12-07', 151.55, 'BC', 18, False),
('1519218329080', '82', 'GA', '2016-12-29', 96.62, 'BC', 10, False),
('0127693907414', '366', 'GA', '2019-10-09', 486.3, 'NC', 20, False),
('7948901885879', '304', 'GA', '2017-02-18', 144.97, 'DC', 9, False),
('6115627159633', '75', 'GA', '2017-01-01', 357.58, 'CC', 10, False),
('2386774325761', '452', 'GA', '2020-08-16', 83.51, 'NC', 25, False),
('4446021115734', '218', 'GA', '2017-12-11', 346.34, 'DC', 16, False),
('0059424862866', '508', 'GA', '2019-04-22', 309.22, 'BC', 19, False),
('3855357297201', '276', 'GA', '2019-08-10', 404.36, 'NC', 24, False),
('6722579192902', '393', 'BaS', '2019-02-24', 0.0, 'DC', 19, False),
('8665232532903', '18', 'GA', '2021-03-28', 177.18, 'BC', 26, False),
('0036227202367', '514', 'GA', '2017-05-13', 400.66, 'DC', 9, False),
('2107692002697', '207', 'GA', '2018-02-23', 373.91, 'BC', 13, False),
('4417076456994', '194', 'BaS', '2019-04-09', 0.0, 'DC', 21, False),
('3704360425589', '289', 'GA', '2015-10-23', 363.78, 'CC', 8, False),
('5003394347948', '42', 'GA', '2018-12-18', 381.64, 'NC', 19, False),
('0467390232478', '501', 'GA', '2021-12-13', 240.32, 'NC', 30, False),
('6327911500917', '528', 'BaS', '2022-11-28', 0.0, 'DC', 30, False),
('6551220540463', '109', 'BaS', '2017-09-28', 0.0, 'DC', 16, False),
('0703051437040', '255', 'GA', '2017-07-30', 221.07, 'CC', 16, False),
('7436233372937', '367', 'BaS', '2014-11-03', 0.0, 'DC', 1, False),
('8743606251577', '416', 'GA', '2017-05-22', 253.08, 'CC', 12, False),
('9789101676490', '426', 'GA', '2019-02-23', 188.95, 'NC', 19, False),
('0577444882003', '43', 'GA', '2015-10-25', 231.22, 'BC', 8, False),
('0437461344934', '257', 'BaS', '2015-05-06', 0.0, 'BC', 3, False),
('7445441400828', '104', 'GA', '2019-03-16', 138.46, 'CC', 18, False),
('0574617729350', '502', 'GA', '2016-03-13', 203.72, 'DC', 5, False),
('7356817912339', '258', 'GA', '2015-08-21', 228.65, 'DC', 8, False),
('3176559750983', '552', 'GA', '2019-03-17', 443.59, 'BC', 19, False),
('0485263707059', '499', 'GA', '2014-12-14', 55.08, 'BC', 1, False),
('5486804849576', '262', 'GA', '2015-01-12', 500.01, 'BC', 4, False),
('8695125219931', '113', 'GA', '2016-11-08', 101.42, 'DC', 10, False),
('9561255929829', '242', 'BaS', '2015-12-07', 0.0, 'DC', 6, False),
('1898479513205', '156', 'GA', '2014-10-12', 395.03, 'CC', 3, False),
('6169114866054', '190', 'GA', '2019-02-06', 131.26, 'DC', 20, False),
('1712948230595', '234', 'GA', '2017-02-18', 202.19, 'DC', 10, False),
('0484884117764', '167', 'GA', '2019-03-08', 102.32, 'NC', 22, False),
('3881534521679', '22', 'BaS', '2020-06-15', 0.0, 'CC', 27, False),
('7414661894891', '383', 'GA', '2019-11-07', 104.66, 'BC', 21, False),
('6757790933126', '533', 'GA', '2017-01-27', 155.06, 'CC', 9, False),
('5479828773676', '39', 'GA', '2016-01-13', 361.45, 'NC', 5, False),
('5787463102449', '319', 'GA', '2019-03-16', 247.97, 'CC', 19, False),
('8077667692941', '136', 'GA', '2022-07-19', 62.07, 'DC', 29, False),
('0422556030671', '117', 'BaS', '2015-09-16', 0.0, 'DC', 2, False),
('1388432109478', '266', 'GA', '2015-07-30', 235.47, 'BC', 6, False),
('9267377252864', '303', 'GA', '2019-01-19', 284.0, 'DC', 17, False),
('5595641701567', '11', 'GA', '2019-06-21', 267.73, 'BC', 17, False),
('6136282443279', '589', 'GA', '2019-09-29', 58.68, 'DC', 22, False),
('2414753693476', '179', 'GA', '2017-09-24', 216.74, 'BC', 16, False),
('3190227023031', '189', 'BaS', '2020-10-11', 0.0, 'NC', 26, False),
('8264256927720', '281', 'GA', '2017-02-14', 209.83, 'DC', 9, False),
('1958484970063', '174', 'GA', '2018-02-01', 152.29, 'DC', 14, False),
('1273931992477', '102', 'GA', '2015-01-08', 265.59, 'BC', 4, False),
('6538071521100', '430', 'GA', '2018-02-08', 108.37, 'BC', 14, False),
('3940179620079', '158', 'GA', '2015-08-07', 483.93, 'BC', 3, False),
('8733154229599', '47', 'BaS', '2015-09-04', 0.0, 'CC', 8, False),
('5729582659109', '114', 'GA', '2015-05-13', 55.84, 'DC', 5, False),
('7562785657553', '101', 'GA', '2018-02-04', 389.85, 'BC', 16, False),
('9561461756493', '413', 'GA', '2015-04-14', 287.75, 'BC', 4, False),
('0277717014670', '594', 'GA', '2017-08-03', 77.41, 'BC', 15, False),
('3603129661258', '99', 'GA', '2022-07-18', 309.44, 'BC', 29, False),
('8959577735811', '410', 'GA', '2019-12-21', 324.52, 'BC', 22, False),
('0766748130846', '386', 'GA', '2015-06-29', 169.81, 'BC', 6, False),
('8630986211926', '66', 'GA', '2018-05-16', 210.04, 'BC', 16, False),
('0843617168446', '12', 'GA', '2018-04-22', 351.87, 'NC', 16, False),
('6120005202718', '324', 'GA', '2015-09-30', 264.68, 'BC', 6, False),
('0879968983650', '338', 'GA', '2020-12-21', 472.93, 'CC', 27, False),
('7547319822083', '464', 'GA', '2019-05-19', 197.5, 'NC', 23, False),
('6115115106107', '588', 'GA', '2015-05-05', 142.61, 'BC', 1, False),
('1285894438360', '120', 'GA', '2019-01-14', 230.86, 'DC', 20, False),
('4378578501406', '414', 'GA', '2017-07-22', 467.75, 'CC', 16, False),
('6687709405235', '544', 'GA', '2017-10-26', 151.94, 'NC', 16, False),
('8842099339527', '149', 'GA', '2015-12-07', 424.76, 'BC', 8, False),
('0432652811383', '248', 'BaS', '2017-01-29', 0.0, 'NC', 10, False),
('0946375803365', '408', 'GA', '2016-12-29', 51.94, 'NC', 9, False),
('0968171447627', '238', 'GA', '2017-11-30', 467.47, 'CC', 15, False),
('5854523475275', '52', 'GA', '2014-12-31', 432.6, 'NC', 3, False),
('5701584636440', '134', 'GA', '2015-02-14', 399.53, 'BC', 2, False),
('2445186903851', '517', 'GA', '2015-12-21', 286.86, 'NC', 8, False),
('9634563283841', '546', 'BaS', '2019-07-19', 0.0, 'DC', 23, False),
('7112305446483', '385', 'GA', '2022-09-10', 315.88, 'BC', 29, False),
('9034592651955', '272', 'GA', '2020-11-20', 224.57, 'NC', 27, False),
('9663056324052', '488', 'GA', '2019-12-03', 325.79, 'CC', 24, False),
('8104861264098', '163', 'GA', '2017-07-15', 441.66, 'BC', 10, False),
('7821470134597', '439', 'GA', '2015-10-27', 484.16, 'CC', 7, False),
('9260871531507', '434', 'GA', '2017-05-14', 494.76, 'DC', 12, False),
('5557171326881', '498', 'BaS', '2018-12-18', 0.0, 'CC', 17, False),
('7798296464030', '205', 'GA', '2019-05-09', 124.72, 'NC', 24, False),
('5137408683762', '446', 'GA', '2014-10-10', 92.43, 'DC', 4, False),
('5202132946823', '511', 'GA', '2020-07-14', 440.62, 'CC', 26, False),
('6103076986701', '318', 'GA', '2020-01-10', 285.46, 'DC', 24, False),
('7375121321332', '128', 'GA', '2018-05-14', 94.34, 'BC', 15, False),
('0628933853909', '396', 'GA', '2021-01-18', 434.24, 'BC', 25, False),
('0003455354038', '164', 'BaS', '2020-02-08', 0.0, 'NC', 24, False),
('4542082623078', '315', 'GA', '2022-08-14', 252.51, 'CC', 30, False),
('9532214942065', '176', 'GA', '2016-12-10', 193.51, 'CC', 9, False),
('2021042396898', '521', 'GA', '2015-10-22', 365.51, 'BC', 6, False),
('8699310370581', '442', 'GA', '2016-08-21', 68.17, 'CC', 12, False),
('8834635229061', '500', 'GA', '2020-09-21', 422.66, 'CC', 28, False),
('8700804800598', '254', 'GA', '2017-07-28', 265.51, 'DC', 13, False),
('2224840446129', '322', 'GA', '2017-06-08', 403.56, 'DC', 12, False),
('9046470996810', '341', 'GA', '2019-09-14', 265.42, 'CC', 23, False),
('9653871853545', '468', 'BaS', '2019-10-02', 0.0, 'BC', 17, False),
('4059429402762', '115', 'GA', '2019-07-01', 262.14, 'NC', 18, False),
('7295517065434', '339', 'GA', '2021-02-12', 130.84, 'DC', 25, False),
('0842384113534', '143', 'GA', '2017-06-25', 422.34, 'BC', 12, False),
('3286089576534', '175', 'GA', '2022-08-20', 397.22, 'BC', 29, False),
('1161978128722', '462', 'GA', '2019-06-22', 391.43, 'DC', 24, False),
('6066386244741', '561', 'BaS', '2018-01-06', 0.0, 'DC', 15, False),
('9134502665350', '105', 'GA', '2015-01-15', 413.17, 'BC', 4, False),
('9418850174990', '565', 'GA', '2019-03-12', 459.17, 'BC', 17, False),
('6839785283985', '504', 'GA', '2019-06-01', 343.12, 'NC', 23, False),
('6608081290603', '444', 'GA', '2015-05-09', 112.3, 'BC', 1, False),
('7225015592739', '172', 'GA', '2015-01-25', 70.15, 'NC', 2, False),
('9469919910458', '373', 'BaS', '2016-08-15', 0.0, 'DC', 9, False),
('2249274170027', '380', 'GA', '2019-09-23', 251.65, 'DC', 20, False),
('8394899237566', '225', 'GA', '2015-09-30', 427.06, 'NC', 7, False),
('3777858591132', '78', 'GA', '2020-01-20', 339.47, 'CC', 23, False),
('9098595852631', '260', 'GA', '2019-05-07', 163.12, 'CC', 19, False),
('5208798710963', '406', 'GA', '2016-08-29', 217.28, 'NC', 11, False),
('6031883186627', '58', 'GA', '2019-04-16', 233.17, 'DC', 22, False),
('9004615800791', '23', 'GA', '2016-11-23', 354.29, 'BC', 9, False),
('4942550546326', '360', 'GA', '2017-08-25', 102.59, 'CC', 13, False),
('5765372330299', '554', 'BaS', '2015-12-15', 0.0, 'NC', 8, False),
('0054062788249', '6', 'BaS', '2015-05-26', 0.0, 'NC', 7, False),
('2637579674733', '475', 'GA', '2019-07-11', 119.76, 'CC', 20, False),
('3052681192191', '240', 'GA', '2018-12-14', 215.19, 'DC', 20, False),
('3313686865826', '419', 'GA', '2020-12-11', 186.95, 'DC', 26, False),
('0666784901012', '95', 'GA', '2021-01-23', 456.48, 'CC', 28, False),
('1280325839015', '217', 'GA', '2014-12-25', 429.89, 'DC', 4, False),
('4761051705323', '590', 'GA', '2016-02-24', 265.22, 'NC', 6, False),
('4402408749754', '433', 'GA', '2018-12-29', 457.0, 'NC', 19, False),
('4188084152553', '146', 'GA', '2015-04-11', 215.08, 'CC', 4, False),
('0235392221934', '288', 'GA', '2019-06-08', 251.47, 'DC', 18, False),
('5059947394639', '204', 'GA', '2019-05-30', 175.93, 'NC', 22, False),
('2394285880654', '70', 'BaS', '2020-07-16', 0.0, 'DC', 25, False),
('6197248176892', '469', 'GA', '2017-06-04', 431.27, 'BC', 12, False),
('9465416971498', '10', 'GA', '2019-07-23', 108.04, 'CC', 22, False),
('2397376869832', '129', 'GA', '2019-05-01', 116.33, 'NC', 17, False),
('9695669326340', '73', 'BaS', '2017-10-15', 0.0, 'DC', 13, False),
('1257883845280', '402', 'BaS', '2017-06-14', 0.0, 'NC', 10, False),
('0298338557066', '465', 'GA', '2019-02-26', 301.63, 'NC', 22, False),
('3673993383402', '473', 'GA', '2017-07-28', 368.67, 'NC', 16, False),
('1494907915322', '287', 'GA', '2017-09-25', 277.76, 'CC', 15, False),
('4259441113014', '570', 'GA', '2015-08-26', 333.77, 'BC', 4, False),
('4480758102323', '269', 'GA', '2017-05-30', 429.32, 'NC', 10, False),
('4616389412621', '551', 'GA', '2022-01-30', 384.37, 'BC', 30, False),
('9442230754795', '368', 'GA', '2019-10-21', 104.48, 'DC', 24, False),
('2567711183585', '17', 'GA', '2017-08-09', 468.05, 'CC', 16, False),
('4509657686564', '347', 'GA', '2020-06-22', 387.49, 'NC', 25, False),
('9538573597219', '44', 'GA', '2016-07-31', 61.82, 'BC', 11, False),
('4971836912940', '279', 'GA', '2020-11-18', 282.35, 'NC', 25, False),
('1549273837719', '486', 'GA', '2015-11-25', 431.88, 'DC', 7, False),
('8793075142056', '398', 'GA', '2019-08-24', 492.35, 'CC', 24, False),
('8703262077264', '80', 'GA', '2020-07-01', 111.7, 'CC', 28, False),
('2527931733996', '397', 'BaS', '2020-10-29', 0.0, 'CC', 25, False),
('7093720645961', '379', 'GA', '2015-05-09', 68.73, 'CC', 4, False),
('7540058347230', '1', 'GA', '2017-05-04', 215.16, 'BC', 9, False),
('8829651652586', '312', 'GA', '2015-08-06', 314.0, 'DC', 1, False),
('9927193362830', '320', 'GA', '2018-12-16', 82.24, 'NC', 17, False),
('0717008896110', '378', 'GA', '2018-04-27', 445.61, 'NC', 13, False),
('3244233284469', '77', 'GA', '2022-05-28', 151.55, 'BC', 30, False),
('5913178458573', '329', 'GA', '2015-06-07', 283.74, 'NC', 4, False),
('7699458845369', '214', 'GA', '2019-08-03', 142.0, 'CC', 17, False),
('6567714579535', '477', 'GA', '2019-05-17', 109.73, 'NC', 18, False),
('4025632539053', '344', 'GA', '2019-11-11', 197.48, 'CC', 22, False),
('7487333316838', '37', 'GA', '2016-01-07', 403.59, 'CC', 8, False),
('8469063201995', '251', 'GA', '2020-05-07', 240.16, 'DC', 27, False),
('1227217282146', '530', 'GA', '2017-02-02', 130.64, 'CC', 12, False),
('4470487281313', '247', 'GA', '2017-12-21', 92.1, 'DC', 13, False),
('7347587950599', '376', 'GA', '2019-08-08', 147.22, 'BC', 17, False),
('9008517550771', '513', 'GA', '2019-08-02', 112.41, 'CC', 17, False),
('6880552247604', '505', 'GA', '2015-05-03', 148.61, 'BC', 2, False),
('2202543556189', '489', 'GA', '2019-08-17', 63.1, 'CC', 20, False),
('5271342497360', '399', 'GA', '2022-10-30', 191.77, 'NC', 29, False),
('3088489066882', '411', 'BaS', '2022-01-13', 0.0, 'NC', 30, False),
('9790976819430', '381', 'GA', '2018-04-10', 203.96, 'DC', 14, False),
('4147784601426', '133', 'GA', '2016-09-28', 427.04, 'CC', 9, False),
('0236936606791', '311', 'VIP', '2022-01-07', 1865.35, 'DC', 29, False),
('1771150248604', '494', 'BaS', '2022-04-23', 0.0, 'CC', 29, False),
('2950328710858', '370', 'GA', '2015-08-30', 162.56, 'BC', 8, False),
('7675799420902', '49', 'GA', '2014-09-30', 253.94, 'NC', 3, False),
('4530076630028', '317', 'GA', '2019-04-04', 412.08, 'DC', 21, False),
('5816026251044', '147', 'GA', '2017-02-20', 315.2, 'CC', 12, False),
('2021348488471', '83', 'GA', '2019-11-11', 245.77, 'NC', 19, False),
('2163036266039', '121', 'GA', '2019-03-03', 436.91, 'BC', 21, False),
('0543587817274', '94', 'GA', '2018-04-25', 351.44, 'BC', 16, False),
('9719010769469', '355', 'GA', '2018-02-11', 399.61, 'DC', 15, False),
('6246909795731', '516', 'GA', '2019-07-10', 250.13, 'CC', 20, False),
('5669216490360', '323', 'GA', '2018-03-17', 54.23, 'DC', 16, False),
('9643149766105', '130', 'GA', '2016-10-12', 475.11, 'DC', 11, False),
('1800695641350', '362', 'GA', '2017-01-16', 461.21, 'NC', 12, False),
('9638621274400', '86', 'GA', '2015-09-10', 156.22, 'CC', 5, False),
('7515049881155', '372', 'BaS', '2016-11-16', 0.0, 'BC', 12, False),
('9950381981713', '125', 'BaS', '2015-08-10', 0.0, 'BC', 8, False),
('6042450229221', '449', 'GA', '2017-06-22', 137.31, 'CC', 10, False),
('7193499806139', '337', 'GA', '2015-05-25', 217.21, 'NC', 3, False),
('3120765912528', '597', 'GA', '2020-09-25', 203.72, 'BC', 28, False),
('6357139803379', '454', 'GA', '2020-07-19', 259.69, 'CC', 25, False),
('4805196896571', '293', 'GA', '2017-05-18', 486.81, 'BC', 10, False),
('2034280118490', '479', 'BaS', '2016-01-17', 0.0, 'BC', 5, False),
('8223491493280', '519', 'GA', '2015-06-02', 471.52, 'NC', 2, False),
('0742146399664', '76', 'GA', '2015-07-21', 83.03, 'CC', 7, False),
('3817452454679', '575', 'GA', '2020-08-03', 489.47, 'DC', 28, False),
('8715454308230', '180', 'GA', '2015-08-03', 289.27, 'NC', 6, False),
('3680388978832', '556', 'GA', '2016-01-21', 119.98, 'DC', 6, False),
('0605031451438', '518', 'GA', '2017-07-27', 330.01, 'CC', 16, False),
('1141512670460', '25', 'GA', '2017-04-02', 315.37, 'CC', 12, False),
('9673139456525', '387', 'GA', '2019-12-16', 126.53, 'BC', 22, False),
('8699243907974', '538', 'GA', '2019-10-01', 149.34, 'CC', 19, False),
('8182452621021', '461', 'GA', '2017-11-14', 209.73, 'NC', 14, False),
('5208760052294', '503', 'GA', '2016-08-18', 412.91, 'NC', 12, False),
('9387530318803', '263', 'GA', '2021-05-02', 306.42, 'CC', 26, False),
('8468823360362', '283', 'GA', '2015-05-08', 422.14, 'DC', 8, False),
('8593956706408', '28', 'GA', '2016-01-11', 337.8, 'DC', 8, False),
('2148407643783', '206', 'GA', '2015-05-22', 359.83, 'NC', 3, False),
('4008818165829', '21', 'GA', '2022-03-30', 193.3, 'DC', 30, False),
('8956630076991', '196', 'GA', '2018-01-28', 404.71, 'DC', 15, False),
('1424447697295', '166', 'GA', '2017-10-06', 412.8, 'NC', 14, False),
('2265306346044', '100', 'GA', '2018-03-13', 421.5, 'CC', 14, False),
('0227273722349', '523', 'GA', '2020-08-15', 371.06, 'BC', 25, False),
('8291744745838', '428', 'GA', '2019-02-22', 280.96, 'CC', 23, False),
('7302389554032', '208', 'BaS', '2017-07-13', 0.0, 'DC', 14, False),
('0095404680087', '245', 'GA', '2015-11-18', 285.7, 'DC', 8, False),
('2125698877703', '116', 'GA', '2017-09-30', 450.08, 'DC', 13, False),
('7253172785022', '243', 'GA', '2015-09-14', 81.0, 'DC', 5, False),
('8538990983023', '191', 'GA', '2017-07-13', 271.87, 'NC', 13, False),
('0221790959220', '496', 'BaS', '2019-08-21', 0.0, 'BC', 17, False),
('1531956921737', '138', 'GA', '2019-11-15', 439.92, 'NC', 22, False),
('5129982059971', '495', 'GA', '2022-02-12', 233.21, 'CC', 29, False),
('4216977435217', '122', 'GA', '2015-07-29', 231.68, 'BC', 6, False),
('9928989453913', '165', 'BaS', '2022-09-04', 0.0, 'CC', 29, False),
('4921076124943', '586', 'BaS', '2014-12-14', 0.0, 'BC', 3, False),
('6129719324693', '350', 'GA', '2017-08-29', 403.25, 'BC', 16, False),
('5531750866309', '144', 'GA', '2021-01-14', 318.2, 'NC', 26, False),
('6870086558615', '13', 'GA', '2018-12-09', 270.77, 'NC', 18, False),
('8845537137188', '349', 'GA', '2016-08-23', 394.95, 'NC', 10, False),
('2216411906325', '249', 'GA', '2019-10-26', 147.63, 'DC', 20, False),
('0117893995557', '409', 'GA', '2019-12-18', 240.0, 'NC', 23, False),
('2592128422857', '201', 'GA', '2018-12-29', 66.34, 'BC', 17, False),
('0820763282374', '305', 'GA', '2019-08-29', 367.44, 'CC', 17, False),
('3467681912455', '199', 'BaS', '2016-08-25', 0.0, 'DC', 12, False),
('2689826955653', '227', 'GA', '2020-07-31', 189.21, 'DC', 28, False),
('3349509060473', '45', 'GA', '2022-03-27', 397.91, 'CC', 30, False),
('1330695987007', '558', 'GA', '2015-11-11', 208.0, 'NC', 8, False),
('0176823592140', '36', 'GA', '2017-05-19', 101.57, 'NC', 10, False),
('7767493747656', '81', 'GA', '2015-04-19', 389.43, 'BC', 3, False),
('6682486874870', '549', 'GA', '2019-09-11', 474.37, 'NC', 21, False),
('5165461849190', '309', 'GA', '2022-05-22', 444.61, 'NC', 29, False),
('8686281696020', '438', 'GA', '2018-02-13', 353.65, 'BC', 14, False),
('5753496116873', '418', 'GA', '2015-04-27', 190.33, 'NC', 5, False),
('2480527761247', '405', 'GA', '2021-02-14', 325.63, 'CC', 25, False),
('2828421759428', '210', 'GA', '2018-05-30', 245.7, 'DC', 14, False),
('7597808624893', '192', 'GA', '2019-05-10', 50.86, 'NC', 21, False),
('8982741268982', '298', 'GA', '2016-11-06', 354.59, 'BC', 9, False),
('6699143246775', '342', 'BaS', '2019-01-26', 0.0, 'BC', 19, False),
('9579492213812', '228', 'GA', '2020-06-15', 151.63, 'DC', 25, False),
('2945445176795', '571', 'GA', '2018-05-15', 302.2, 'BC', 16, False),
('7947626367960', '524', 'BaS', '2017-01-16', 0.0, 'BC', 12, False),
('8228811234722', '437', 'GA', '2015-06-29', 407.69, 'NC', 6, False),
('0487150824702', '118', 'GA', '2019-11-01', 310.99, 'CC', 19, False),
('3051527742895', '107', 'GA', '2019-03-13', 185.78, 'BC', 22, False),
('6835388369766', '345', 'GA', '2019-04-11', 183.38, 'CC', 19, False),
('9964421570404', '520', 'GA', '2019-08-04', 266.46, 'NC', 19, False),
('2563602878979', '297', 'GA', '2019-10-29', 237.28, 'NC', 18, False),
('9418398504507', '456', 'GA', '2020-05-26', 60.88, 'DC', 26, False),
('9783722765217', '382', 'GA', '2022-09-08', 439.7, 'NC', 29, False),
('9450666938752', '38', 'GA', '2015-09-25', 161.52, 'BC', 4, False),
('0087729828926', '510', 'BaS', '2021-01-28', 0.0, 'BC', 27, False),
('8109745903901', '3', 'GA', '2022-02-15', 213.98, 'CC', 30, False),
('7402649040493', '348', 'GA', '2017-10-28', 417.4, 'BC', 14, False),
('5950641152375', '356', 'GA', '2019-03-22', 218.57, 'CC', 20, False),
('9149277554039', '459', 'BaS', '2019-03-17', 0.0, 'BC', 24, False),
('7614049360029', '88', 'GA', '2015-11-12', 408.59, 'CC', 6, False),
('7283350492011', '308', 'GA', '2015-12-29', 155.6, 'DC', 5, False),
('9196138523149', '290', 'BaS', '2015-08-09', 0.0, 'NC', 6, False),
('6546063899458', '250', 'GA', '2022-01-31', 409.43, 'NC', 30, False),
('7737712919408', '391', 'GA', '2021-04-18', 190.65, 'BC', 25, False),
('4301105889951', '509', 'GA', '2017-06-05', 211.08, 'BC', 12, False),
('1788542324181', '474', 'GA', '2022-08-20', 134.06, 'NC', 29, False),
('1446878790504', '417', 'GA', '2015-05-14', 466.51, 'DC', 8, False),
('7630119671173', '354', 'GA', '2019-10-11', 468.58, 'NC', 23, False),
('8587712232941', '203', 'GA', '2019-08-06', 220.59, 'CC', 17, False),
('9399899774612', '443', 'GA', '2014-11-07', 344.52, 'CC', 1, False),
('9061304260080', '313', 'GA', '2017-12-01', 409.09, 'NC', 14, False),
('8717129933967', '168', 'GA', '2019-10-07', 350.64, 'NC', 22, False),
('4675697911177', '9', 'GA', '2019-08-12', 148.27, 'CC', 23, False),
('0377063967502', '152', 'GA', '2015-05-24', 304.05, 'CC', 4, False),
('1355050240306', '8', 'GA', '2015-03-10', 316.84, 'BC', 1, False),
('5766484781306', '188', 'GA', '2019-07-10', 186.43, 'CC', 19, False),
('2167485158396', '14', 'GA', '2020-11-23', 254.34, 'DC', 28, False),
('4361663203618', '375', 'GA', '2020-06-14', 366.79, 'DC', 28, False),
('9416748385097', '306', 'GA', '2015-08-20', 341.73, 'DC', 3, False),
('0703822785502', '29', 'GA', '2022-11-10', 436.53, 'NC', 30, False),
('6390293162344', '540', 'GA', '2020-01-12', 197.61, 'DC', 24, False),
('4814589071016', '213', 'GA', '2015-08-16', 439.86, 'NC', 8, False),
('9885098504124', '62', 'GA', '2016-02-01', 303.4, 'BC', 8, False),
('8398754717232', '358', 'GA', '2018-03-21', 156.8, 'BC', 13, False),
('2106924572262', '483', 'GA', '2020-11-18', 81.37, 'NC', 28, False),
('3623875798082', '40', 'GA', '2014-12-06', 387.2, 'CC', 1, False),
('5540784568339', '585', 'GA', '2019-12-19', 262.13, 'NC', 24, False),
('7891684942921', '119', 'GA', '2017-07-30', 104.89, 'NC', 15, False),
('1079573655664', '72', 'GA', '2014-10-13', 117.03, 'NC', 2, False),
('5175091878808', '41', 'GA', '2018-12-07', 75.27, 'DC', 19, False),
('0323254596944', '71', 'GA', '2017-02-17', 364.64, 'DC', 9, False),
('2781886195924', '27', 'GA', '2015-11-03', 388.17, 'CC', 7, False),
('5239213722578', '478', 'GA', '2020-11-05', 375.5, 'DC', 26, False),
('5850819720529', '458', 'GA', '2015-04-15', 440.99, 'CC', 6, False);

INSERT INTO evaluation  (artist_performance , sound_lighting, stage_presence, organization, overall_impression) VALUES
(4,1,5,1,3),
(5,5,5,2,5),
(4,1,3,2,2),
(3,3,1,2,5),
(4,2,3,4,3),
(1,1,1,2,2),
(2,1,2,5,4),
(4,3,2,1,4),
(3,2,5,1,3),
(3,1,1,1,4),
(4,5,3,3,5),
(2,5,1,2,1),
(3,4,3,2,3),
(3,1,1,3,4),
(1,2,3,5,2),
(1,4,4,4,5),
(4,2,3,2,5),
(5,5,3,5,4),
(1,4,4,1,5),
(5,5,4,3,5),
(4,2,1,2,3),
(4,3,4,4,3),
(1,2,4,1,1),
(1,1,4,4,1),
(1,5,1,2,2),
(4,3,5,2,5),
(1,2,5,1,4),
(1,2,4,2,3),
(2,3,2,2,3),
(4,5,5,4,4),
(4,2,2,5,5),
(4,5,1,2,2),
(4,3,5,1,3),
(4,2,3,4,4),
(1,4,1,4,2),
(3,4,1,4,3),
(5,1,2,1,1),
(5,5,2,1,2),
(2,5,2,1,2),
(1,1,1,3,1),
(3,2,5,5,3),
(1,5,1,2,5),
(1,2,3,3,2),
(2,5,1,2,1),
(2,3,1,2,2),
(2,1,1,3,2),
(5,4,1,4,5),
(4,2,5,1,1),
(4,5,3,2,4),
(2,2,3,1,5),
(3,1,1,3,5),
(2,5,3,5,3),
(4,5,4,5,4),
(5,2,3,1,1),
(5,3,3,1,1),
(1,1,4,5,5),
(2,3,4,1,2),
(5,3,5,5,4),
(5,2,3,4,5),
(5,4,3,1,5),
(4,1,2,3,5),
(3,4,3,1,3),
(1,1,3,3,3),
(3,5,3,2,3),
(1,3,1,2,3),
(2,1,5,4,2),
(1,2,2,4,2),
(3,2,1,5,4),
(4,3,4,2,3),
(4,5,5,4,1),
(1,1,5,2,1),
(4,4,5,1,1),
(2,1,3,4,5),
(3,2,4,3,5),
(5,2,1,3,3),
(2,3,5,5,3),
(2,5,2,2,3),
(3,4,3,1,2),
(2,3,2,2,5),
(5,1,4,1,5),
(2,3,4,1,4),
(2,5,1,4,1),
(5,4,2,5,3),
(5,3,5,5,5),
(3,2,4,3,2),
(2,1,2,4,1),
(1,2,2,5,2),
(4,5,2,4,4),
(3,4,3,1,4),
(1,4,5,4,3),
(5,2,1,3,4),
(3,3,1,1,2),
(5,2,3,2,2),
(3,3,4,4,1),
(1,4,2,4,3),
(1,5,3,5,1),
(4,4,5,3,4),
(1,3,1,1,4),
(1,3,3,2,1),
(4,3,1,3,5),
(1,5,1,5,4),
(3,2,1,2,4),
(2,1,1,2,1),
(4,5,2,1,1),
(4,4,4,4,1),
(3,3,5,1,4),
(2,1,4,3,2),
(1,2,3,3,1),
(4,1,2,4,2),
(1,3,3,3,4),
(5,1,2,3,4),
(2,2,3,1,5),
(5,1,2,4,5),
(1,1,4,3,4),
(1,4,2,3,1),
(5,4,3,5,1),
(5,1,2,2,1),
(2,4,1,3,4),
(3,4,1,2,2),
(1,1,1,5,5),
(5,5,5,5,5),
(5,1,4,5,1),
(3,3,5,3,4),
(2,5,3,2,5),
(4,2,1,4,4),
(2,2,1,2,4),
(1,4,5,3,4),
(2,1,1,3,4),
(2,5,3,3,1),
(3,3,3,2,3),
(1,3,4,1,2),
(3,1,1,1,4),
(3,1,1,2,2),
(5,4,5,5,5),
(1,4,2,4,3),
(1,2,2,3,3),
(1,4,4,4,1),
(4,2,3,4,5),
(4,4,3,4,2),
(2,2,3,1,2),
(5,1,2,1,4),
(4,4,2,4,5),
(1,5,5,3,4),
(3,1,1,3,3),
(2,1,3,4,1),
(3,1,5,2,5),
(4,1,5,3,3),
(2,3,4,1,5),
(3,5,2,2,1),
(4,3,2,5,4),
(2,2,5,1,5),
(4,2,2,2,1),
(2,3,3,2,5),
(5,5,5,1,2),
(5,1,2,2,3),
(2,3,5,1,5),
(4,4,1,1,3),
(4,2,5,2,4),
(1,2,3,1,4),
(2,1,1,4,2),
(4,3,4,2,3),
(2,1,1,1,4),
(5,4,3,4,4),
(2,1,4,2,2),
(1,2,1,3,2),
(5,2,4,1,4),
(2,5,1,4,5),
(1,5,1,5,5),
(4,3,3,5,3),
(2,2,1,5,5),
(4,5,4,1,2),
(3,5,4,3,1),
(5,4,1,1,3),
(4,2,2,1,3),
(5,2,5,5,2),
(3,3,1,3,2),
(4,2,4,4,1),
(3,2,2,3,4),
(4,4,5,2,2),
(4,2,3,3,3),
(3,1,4,1,5),
(3,2,4,5,5),
(3,5,4,3,3),
(3,4,2,2,2),
(1,5,2,2,4),
(3,3,5,3,4),
(5,5,1,5,5),
(4,2,2,4,2),
(3,4,4,4,1),
(3,2,3,4,1),
(5,3,1,2,2),
(4,2,4,3,1),
(3,2,4,1,4),
(3,3,2,2,3),
(4,3,4,4,4),
(1,3,3,1,3),
(1,1,1,2,1),
(5,2,4,2,2),
(1,1,2,2,1),
(2,4,5,4,3),
(4,3,5,2,2),
(5,4,4,2,5),
(2,3,1,2,3),
(1,3,4,3,4),
(3,3,5,2,4),
(3,4,1,3,1),
(3,3,2,1,2),
(3,5,5,1,5),
(5,1,3,3,2),
(2,4,1,5,3),
(5,4,3,1,4),
(2,4,4,2,1),
(4,5,3,4,5),
(5,1,1,3,5),
(3,4,2,5,3),
(3,5,4,5,3),
(5,2,2,4,1),
(3,5,1,4,3),
(4,4,4,3,5),
(4,4,2,2,4),
(2,2,5,3,1),
(3,2,4,2,4),
(4,1,3,3,3),
(1,2,5,1,2),
(5,1,2,2,3),
(3,2,2,5,3),
(1,1,2,5,5),
(1,2,3,4,1),
(3,1,1,4,5),
(4,4,1,3,3),
(4,1,5,5,3),
(3,4,1,4,5),
(4,3,3,5,2),
(5,2,1,4,4),
(3,3,2,3,4),
(3,4,1,3,4),
(5,1,2,2,2),
(1,1,2,3,1),
(3,5,2,2,4),
(4,4,5,1,4),
(2,3,5,3,5),
(1,5,1,2,2),
(2,5,1,5,4),
(4,5,1,4,1),
(5,1,1,4,4),
(2,1,1,3,3),
(2,3,2,3,1),
(5,3,5,1,3),
(4,5,4,2,1),
(5,4,3,2,3),
(2,2,5,1,2),
(2,5,4,5,2),
(2,4,3,5,3),
(4,4,1,2,3),
(1,5,5,2,5),
(4,3,2,5,1),
(1,1,4,5,3),
(1,3,4,4,2),
(2,2,2,3,4),
(4,4,1,5,1),
(3,3,5,3,4),
(2,2,5,2,3),
(3,5,3,1,4),
(2,5,1,1,2),
(5,3,5,2,4),
(2,4,1,5,1),
(4,4,3,1,3),
(4,5,2,3,2),
(5,4,1,5,5),
(4,4,4,4,5),
(4,1,5,1,1),
(4,2,5,5,4),
(3,2,5,1,3),
(4,2,3,4,4),
(1,3,5,5,4),
(3,5,5,4,3),
(5,4,2,3,2),
(5,2,4,1,4),
(5,3,1,5,3),
(1,5,2,3,3),
(1,5,2,3,2),
(2,2,3,5,1),
(4,1,5,3,2),
(4,2,4,2,4),
(4,1,5,3,2),
(4,4,5,2,3),
(3,1,2,2,1),
(1,5,5,3,2),
(1,5,2,3,1),
(5,5,1,3,2),
(5,3,2,5,1),
(3,1,1,1,1),
(1,3,1,4,4),
(4,5,2,4,5),
(2,4,3,5,4),
(2,2,4,4,3),
(5,1,4,2,5),
(2,5,3,5,3),
(2,4,2,4,3),
(5,3,1,2,2),
(4,3,4,3,2),
(5,4,2,1,2),
(3,1,3,1,5),
(4,3,1,2,4),
(3,4,3,4,4),
(2,1,1,5,5),
(3,1,4,2,1),
(4,5,5,4,2),
(1,3,3,4,5),
(2,1,1,5,3),
(1,5,5,5,3),
(5,2,3,5,1),
(5,5,1,2,4),
(2,4,4,4,4),
(2,5,1,3,3),
(3,1,2,4,5),
(3,4,3,5,5),
(4,2,1,4,4),
(3,3,2,2,2),
(2,3,2,4,4),
(2,2,2,1,2),
(1,2,5,2,1),
(2,4,3,1,1),
(2,2,1,3,3),
(5,2,3,1,5),
(5,4,3,1,1),
(4,2,4,3,5),
(1,1,2,5,3),
(4,5,5,1,4),
(3,4,1,5,3),
(4,3,1,5,4),
(2,4,5,2,5),
(3,4,4,4,2),
(4,3,2,3,3),
(1,1,2,1,1),
(4,2,2,4,5),
(3,1,2,4,2),
(4,3,1,1,1),
(3,2,3,4,3),
(2,1,1,1,4),
(4,3,3,4,3),
(5,3,1,5,1),
(4,4,4,3,1),
(3,1,4,1,3),
(2,2,2,2,5),
(2,5,5,2,1),
(2,5,5,2,5),
(5,5,5,2,1),
(4,3,5,2,4),
(2,3,1,1,1),
(1,5,3,1,1),
(4,3,3,4,4),
(2,1,3,1,2),
(3,1,2,5,5),
(4,4,3,1,5),
(2,2,2,2,3),
(4,1,4,1,1),
(5,4,1,2,1),
(2,4,2,1,1),
(4,5,2,1,5),
(1,5,3,5,5),
(5,5,5,2,3),
(2,1,4,2,4),
(4,5,5,1,3),
(2,2,1,3,1),
(3,4,5,1,4),
(3,5,2,5,3),
(1,1,1,3,5),
(2,5,2,3,2),
(5,4,1,2,4),
(2,5,4,1,3),
(5,5,1,4,5),
(2,1,4,2,5),
(3,2,2,2,3),
(4,2,2,1,1),
(3,2,1,2,4),
(5,4,2,1,3),
(5,3,1,2,4),
(5,2,5,2,4),
(3,3,5,5,1),
(1,3,4,5,4),
(5,3,2,5,4),
(2,4,3,5,5),
(1,2,1,1,3),
(5,2,3,5,3),
(1,5,5,5,2),
(2,1,3,4,5),
(3,3,1,4,1),
(1,5,2,3,3),
(2,5,3,1,3),
(4,5,5,5,1),
(5,5,5,4,1),
(2,5,5,2,4),
(5,5,1,1,2),
(3,5,2,3,2),
(2,4,3,3,2),
(5,1,2,2,5),
(4,4,1,1,2),
(2,5,2,1,2),
(2,3,3,4,1),
(1,2,5,3,5),
(4,1,3,3,3),
(5,1,1,2,2),
(2,4,1,1,4),
(2,2,5,2,2),
(3,5,3,1,1),
(5,2,1,2,4),
(4,5,4,5,1),
(5,4,3,3,4),
(2,3,4,5,5),
(1,1,3,1,2),
(2,4,3,3,3),
(2,4,3,5,5),
(2,5,4,3,3),
(4,2,1,3,4),
(3,1,1,4,1),
(1,4,4,2,1),
(5,1,3,2,2),
(3,3,4,3,1),
(1,2,2,1,3),
(2,2,1,5,5),
(1,2,1,2,3),
(1,5,5,4,2),
(4,5,5,3,5),
(4,4,1,5,3),
(5,4,5,2,3),
(3,2,3,2,3),
(1,4,1,5,3),
(2,3,4,4,5),
(2,3,5,1,4),
(5,1,2,3,3),
(4,3,2,3,1),
(5,1,2,4,1),
(2,2,1,2,2),
(4,5,4,3,3),
(4,5,3,4,2),
(3,2,3,5,1),
(5,1,5,2,1),
(2,4,3,5,5),
(3,5,5,4,2),
(2,4,3,5,5),
(5,2,5,2,1),
(3,1,1,4,1),
(4,3,3,3,3),
(4,2,4,1,1),
(5,4,3,2,1),
(2,1,1,2,1),
(1,2,2,4,2),
(3,3,4,2,5),
(4,2,4,1,3),
(1,2,4,1,1),
(3,1,3,4,3),
(2,1,5,1,5),
(2,4,3,4,1),
(2,2,3,1,5),
(2,3,3,1,5),
(3,4,3,2,1),
(2,2,1,2,5),
(4,3,5,3,4),
(4,2,3,2,4),
(2,2,5,3,1),
(4,1,5,2,5),
(4,5,2,2,5),
(1,5,3,4,3),
(5,4,5,2,2),
(3,3,1,2,1),
(3,4,3,1,1),
(1,3,1,3,1),
(3,4,2,3,1),
(2,4,2,4,4),
(2,2,1,2,5),
(1,1,3,3,1),
(1,1,5,5,5),
(4,3,2,1,3),
(1,3,3,2,4),
(5,5,1,1,1),
(4,4,3,4,2),
(3,1,3,5,5),
(1,4,3,3,3),
(3,5,1,2,1),
(3,5,5,1,2),
(2,3,5,5,1),
(5,1,5,2,2),
(5,3,4,3,4),
(3,3,5,4,3),
(4,4,2,2,2),
(2,2,5,1,3),
(4,3,3,3,5),
(1,4,4,2,5),
(1,4,3,2,5),
(4,1,4,4,4),
(2,2,5,3,5),
(4,1,4,4,1),
(5,4,5,4,5),
(1,5,4,5,3),
(1,1,3,5,3),
(3,5,2,3,5),
(4,3,4,4,1),
(4,1,4,3,2),
(4,5,3,4,5),
(5,5,4,4,5),
(4,1,4,5,5),
(2,4,4,4,1),
(3,5,5,4,4),
(4,4,3,4,2),
(1,2,1,1,3),
(2,3,1,1,5),
(5,4,1,3,3),
(5,1,3,5,4),
(5,5,3,2,3),
(5,1,4,3,4),
(4,3,5,2,2),
(4,5,3,4,2),
(3,2,2,5,4),
(5,1,2,1,4),
(1,2,1,4,1),
(3,3,1,3,5),
(3,2,4,5,4),
(3,1,2,1,4),
(5,1,5,4,1),
(1,3,5,5,4),
(5,4,2,2,4),
(3,2,1,2,2),
(4,4,1,5,4),
(4,2,4,5,1),
(5,4,5,4,5),
(1,1,2,5,4),
(5,3,2,3,2),
(3,4,1,4,3),
(4,1,1,2,2),
(5,1,4,3,5),
(4,2,3,3,3),
(3,1,2,1,5),
(1,3,1,5,1),
(5,1,5,2,4),
(5,1,4,4,5),
(2,4,1,3,5),
(2,1,5,1,5),
(2,5,5,3,4),
(3,4,3,3,5),
(1,2,5,3,4),
(3,3,5,1,4),
(2,5,5,5,2),
(2,4,1,4,2),
(1,4,4,3,1),
(2,3,3,3,1),
(3,1,3,3,3),
(5,3,2,1,5),
(5,2,1,1,1),
(3,4,5,2,5),
(3,5,5,2,5),
(4,5,2,2,1),
(4,5,5,5,5),
(3,2,1,3,2),
(3,5,5,3,2),
(3,1,3,5,4),
(2,3,2,2,5),
(4,2,5,3,2),
(4,4,1,1,1),
(3,1,5,4,4),
(1,2,4,3,4),
(3,3,1,4,2),
(4,2,2,4,2),
(4,4,4,1,1),
(2,4,5,3,2),
(2,4,4,5,4),
(1,1,5,2,3),
(2,1,2,3,3),
(5,1,5,1,4),
(3,4,1,4,5),
(3,4,4,1,3),
(5,4,5,4,3),
(4,1,2,3,2),
(1,2,5,3,4),
(3,3,2,3,4),
(2,4,1,3,3),
(2,1,4,2,4),
(1,4,1,5,4),
(3,3,4,1,2),
(3,3,3,3,2),
(1,4,2,2,5),
(4,3,2,3,3),
(4,4,1,3,2),
(4,3,4,2,3),
(5,1,5,5,5),
(5,1,4,1,3),
(1,1,2,4,5),
(2,3,3,1,2),
(3,4,3,4,1),
(1,5,2,2,2),
(3,1,3,3,3),
(5,5,5,3,4),
(5,4,1,4,5),
(3,4,4,5,3),
(4,2,2,1,5),
(1,5,3,5,2),
(1,4,5,4,4),
(3,2,3,2,2),
(5,1,1,3,4),
(5,3,5,5,3),
(1,2,3,4,3),
(5,3,4,1,2),
(3,4,2,5,3),
(5,5,4,2,1),
(5,1,5,1,1),
(2,5,2,3,5),
(1,3,3,5,1),
(5,4,2,3,3),
(1,1,2,2,3),
(2,3,2,4,2),
(2,4,3,4,2),
(3,3,4,5,5),
(3,5,5,4,4),
(3,3,2,3,2),
(5,2,2,3,1),
(2,3,3,2,3),
(2,3,3,1,3),
(3,2,3,1,3),
(2,5,5,5,5),
(3,4,4,5,4),
(5,1,3,1,2),
(5,5,2,2,1),
(1,3,2,1,3),
(4,1,1,3,3),
(5,5,1,3,1),
(1,3,5,5,1),
(2,5,3,4,2),
(1,1,4,3,3),
(5,4,5,3,4),
(3,4,2,5,3),
(1,5,4,1,2),
(5,1,5,2,5),
(2,2,1,1,3),
(4,2,2,3,1),
(5,2,1,5,3),
(5,1,4,3,4),
(4,1,2,2,5),
(4,4,5,1,5),
(5,4,5,2,4),
(4,1,3,3,1),
(5,2,5,1,3),
(5,2,3,2,5),
(4,4,5,5,4),
(3,4,5,1,3),
(1,2,3,2,3),
(5,5,3,2,1),
(4,3,2,4,2),
(5,2,2,5,1),
(5,2,3,1,3),
(3,5,1,5,4);

INSERT INTO rates (visitor_id, performance_id, evaluation_id, rating_date) VALUES
(441, 62, 1, '2017-09-07'),
(422, 47, 2, '2017-10-28'),
(206, 46, 3, '2018-01-29'),
(359, 118, 4, '2020-01-22'),
(542, 165, 5, '2022-10-18'),
(97, 9, 6, '2016-12-25'),
(262, 62, 7, '2018-06-27'),
(540, 65, 8, '2018-10-21'),
(497, 170, 9, '2023-02-25'),
(486, 159, 10, '2021-05-14'),
(423, 14, 11, '2016-11-07'),
(70, 26, 12, '2016-07-12'),
(20, 141, 13, '2020-06-05'),
(24, 128, 14, '2021-11-25'),
(300, 142, 15, '2021-02-09'),
(477, 122, 16, '2021-12-27'),
(364, 159, 17, '2022-02-26'),
(244, 56, 18, '2017-12-04'),
(130, 3, 19, '2016-01-14'),
(460, 77, 20, '2018-12-13'),
(129, 146, 21, '2022-04-15'),
(14, 12, 22, '2015-12-06'),
(98, 64, 23, '2018-04-21'),
(473, 159, 24, '2021-06-02'),
(55, 80, 25, '2018-12-24'),
(257, 55, 26, '2018-05-10'),
(62, 17, 27, '2016-06-25'),
(428, 50, 28, '2017-12-20'),
(142, 106, 29, '2020-04-24'),
(39, 147, 30, '2021-06-06'),
(140, 154, 31, '2022-12-09'),
(286, 163, 32, '2022-01-20'),
(439, 144, 33, '2022-10-06'),
(494, 31, 34, '2016-12-21'),
(102, 56, 35, '2018-07-15'),
(461, 5, 36, '2016-05-11'),
(516, 21, 37, '2016-11-22'),
(378, 134, 38, '2020-10-06'),
(496, 50, 39, '2017-08-14'),
(65, 143, 40, '2021-08-18'),
(82, 71, 41, '2019-03-10'),
(324, 10, 42, '2016-02-11'),
(157, 75, 43, '2018-11-27'),
(417, 57, 44, '2018-04-13'),
(264, 39, 45, '2017-10-28'),
(274, 65, 46, '2018-11-02'),
(313, 31, 47, '2016-07-14'),
(530, 80, 48, '2019-02-04'),
(594, 156, 49, '2022-12-01'),
(425, 149, 50, '2022-08-17'),
(205, 150, 51, '2022-03-30'),
(76, 5, 52, '2015-12-06'),
(71, 30, 53, '2017-06-04'),
(162, 9, 54, '2016-07-27'),
(356, 126, 55, '2021-09-25'),
(541, 15, 56, '2016-08-24'),
(10, 44, 57, '2016-10-16'),
(17, 120, 58, '2021-01-13'),
(237, 134, 59, '2020-07-06'),
(502, 19, 60, '2016-07-15'),
(426, 11, 61, '2016-04-21'),
(450, 156, 62, '2022-01-04'),
(138, 39, 63, '2017-08-31'),
(448, 84, 64, '2018-07-12'),
(574, 130, 65, '2020-10-11'),
(339, 60, 66, '2017-11-26'),
(3, 73, 67, '2019-08-16'),
(216, 22, 68, '2016-04-03'),
(266, 120, 69, '2020-12-19'),
(503, 34, 70, '2016-05-16'),
(52, 52, 71, '2017-08-20'),
(521, 143, 72, '2020-02-24'),
(166, 177, 73, '2023-10-01'),
(273, 153, 74, '2022-06-28'),
(599, 53, 75, '2018-02-09'),
(380, 34, 76, '2016-10-04'),
(557, 18, 77, '2016-06-22'),
(288, 55, 78, '2018-03-07'),
(75, 146, 79, '2022-05-01'),
(472, 14, 80, '2016-05-29'),
(515, 162, 81, '2021-05-22'),
(66, 143, 82, '2021-02-19'),
(35, 61, 83, '2018-12-06'),
(412, 49, 84, '2017-09-09'),
(121, 64, 85, '2018-05-07'),
(135, 25, 86, '2016-07-21'),
(370, 126, 87, '2021-08-20'),
(314, 90, 88, '2018-12-14'),
(361, 78, 89, '2019-11-06'),
(416, 4, 90, '2015-10-24'),
(193, 9, 91, '2015-10-03'),
(480, 102, 92, '2020-12-19'),
(504, 151, 93, '2021-09-04'),
(475, 20, 94, '2016-03-08'),
(505, 126, 95, '2021-05-07'),
(44, 135, 96, '2021-08-05'),
(548, 54, 97, '2018-01-05'),
(220, 107, 98, '2020-04-26'),
(345, 168, 99, '2023-03-18'),
(468, 138, 100, '2021-12-30'),
(351, 98, 101, '2020-09-05'),
(146, 154, 102, '2022-04-01'),
(552, 127, 103, '2020-07-11'),
(444, 117, 104, '2020-03-11'),
(219, 158, 105, '2022-01-20'),
(198, 124, 106, '2020-04-09'),
(234, 136, 107, '2020-10-27'),
(261, 106, 108, '2019-12-08'),
(201, 83, 109, '2019-01-07'),
(545, 103, 110, '2019-12-16'),
(430, 125, 111, '2021-12-26'),
(106, 149, 112, '2022-01-14'),
(110, 33, 113, '2016-08-04'),
(202, 99, 114, '2020-08-07'),
(9, 73, 115, '2018-09-08'),
(391, 87, 116, '2018-11-25'),
(212, 26, 117, '2017-07-09'),
(280, 57, 118, '2018-02-25'),
(60, 53, 119, '2018-02-07'),
(453, 133, 120, '2020-04-01'),
(481, 169, 121, '2023-03-27'),
(432, 27, 122, '2016-05-07'),
(38, 85, 123, '2019-03-18'),
(101, 5, 124, '2016-06-30'),
(296, 46, 125, '2018-05-26'),
(67, 120, 126, '2021-12-18'),
(2, 144, 127, '2022-01-19'),
(287, 8, 128, '2016-07-01'),
(537, 107, 129, '2020-05-05'),
(367, 129, 130, '2020-04-01'),
(226, 126, 131, '2020-04-13'),
(163, 87, 132, '2018-07-21'),
(15, 21, 133, '2016-10-10'),
(447, 75, 134, '2019-02-10'),
(577, 55, 135, '2018-05-21'),
(251, 5, 136, '2015-10-03'),
(409, 35, 137, '2016-06-19'),
(177, 125, 138, '2021-04-16'),
(6, 124, 139, '2021-06-16'),
(500, 90, 140, '2018-12-27'),
(26, 137, 141, '2021-11-06'),
(168, 70, 142, '2019-06-04'),
(89, 87, 143, '2019-08-01'),
(1, 2, 144, '2016-01-08'),
(349, 25, 145, '2016-07-10'),
(369, 77, 146, '2019-07-17'),
(282, 30, 147, '2017-08-03'),
(207, 138, 148, '2020-10-18'),
(126, 168, 149, '2023-03-28'),
(94, 108, 150, '2019-12-26'),
(48, 18, 151, '2016-03-04'),
(427, 34, 152, '2017-05-02'),
(209, 68, 153, '2019-01-03'),
(559, 77, 154, '2018-11-23'),
(254, 21, 155, '2016-06-29'),
(465, 43, 156, '2017-02-27'),
(175, 85, 157, '2018-07-14'),
(388, 124, 158, '2020-07-22'),
(143, 155, 159, '2022-03-16'),
(379, 105, 160, '2020-10-21'),
(73, 46, 161, '2018-07-09'),
(514, 33, 162, '2017-02-21'),
(396, 138, 163, '2020-12-25'),
(184, 99, 164, '2020-11-01'),
(532, 146, 165, '2022-02-22'),
(127, 72, 166, '2019-11-24'),
(332, 53, 167, '2018-10-13'),
(28, 73, 168, '2019-04-29'),
(245, 171, 169, '2022-12-24'),
(337, 54, 170, '2017-08-15'),
(181, 165, 171, '2021-12-06'),
(344, 29, 172, '2017-03-18'),
(462, 76, 173, '2019-03-24'),
(539, 35, 174, '2016-05-16'),
(189, 25, 175, '2016-04-18'),
(508, 136, 176, '2020-05-31'),
(292, 168, 177, '2023-11-26'),
(12, 146, 178, '2021-06-24'),
(499, 38, 179, '2016-08-22'),
(196, 105, 180, '2020-07-27'),
(151, 7, 181, '2016-03-28'),
(554, 45, 182, '2017-08-20'),
(340, 49, 183, '2017-09-25'),
(399, 163, 184, '2021-12-21'),
(354, 64, 185, '2018-10-04'),
(119, 15, 186, '2016-02-25'),
(533, 25, 187, '2016-09-16'),
(270, 9, 188, '2016-04-16'),
(401, 141, 189, '2020-05-16'),
(385, 49, 190, '2017-09-22'),
(582, 149, 191, '2022-04-23'),
(406, 76, 192, '2018-09-17'),
(485, 92, 193, '2020-01-29'),
(437, 156, 194, '2022-12-06'),
(172, 40, 195, '2017-04-22'),
(167, 63, 196, '2018-11-02'),
(600, 98, 197, '2020-11-11'),
(263, 43, 198, '2016-04-10'),
(255, 53, 199, '2017-12-14'),
(293, 85, 200, '2019-02-09'),
(493, 53, 201, '2018-06-11'),
(289, 90, 202, '2018-08-17'),
(330, 146, 203, '2022-01-16'),
(25, 92, 204, '2020-03-10'),
(492, 32, 205, '2017-01-10'),
(5, 96, 206, '2019-12-23'),
(103, 110, 207, '2020-08-21'),
(511, 10, 208, '2016-06-29'),
(375, 25, 209, '2016-07-17'),
(268, 26, 210, '2017-05-13'),
(215, 77, 211, '2018-12-11'),
(174, 177, 212, '2022-12-23'),
(353, 156, 213, '2021-06-23'),
(228, 120, 214, '2021-09-05'),
(565, 152, 215, '2021-12-13'),
(18, 172, 216, '2023-02-16'),
(115, 49, 217, '2018-05-11'),
(360, 159, 218, '2021-06-09'),
(45, 25, 219, '2016-03-29'),
(272, 111, 220, '2020-07-25'),
(16, 71, 221, '2019-04-02'),
(180, 5, 222, '2016-10-27'),
(534, 148, 223, '2022-11-24'),
(114, 119, 224, '2021-03-15'),
(131, 61, 225, '2017-11-12'),
(382, 155, 226, '2021-12-15'),
(301, 33, 227, '2017-03-04'),
(192, 167, 228, '2023-08-03'),
(4, 118, 229, '2020-09-18'),
(214, 31, 230, '2016-11-30'),
(390, 144, 231, '2022-08-02'),
(203, 37, 232, '2017-01-27'),
(285, 96, 233, '2020-05-02'),
(589, 167, 234, '2023-11-09'),
(519, 125, 235, '2020-12-19'),
(580, 63, 236, '2018-06-25'),
(456, 169, 237, '2023-12-30'),
(144, 132, 238, '2020-10-01'),
(113, 158, 239, '2021-09-22'),
(230, 8, 240, '2016-05-19'),
(455, 1, 241, '2016-03-30'),
(179, 93, 242, '2020-03-04'),
(522, 111, 243, '2020-01-20'),
(376, 127, 244, '2021-09-17'),
(116, 173, 245, '2023-05-02'),
(317, 105, 246, '2020-04-04'),
(527, 68, 247, '2019-12-24'),
(419, 116, 248, '2020-06-22'),
(57, 146, 249, '2022-08-09'),
(182, 35, 250, '2016-09-24'),
(63, 41, 251, '2016-09-30'),
(377, 74, 252, '2019-12-16'),
(467, 20, 253, '2016-09-30'),
(564, 65, 254, '2017-08-09'),
(584, 37, 255, '2017-12-28'),
(579, 138, 256, '2021-06-13'),
(133, 143, 257, '2021-07-23'),
(372, 139, 258, '2021-09-09'),
(459, 57, 259, '2018-03-14'),
(208, 58, 260, '2017-08-15'),
(549, 100, 261, '2020-04-30'),
(338, 17, 262, '2016-07-06'),
(256, 80, 263, '2019-11-19'),
(91, 93, 264, '2020-05-29'),
(85, 140, 265, '2021-09-19'),
(99, 57, 266, '2018-12-18'),
(229, 128, 267, '2020-07-17'),
(489, 50, 268, '2017-12-30'),
(278, 19, 269, '2016-11-01'),
(414, 4, 270, '2016-04-15'),
(145, 179, 271, '2023-05-17'),
(105, 35, 272, '2017-11-21'),
(11, 160, 273, '2022-05-31'),
(7, 57, 274, '2017-08-04'),
(479, 57, 275, '2018-03-20'),
(334, 174, 276, '2023-09-12'),
(173, 18, 277, '2016-05-12'),
(42, 156, 278, '2021-09-04'),
(529, 63, 279, '2018-05-17'),
(398, 159, 280, '2021-07-11'),
(170, 57, 281, '2018-01-31'),
(87, 101, 282, '2020-08-06'),
(343, 141, 283, '2020-04-17'),
(295, 131, 284, '2021-03-20'),
(440, 10, 285, '2016-12-17'),
(407, 65, 286, '2018-07-07'),
(435, 111, 287, '2020-07-27'),
(490, 81, 288, '2019-08-06'),
(186, 9, 289, '2015-11-14'),
(150, 147, 290, '2021-05-09'),
(123, 71, 291, '2019-09-09'),
(36, 98, 292, '2020-04-27'),
(404, 175, 293, '2023-10-27'),
(325, 46, 294, '2017-11-04'),
(458, 23, 295, '2016-07-08'),
(495, 36, 296, '2017-08-16'),
(311, 44, 297, '2016-07-17'),
(555, 91, 298, '2019-02-07'),
(125, 162, 299, '2022-01-06'),
(165, 66, 300, '2018-08-06'),
(433, 147, 301, '2022-04-14'),
(294, 52, 302, '2018-09-08'),
(411, 29, 303, '2017-06-29'),
(562, 179, 304, '2023-03-03'),
(276, 102, 305, '2020-01-14'),
(284, 140, 306, '2020-08-10'),
(420, 177, 307, '2023-04-11'),
(568, 155, 308, '2021-08-10'),
(470, 38, 309, '2016-11-14'),
(498, 78, 310, '2019-10-05'),
(363, 49, 311, '2017-10-25'),
(88, 65, 312, '2018-10-19'),
(59, 39, 313, '2016-05-31'),
(547, 90, 314, '2019-09-16'),
(597, 51, 315, '2018-08-11'),
(158, 73, 316, '2018-07-19'),
(132, 162, 317, '2022-02-01'),
(528, 16, 318, '2016-01-09'),
(298, 68, 319, '2018-08-12'),
(587, 53, 320, '2017-08-30'),
(501, 78, 321, '2019-07-12'),
(107, 54, 322, '2018-10-02'),
(342, 83, 323, '2018-09-18'),
(451, 28, 324, '2017-03-29'),
(31, 5, 325, '2016-04-09'),
(436, 135, 326, '2021-12-03'),
(429, 115, 327, '2020-04-10'),
(438, 128, 328, '2021-02-23'),
(176, 30, 329, '2017-04-29'),
(100, 53, 330, '2018-08-15'),
(112, 130, 331, '2020-04-23'),
(593, 146, 332, '2022-01-20'),
(320, 16, 333, '2015-12-08'),
(13, 133, 334, '2020-04-13'),
(484, 54, 335, '2018-11-14'),
(78, 32, 336, '2017-08-06'),
(227, 36, 337, '2017-08-27'),
(341, 71, 338, '2019-02-03'),
(279, 24, 339, '2016-06-17'),
(321, 82, 340, '2019-10-01'),
(328, 82, 341, '2019-06-23'),
(551, 106, 342, '2020-05-29'),
(510, 130, 343, '2021-01-18'),
(333, 173, 344, '2022-12-09'),
(348, 156, 345, '2022-04-22'),
(483, 59, 346, '2017-11-24'),
(518, 29, 347, '2017-12-05'),
(550, 133, 348, '2021-12-22'),
(413, 94, 349, '2020-10-10'),
(51, 62, 350, '2017-08-20'),
(596, 26, 351, '2016-03-25'),
(553, 90, 352, '2018-09-03'),
(583, 116, 353, '2020-12-03'),
(152, 82, 354, '2018-10-06'),
(171, 173, 355, '2023-10-05'),
(267, 66, 356, '2018-07-30'),
(93, 67, 357, '2018-03-20'),
(365, 97, 358, '2020-07-11'),
(217, 111, 359, '2020-03-22'),
(446, 91, 360, '2019-01-14'),
(355, 36, 361, '2017-08-12'),
(506, 2, 362, '2016-06-18'),
(265, 147, 363, '2021-11-21'),
(141, 157, 364, '2022-01-30'),
(586, 71, 365, '2019-02-25'),
(386, 136, 366, '2021-09-03'),
(218, 110, 367, '2020-03-09'),
(546, 150, 368, '2021-09-12'),
(297, 40, 369, '2017-12-08'),
(567, 11, 370, '2015-12-09'),
(400, 10, 371, '2016-04-25'),
(221, 113, 372, '2020-05-08'),
(352, 92, 373, '2020-02-12'),
(118, 28, 374, '2017-07-26'),
(239, 56, 375, '2018-06-27'),
(454, 116, 376, '2020-03-01'),
(277, 151, 377, '2021-10-30'),
(572, 146, 378, '2022-11-14'),
(291, 41, 379, '2016-07-25'),
(392, 142, 380, '2020-02-27'),
(512, 75, 381, '2018-08-05'),
(556, 95, 382, '2020-03-05'),
(371, 14, 383, '2016-12-09'),
(524, 165, 384, '2021-08-05'),
(585, 113, 385, '2020-10-09'),
(79, 74, 386, '2019-06-01'),
(561, 61, 387, '2018-10-28'),
(445, 147, 388, '2021-09-06'),
(299, 172, 389, '2023-09-26'),
(316, 44, 390, '2017-08-11'),
(61, 109, 391, '2020-09-30'),
(304, 145, 392, '2022-09-24'),
(74, 163, 393, '2022-10-17'),
(92, 149, 394, '2022-01-15'),
(469, 133, 395, '2021-07-02'),
(225, 100, 396, '2019-12-27'),
(421, 33, 397, '2016-06-12'),
(77, 150, 398, '2022-06-07'),
(139, 174, 399, '2023-12-11'),
(210, 162, 400, '2021-09-17'),
(442, 169, 401, '2023-11-15'),
(185, 145, 402, '2021-08-24'),
(474, 151, 403, '2022-12-22'),
(290, 58, 404, '2018-10-04'),
(517, 16, 405, '2016-06-05'),
(22, 27, 406, '2016-12-21'),
(384, 52, 407, '2018-06-09'),
(578, 147, 408, '2022-04-22'),
(72, 84, 409, '2019-02-16'),
(588, 58, 410, '2017-12-11'),
(315, 142, 411, '2020-10-14'),
(466, 160, 412, '2022-06-18'),
(573, 153, 413, '2022-01-20'),
(250, 60, 414, '2017-09-17'),
(252, 148, 415, '2021-06-12'),
(111, 89, 416, '2019-04-15'),
(68, 35, 417, '2017-08-05'),
(90, 169, 418, '2023-06-05'),
(34, 8, 419, '2016-02-03'),
(161, 108, 420, '2020-01-15'),
(242, 167, 421, '2023-01-22'),
(275, 29, 422, '2017-12-25'),
(149, 107, 423, '2020-01-27'),
(595, 97, 424, '2020-08-08'),
(41, 19, 425, '2016-05-23'),
(269, 4, 426, '2016-07-13'),
(283, 110, 427, '2020-11-15'),
(128, 175, 428, '2023-04-12'),
(136, 32, 429, '2017-07-31'),
(147, 4, 430, '2016-10-05'),
(509, 138, 431, '2021-12-21'),
(233, 170, 432, '2023-09-03'),
(397, 11, 433, '2016-06-17'),
(23, 81, 434, '2018-11-08'),
(246, 125, 435, '2021-09-24'),
(307, 113, 436, '2020-04-26'),
(476, 58, 437, '2018-11-09'),
(331, 81, 438, '2019-08-06'),
(410, 30, 439, '2016-10-28'),
(575, 85, 440, '2019-02-03'),
(243, 63, 441, '2018-03-11'),
(387, 72, 442, '2018-07-30'),
(452, 103, 443, '2020-12-20'),
(211, 116, 444, '2020-07-05'),
(395, 66, 445, '2018-04-12'),
(204, 152, 446, '2021-11-13'),
(329, 176, 447, '2023-03-10'),
(231, 81, 448, '2019-07-12'),
(309, 132, 449, '2021-09-22'),
(164, 90, 450, '2019-10-03'),
(310, 38, 451, '2017-05-14'),
(249, 128, 452, '2021-10-12'),
(326, 10, 453, '2015-11-04'),
(535, 112, 454, '2020-04-21'),
(259, 141, 455, '2021-12-30'),
(197, 56, 456, '2018-01-25'),
(560, 23, 457, '2016-12-11'),
(543, 175, 458, '2023-04-13'),
(405, 66, 459, '2018-08-15'),
(95, 101, 460, '2020-11-22'),
(457, 126, 461, '2021-08-20'),
(54, 83, 462, '2018-09-25'),
(187, 32, 463, '2017-07-20'),
(47, 9, 464, '2016-02-25'),
(241, 35, 465, '2017-08-25'),
(253, 15, 466, '2015-11-05'),
(236, 39, 467, '2016-07-30'),
(366, 177, 468, '2023-12-24'),
(271, 27, 469, '2016-08-01'),
(482, 60, 470, '2018-09-12'),
(224, 124, 471, '2020-04-28'),
(346, 65, 472, '2018-02-03'),
(389, 19, 473, '2016-05-29'),
(381, 53, 474, '2018-08-26'),
(194, 91, 475, '2018-12-02'),
(424, 159, 476, '2022-02-18'),
(281, 163, 477, '2021-11-23'),
(464, 154, 478, '2021-08-26'),
(566, 139, 479, '2020-07-17'),
(335, 138, 480, '2021-03-30'),
(323, 5, 481, '2016-05-07'),
(581, 99, 482, '2019-12-31'),
(415, 93, 483, '2020-11-28'),
(199, 142, 484, '2021-02-24'),
(402, 111, 485, '2020-01-17'),
(463, 52, 486, '2018-12-07'),
(200, 146, 487, '2022-11-09'),
(576, 78, 488, '2018-11-02'),
(523, 122, 489, '2020-04-24'),
(308, 65, 490, '2018-09-16'),
(160, 22, 491, '2016-01-28'),
(303, 56, 492, '2018-02-26'),
(536, 70, 493, '2018-11-19'),
(394, 94, 494, '2020-04-06'),
(49, 127, 495, '2021-04-24'),
(191, 126, 496, '2020-11-06'),
(302, 122, 497, '2021-05-10'),
(30, 96, 498, '2020-08-01'),
(449, 127, 499, '2020-04-01'),
(478, 13, 500, '2016-03-30'),
(46, 13, 501, '2016-08-16'),
(183, 72, 502, '2019-05-10'),
(222, 122, 503, '2020-04-06'),
(350, 52, 504, '2017-09-30'),
(159, 24, 505, '2017-07-22'),
(53, 17, 506, '2015-12-11'),
(591, 152, 507, '2022-05-19'),
(418, 2, 508, '2016-10-09'),
(488, 83, 509, '2019-11-28'),
(124, 47, 510, '2018-04-11'),
(569, 56, 511, '2018-05-03'),
(27, 82, 512, '2018-11-28'),
(154, 155, 513, '2022-03-10'),
(318, 91, 514, '2019-09-19'),
(134, 125, 515, '2020-10-28'),
(393, 131, 516, '2020-05-28'),
(83, 139, 517, '2020-04-01'),
(56, 80, 518, '2019-06-18'),
(223, 86, 519, '2019-10-21'),
(520, 179, 520, '2023-02-11'),
(213, 16, 521, '2016-04-04'),
(33, 57, 522, '2018-09-03'),
(238, 120, 523, '2020-06-16'),
(86, 8, 524, '2016-02-05'),
(137, 107, 525, '2020-04-28'),
(104, 8, 526, '2016-09-17'),
(305, 153, 527, '2021-06-17'),
(306, 138, 528, '2020-04-29'),
(43, 164, 529, '2021-09-25'),
(383, 36, 530, '2017-04-12'),
(156, 152, 531, '2021-10-29'),
(571, 39, 532, '2017-08-02'),
(319, 60, 533, '2018-02-23'),
(169, 158, 534, '2022-08-30'),
(80, 70, 535, '2019-06-28'),
(178, 41, 536, '2016-12-09'),
(443, 92, 537, '2019-12-10'),
(357, 109, 538, '2020-03-13'),
(69, 161, 539, '2022-09-25'),
(312, 90, 540, '2019-10-03'),
(592, 1, 541, '2016-11-19'),
(153, 30, 542, '2016-06-09'),
(431, 89, 543, '2019-07-10'),
(50, 139, 544, '2021-02-14'),
(81, 176, 545, '2023-10-29'),
(507, 23, 546, '2016-02-22'),
(368, 92, 547, '2020-01-10'),
(190, 9, 548, '2016-04-09'),
(108, 102, 549, '2020-06-05'),
(232, 109, 550, '2020-02-07'),
(247, 43, 551, '2016-07-01'),
(64, 111, 552, '2020-11-10'),
(188, 173, 553, '2023-10-23'),
(195, 98, 554, '2020-06-18'),
(96, 113, 555, '2020-11-29'),
(37, 161, 556, '2021-11-09'),
(120, 83, 557, '2018-12-20'),
(558, 59, 558, '2018-01-03'),
(538, 21, 559, '2016-09-17'),
(29, 95, 560, '2020-02-25'),
(58, 84, 561, '2018-07-30'),
(403, 94, 562, '2019-12-09'),
(531, 19, 563, '2016-03-05'),
(526, 109, 564, '2020-08-19'),
(374, 50, 565, '2018-02-26'),
(408, 6, 566, '2016-11-26'),
(40, 30, 567, '2017-01-10'),
(513, 170, 568, '2023-08-26'),
(373, 105, 569, '2020-07-17'),
(21, 38, 570, '2017-01-12'),
(347, 41, 571, '2017-02-07'),
(544, 102, 572, '2020-07-26'),
(491, 36, 573, '2017-03-15'),
(570, 146, 574, '2021-08-08'),
(258, 69, 575, '2019-04-20'),
(117, 101, 576, '2020-05-14'),
(240, 49, 577, '2018-03-28'),
(358, 144, 578, '2021-06-24'),
(471, 67, 579, '2017-11-12'),
(327, 8, 580, '2015-11-06'),
(235, 144, 581, '2021-05-30'),
(260, 4, 582, '2016-09-07'),
(362, 161, 583, '2022-09-03'),
(84, 178, 584, '2023-01-16'),
(590, 1, 585, '2016-02-16'),
(563, 36, 586, '2016-05-23'),
(155, 87, 587, '2018-10-09'),
(434, 174, 588, '2023-12-27'),
(322, 150, 589, '2022-01-26'),
(19, 15, 590, '2016-06-08'),
(109, 12, 591, '2016-10-29'),
(32, 67, 592, '2018-09-12'),
(598, 58, 593, '2018-11-22'),
(248, 129, 594, '2021-07-15'),
(148, 39, 595, '2016-12-03'),
(122, 106, 596, '2020-07-23'),
(487, 103, 597, '2020-05-23'),
(8, 65, 598, '2017-08-30'),
(336, 84, 599, '2019-12-18'),
(525, 16, 600, '2016-04-11'),
(388, 151, 601, '2022-08-21'),
(232, 55, 602, '2018-05-26'),
(237, 64, 603, '2018-02-08'),
(31, 36, 604, '2017-03-22'),
(545, 2, 605, '2016-12-20'),
(231, 59, 606, '2018-04-27'),
(50, 68, 607, '2019-03-11'),
(220, 126, 608, '2020-06-21'),
(572, 103, 609, '2020-11-22'),
(252, 138, 610, '2021-02-14'),
(4, 81, 611, '2019-03-20'),
(294, 91, 612, '2019-01-21'),
(598, 144, 613, '2022-03-30'),
(74, 82, 614, '2019-06-30'),
(131, 126, 615, '2021-01-12'),
(559, 126, 616, '2020-03-04'),
(527, 130, 617, '2021-04-21'),
(226, 64, 618, '2018-08-25'),
(211, 24, 619, '2016-06-29'),
(581, 54, 620, '2018-11-11'),
(155, 53, 621, '2017-12-23'),
(161, 11, 622, '2016-09-07'),
(178, 58, 623, '2018-03-31'),
(7, 106, 624, '2019-12-11'),
(106, 53, 625, '2017-08-20'),
(394, 1, 626, '2016-11-19'),
(451, 74, 627, '2019-09-13'),
(98, 36, 628, '2017-01-14'),
(145, 31, 629, '2016-06-02'),
(548, 121, 630, '2020-04-28'),
(150, 138, 631, '2021-07-16'),
(599, 151, 632, '2021-09-19'),
(314, 101, 633, '2020-05-29'),
(600, 59, 634, '2018-04-29'),
(148, 165, 635, '2021-09-29'),
(400, 161, 636, '2022-05-07'),
(480, 85, 637, '2019-06-13'),
(371, 153, 638, '2021-06-22'),
(292, 133, 639, '2020-10-17'),
(425, 7, 640, '2016-11-24'),
(265, 8, 641, '2016-12-30'),
(573, 130, 642, '2021-07-31'),
(566, 17, 643, '2016-03-10'),
(526, 37, 644, '2017-03-30'),
(65, 61, 645, '2018-06-02'),
(151, 77, 646, '2018-08-29'),
(85, 62, 647, '2017-11-03'),
(403, 18, 648, '2016-01-19'),
(352, 90, 649, '2019-06-27'),
(466, 30, 650, '2016-07-12');

INSERT INTO `festivalPhotos` (`festival_year`, `photo`) VALUES
(2015,75),
(2016,80),
(2017,76),
(2018,78),
(2019,73),
(2020,71),
(2021,74),
(2022,72),
(2023,79),
(2024,77);

COMMIT;
