SET FOREIGN_KEY_CHECKS = 0;


-- fabricate-flush

DELETE FROM `festival_location`;

-- fabricate-flush

DELETE FROM `performance_artistband`;

-- fabricate-flush

DELETE FROM `location`;

-- fabricate-flush

DELETE FROM `entity_image`;

-- fabricate-flush

DELETE FROM `rates`;

-- fabricate-flush

DELETE FROM `evaluation`;

-- fabricate-flush

DELETE FROM `performance`;

-- fabricate-flush

DELETE FROM `event_venue`;

-- fabricate-flush

DELETE FROM `venue`;

-- fabricate-flush

DELETE FROM `visitor_tickets`;

-- fabricate-flush

DELETE FROM `artist_band_genre`;

-- fabricate-flush

DELETE FROM `genre`;

-- fabricate-flush

DELETE FROM `image`;

-- fabricate-flush

DELETE FROM `resale_transactions`;

-- fabricate-flush

DELETE FROM `buyer_queue`;

-- fabricate-flush

DELETE FROM `seller_queue`;

-- fabricate-flush

DELETE FROM `visitor`;

-- fabricate-flush

DELETE FROM `tickets`;

-- fabricate-flush

DELETE FROM `event_staff`;

-- fabricate-flush

DELETE FROM `event`;

-- fabricate-flush

DELETE FROM `festival`;

-- fabricate-flush

DELETE FROM `staff`;

-- fabricate-flush

DELETE FROM `memberof`;

-- fabricate-flush

DELETE FROM `artistband`;

-- fabricate-flush


INSERT INTO `artistband` (`id`, `type`, `name`, `alias`, `birthdate_formation_date`, `website`, `instagram`) VALUES
(1, 'Band', 'Garry Dartan', 'Gary', '2001-04-01', 'https://foxnews.com/animi/quam/corporis/nam/verentur.gpg?praeterea&et&appetendi&et', 'https://www.instagram.com/garryd'),
(2, 'Artist', 'Rosina Nicholl', 'Rosie', '1963-08-13', 'https://walmart.com/longinquitate/levis/in/fugiat.yaml', 'https://www.instagram.com/rosienn'),
(3, 'Artist', 'Brit Arthan', 'Britt', '1959-11-23', 'https://engadget.com/velint/vel/beateque.xls', 'https://www.instagram.com/britart'),
(4, 'Band', 'Tadeo Baskerfield', 'Teddy', '1953-07-20', 'https://lulu.com/philosophi/graeco/quod.wav?sint&epicurei&sunt', 'https://www.instagram.com/tedeoband'),
(5, 'Artist', 'Rianon Spurrier', 'Ria', '2006-05-22', 'https://dailymotion.com/praesenti/nec/voluptatum.ps1xml?vero&molita', 'https://www.instagram.com/riaspurrier'),
(6, 'Band', 'Lindon Ahlf', 'Lindy', '2002-08-23', 'https://wp.com/est/epicuri/ille.psc1?theophrastus&mediocriterne', 'https://www.instagram.com/lindonahlf'),
(7, 'Artist', 'Wendeline Maruszewski', 'Wendy', '1987-12-29', 'https://microsoft.com/chrysippe/concessum/animo.jpeg?civium&et&tamen', 'https://www.instagram.com/wendymar'),
(8, 'Band', 'Ashlan Bansal', 'Ash', '2001-08-06', 'https://instagram.com/esse/docui/cum/voluptate/ut/et.odg?cum', 'https://www.instagram.com/ashband'),
(9, 'Artist', 'Abby Flaherty', 'Abs', '1967-06-21', 'https://vk.com/non/satis/politus/iis/artibus/aliter.pssc?negat', 'https://www.instagram.com/abbyf'),
(10, 'Band', 'Egor Aleksandrev', 'Eddie', '1956-11-10', 'https://shareasale.com/adipiscuntur/praetermittenda/philosophorum.mdf?nostra&et&pariter&dolemus', 'https://www.instagram.com/egorband'),
(11, 'Band', 'Wesley Crolly', 'Wes', '1992-09-20', 'https://mapy.cz/ratione/compositis/tenetur.desktop', 'https://www.instagram.com/wescrolly'),
(12, 'Artist', 'Axel D''orsay', 'Ax', '1999-04-07', 'https://behance.net/sollicitare/possit/dicantur.sql', 'https://www.instagram.com/axeldo'),
(13, 'Band', 'Harmon Madsen', 'Harm', '1953-09-16', 'https://state.tx.us/adhaesiones/atomorum/inter/se/ex/si.bz2?et&carum&esse&iucundum&est', 'https://www.instagram.com/harmonband'),
(14, 'Artist', 'Louie Varvell', 'Lou', '1957-09-02', 'https://tinyurl.com/contenta/vel.json', 'https://www.instagram.com/louievarvell'),
(15, 'Artist', 'Seward Sturmey', 'Sew', '1989-10-27', 'https://slideshare.net/fingitur/diceret.mov?iniuria', 'https://www.instagram.com/sturmey'),
(16, 'Band', 'Jareb Croxall', 'Jare', '1988-05-01', 'https://networksolutions.com/sequimur/ut/sine/an.js?est', 'https://www.instagram.com/jarebband'),
(17, 'Artist', 'Penrod Kennler', 'Penny', '1975-10-07', 'http://discovery.com/aliter/existimant/quos/omnium.aspx?atque&admonitionem', 'https://www.instagram.com/penrodk'),
(18, 'Band', 'Kore Dorot', 'Kory', '1978-02-01', 'https://google.pl/possunt/quod/disserunt/ad.css?bonum&diceret', 'https://www.instagram.com/koredorot'),
(19, 'Artist', 'Martin Delahunt', 'Marty', '1985-06-02', 'https://unblog.fr/praeclarorum/hominum/ac/nunc.jpg?infinitum', 'https://www.instagram.com/martinmusic'),
(20, 'Band', 'My Petican', 'Mimi', '1967-04-09', 'https://who.int/dolorem/referuntur/huic.jsp?est&intercapedo&molestiae', 'https://www.instagram.com/mimipetican'),
(21, 'Artist', 'Georgy Bolletti', 'George', '2004-05-04', 'https://xinhuanet.com/deseruisse/mihi/videor/praesidium/plus.msh2xml?vero&epicurus', 'https://www.instagram.com/georgybolletti'),
(22, 'Band', 'Sheree Krysztofiak', 'Shay', '1965-01-28', 'https://usatoday.com/dolores/omnia.ps1?panaetium&multos', 'https://www.instagram.com/shaykband'),
(23, 'Artist', 'Jacquenette Pearsey', 'Jackie', '1993-02-05', 'https://i2i.jp/finibus/bonorum/rogatiuncula.xhtml?et', 'https://www.instagram.com/jackiep'),
(24, 'Band', 'Loutitia Urvoy', 'Lulu', '1949-01-09', 'https://eepurl.com/prohiberet/epicureum/haeret.tsv?quae&nos&a', 'https://www.instagram.com/luluband'),
(25, 'Artist', 'Sibelle Selbach', 'Sibby', '1958-09-04', 'https://amazon.de/sed/tantum/studium/nec.pfx?amicitiam&propter&nostram', 'https://www.instagram.com/sibelleart'),
(26, 'Band', 'Kalvin Prendergrass', 'Kal', '1973-03-23', 'https://umich.edu/tamen/permagna/accessio/potest/si/rebus.png?sint&opera&studio', 'https://www.instagram.com/kalvinband'),
(27, 'Artist', 'Barnie Moriarty', 'Bar', '1964-02-16', 'http://elpais.com/epicurus/meo.docx?iste&natus&error&sit', 'https://www.instagram.com/barniemusic'),
(28, 'Band', 'Magda Perris', 'Maggie', '1946-03-03', 'https://last.fm/corrumpit/quae/sequitur/sunt/non.bash?nec&dolorem', 'https://www.instagram.com/maggieband'),
(29, 'Artist', 'Aimee Lowne', 'Aim', '1986-10-04', 'https://sakura.ne.jp/liberos/atque/aristippus.cue?neglegit&mortem&de&diis&inmortalibus', 'https://www.instagram.com/aimeelowne'),
(30, 'Band', 'Angelica Goford', 'Angie', '1978-07-18', 'https://ftc.gov/quam/magnum/sit/fictae/saepe.aac?loqueretur', 'https://www.instagram.com/angelicaband'),
(31, 'Artist', 'Mavis Marwick', 'Mae', '1997-04-25', 'http://constantcontact.com/ut/verterunt/nostri/poetae/qui.vcd?possunt&et&si', 'https://www.instagram.com/mavismusic'),
(32, 'Band', 'Dwain Rohlfing', 'Dwaine', '2005-02-22', 'https://yale.edu/de/voluptate/a/meque/miser.odg', 'https://www.instagram.com/dwaineband'),
(33, 'Artist', 'Maje Keighley', 'Maj', '1960-10-06', 'https://cisco.com/bene/sanos/nos.cmd?cum&privamur&dolore', 'https://www.instagram.com/majekeighley'),
(34, 'Band', 'Cornell Pulfer', 'Corny', '1960-02-20', 'https://hao123.com/denique/poterit/aliquid/cognosci/epicurus.bin?ipsa&declinatio&ad', 'https://www.instagram.com/cornellband'),
(35, 'Artist', 'Kerry Boutflour', 'Kez', '1979-01-03', 'https://boston.com/beateque/vivendum/sed/existimo/esse.html', 'https://www.instagram.com/kerryboutflour'),
(36, 'Band', 'Emile Lapham', 'Em', '1945-06-30', 'https://mit.edu/sed/doloris.css?epicurei', 'https://www.instagram.com/emileband'),
(37, 'Band', 'Charis Varden', 'Carrie', '1969-12-16', 'https://comsenz.com/est/tam/ita.priv?consuetudine&facilius&fieri&poterit&et', 'https://www.instagram.com/charisband'),
(38, 'Artist', 'Arch Marques', 'Archie', '1986-01-30', 'https://e-recht24.de/doloribus/eosque/humili/animo/inbecilloque/nostris.img', 'https://www.instagram.com/archmarques'),
(39, 'Artist', 'Shel Crawley', 'Shelly', '1978-07-14', 'https://amazon.co.jp/sapientia/comparaverit/nihil/esse/lucilius.md?quae&expectamus&sic', 'https://www.instagram.com/shelcrawley'),
(40, 'Band', 'Yvor Ginnety', 'Yvie', '2002-06-07', 'https://telegraph.co.uk/vexetur/ob/eumque/errorem/et/incursione.odg', 'https://www.instagram.com/yvorband'),
(41, 'Band', 'Renae Whatmough', 'Nae', '1974-08-25', 'https://kickstarter.com/exeamus/quibus/rebus/intellegitur/rectas.xml?fuisse&utrum', 'https://www.instagram.com/renaeband'),
(42, 'Artist', 'Linnet Kettlewell', 'Linnie', '1982-01-20', 'https://360.cn/fugiendis/ut/rationem/pacem.log?magnos', 'https://www.instagram.com/linnetkettlewell'),
(43, 'Band', 'Geoffrey Kleinberer', 'Geoff', '1946-10-22', 'https://bloglovin.com/tranquillat/involuta.yaml?metuque&vivamus&animumque&et', 'https://www.instagram.com/geoffreyband'),
(44, 'Artist', 'Aridatha Patillo', 'Ari', '1992-12-26', 'https://slideshare.net/fortitudinem/patientiamque/possimus.msh1?corporis&voluptatibus&videtisne&quam&nihil', 'https://www.instagram.com/aridathapatillo'),
(45, 'Artist', 'Tamar St. Paul', 'Tam', '1979-08-22', 'https://dot.gov/scientiam/rerum/aliquo.mdb?nunc&est', 'https://www.instagram.com/tamarstpaul'),
(46, 'Band', 'Carol-jean Fenelow', 'CJ', '1987-12-16', 'http://themeforest.net/fugiendis/ut/quos.aspx?quem&tandem&hoc', 'https://www.instagram.com/carolband'),
(47, 'Band', 'Klement Stait', 'Klem', '1979-07-15', 'http://berkeley.edu/nostris/qui/haec/subtilius/velint/voluptate.desktop?omnis', 'https://www.instagram.com/klementband'),
(48, 'Artist', 'Bertie Staveley', 'Bert', '1981-03-26', 'https://bbb.org/malle/consumere/postremo/aliquos/fecerit.bat?intellegi&potest&quanta', 'https://www.instagram.com/bertieart'),
(49, 'Band', 'Cherilyn Codner', 'Cheri', '1979-09-14', 'https://webnode.com/studio/labore/inquam.xz?&laudem&et', 'https://www.instagram.com/cherilynband'),
(50, 'Artist', 'Noll Drife', 'Nollie', '1951-05-13', 'https://altervista.org/deinde/hoc/quoque/alienum/scribere.ps1?quis&nostrud&exercitation&ullamco&laboris', 'https://www.instagram.com/nollmusic');

-- fabricate-flush


INSERT INTO `artist_band_genre` (`artist_band_id`, `genre_id`) VALUES
('39', '1'),
('17', '20'),
('33', '11'),
('2', '7'),
('28', '10'),
('19', '17'),
('4', '16'),
('45', '15'),
('34', '5'),
('10', '3'),
('21', '14'),
('22', '4'),
('3', '9'),
('40', '6'),
('11', '19'),
('24', '8'),
('5', '13'),
('23', '2'),
('30', '12'),
('16', '18'),
('7', '9'),
('49', '1'),
('25', '7'),
('44', '15'),
('8', '17'),
('12', '13'),
('27', '18'),
('31', '16'),
('9', '12'),
('13', '11'),
('1', '14'),
('14', '6'),
('29', '10'),
('26', '19'),
('38', '5'),
('32', '20'),
('18', '8'),
('47', '4'),
('20', '3'),
('42', '2'),
('6', '16'),
('48', '13'),
('15', '10'),
('43', '19'),
('36', '8'),
('50', '3'),
('35', '18'),
('46', '11'),
('37', '15'),
('41', '20'),
('27', '5'),
('43', '4'),
('17', '12'),
('18', '1'),
('48', '7'),
('12', '2'),
('19', '9'),
('11', '14'),
('24', '17'),
('35', '6'),
('10', '19'),
('42', '5'),
('8', '20'),
('45', '8'),
('40', '4'),
('21', '3'),
('15', '2'),
('47', '9'),
('41', '1'),
('7', '7'),
('20', '15'),
('34', '17'),
('2', '13'),
('13', '18'),
('37', '16'),
('14', '12'),
('16', '11'),
('29', '14'),
('49', '6'),
('4', '10'),
('23', '8'),
('32', '15'),
('3', '1'),
('39', '3'),
('28', '18'),
('30', '20'),
('6', '13'),
('44', '12'),
('31', '19'),
('36', '17'),
('50', '5'),
('9', '16'),
('46', '7'),
('1', '4'),
('33', '2'),
('26', '14'),
('25', '11'),
('5', '10'),
('22', '9'),
('38', '6');


-- fabricate-flush


INSERT INTO `buyer_queue` (`id`, `visitor_id`, `event_id`, `ticket_type`, `request_date`, `status`) VALUES
(1, '24', '7', 'GA', '2025-04-10 10:40:14', 'pending'),
(2, '44', '4', 'VIP', '2024-10-22 07:41:59', 'completed'),
(3, '79', '58', 'BaS', '2025-02-04 05:03:57', 'cancelled'),
(4, '62', '71', 'BaS', '2025-02-02 14:35:45', 'cancelled'),
(5, '27', '1', 'GA', '2024-12-24 14:30:55', 'pending'),
(6, '88', '47', 'VIP', '2024-12-17 12:37:18', 'completed'),
(7, '84', '12', 'GA', '2025-03-14 03:39:13', 'pending'),
(8, '61', '26', 'VIP', '2025-02-12 22:46:52', 'completed'),
(9, '76', '44', 'BaS', '2024-12-04 08:04:09', 'cancelled'),
(10, '12', '43', 'VIP', '2024-05-11 05:52:19', 'completed'),
(11, '32', '38', 'BaS', '2025-03-06 09:59:08', 'cancelled'),
(12, '86', '62', 'GA', '2024-07-24 16:18:14', 'pending'),
(13, '26', '80', 'VIP', '2024-06-20 22:43:29', 'completed'),
(14, '67', '54', 'BaS', '2024-07-01 05:25:07', 'cancelled'),
(15, '94', '6', 'GA', '2024-05-04 14:24:00', 'pending'),
(16, '20', '56', 'BaS', '2024-09-24 05:12:54', 'cancelled'),
(17, '16', '51', 'GA', '2024-12-20 13:03:08', 'pending'),
(18, '15', '22', 'VIP', '2024-10-03 00:45:01', 'completed'),
(19, '77', '28', 'GA', '2024-05-26 02:54:00', 'pending'),
(20, '80', '75', 'VIP', '2024-08-05 14:29:45', 'completed'),
(21, '29', '59', 'BaS', '2024-11-05 18:18:37', 'cancelled'),
(22, '49', '3', 'BaS', '2024-12-26 05:04:23', 'cancelled'),
(23, '40', '25', 'GA', '2024-07-23 04:18:17', 'pending'),
(24, '19', '53', 'VIP', '2024-12-10 00:29:54', 'completed'),
(25, '66', '74', 'GA', '2025-03-05 00:43:13', 'pending'),
(26, '90', '34', 'VIP', '2024-08-15 00:14:59', 'completed'),
(27, '17', '79', 'BaS', '2024-07-10 19:41:08', 'cancelled'),
(28, '60', '65', 'BaS', '2024-05-14 14:02:04', 'cancelled'),
(29, '25', '67', 'GA', '2024-08-25 08:00:48', 'pending'),
(30, '68', '14', 'VIP', '2025-02-24 03:52:18', 'completed'),
(31, '18', '49', 'GA', '2024-07-09 07:43:31', 'pending'),
(32, '74', '50', 'VIP', '2025-01-23 01:49:20', 'completed'),
(33, '5', '55', 'BaS', '2024-08-10 22:39:31', 'cancelled'),
(34, '21', '52', 'VIP', '2024-05-24 12:01:57', 'completed'),
(35, '64', '37', 'BaS', '2024-11-09 04:51:51', 'cancelled'),
(36, '41', '72', 'GA', '2025-04-01 02:40:17', 'pending'),
(37, '30', '32', 'BaS', '2024-12-21 01:41:46', 'cancelled'),
(38, '70', '29', 'GA', '2024-11-18 12:14:49', 'pending'),
(39, '73', '20', 'VIP', '2024-11-25 14:21:02', 'completed'),
(40, '46', '11', 'GA', '2024-11-18 16:28:03', 'pending');


-- fabricate-flush


INSERT INTO `entity_image` (`entity_type`, `entity_id`, `image_id`, `upload_date`, `is_primary`) VALUES
('festival', 1, '12', '2024-05-22', '0'),
('venue', 2, '45', '2025-01-10', '0'),
('artist', 3, '20', '2025-05-04', '0'),
('equipment', 4, '44', '2025-02-14', '0'),
('performance', 5, '15', '2024-12-24', '0'),
('artist', 6, '13', '2025-04-26', '1'),
('equipment', 7, '24', '2024-10-22', '0'),
('performance', 8, '38', '2024-10-26', '0'),
('venue', 9, '21', '2025-03-20', '1'),
('festival', 10, '14', '2025-03-29', '0'),
('equipment', 11, '2', '2024-08-10', '0'),
('performance', 12, '47', '2024-09-06', '1'),
('festival', 13, '48', '2024-06-11', '0'),
('venue', 14, '11', '2024-11-16', '1'),
('artist', 15, '37', '2024-08-18', '0'),
('performance', 16, '28', '2024-09-12', '0'),
('venue', 17, '33', '2024-12-25', '0'),
('festival', 18, '32', '2024-07-01', '1'),
('artist', 19, '31', '2024-11-15', '1'),
('equipment', 20, '7', '2025-05-01', '1'),
('festival', 21, '40', '2024-05-09', '1'),
('artist', 22, '9', '2024-12-10', '1'),
('equipment', 23, '6', '2024-07-27', '0'),
('performance', 24, '8', '2024-12-19', '0'),
('venue', 25, '39', '2025-04-30', '0'),
('artist', 26, '34', '2024-05-23', '0'),
('equipment', 27, '26', '2025-01-10', '1'),
('performance', 28, '46', '2024-06-25', '1'),
('festival', 29, '41', '2024-09-05', '1'),
('venue', 30, '23', '2024-08-06', '1'),
('equipment', 31, '25', '2024-11-17', '0'),
('festival', 32, '5', '2024-10-16', '0'),
('venue', 33, '43', '2025-01-12', '0'),
('performance', 34, '10', '2025-02-11', '0'),
('artist', 35, '3', '2024-11-27', '0'),
('festival', 36, '27', '2024-12-16', '1'),
('venue', 37, '19', '2024-05-28', '1'),
('performance', 38, '16', '2025-03-18', '1'),
('artist', 39, '4', '2024-07-15', '1'),
('equipment', 40, '35', '2024-12-24', '0'),
('equipment', 41, '18', '2024-10-18', '1'),
('venue', 42, '30', '2025-04-30', '0'),
('festival', 43, '42', '2024-07-13', '0'),
('performance', 44, '17', '2025-01-07', '0'),
('artist', 45, '1', '2024-05-31', '0'),
('performance', 46, '22', '2024-12-31', '1'),
('artist', 47, '36', '2025-01-10', '1'),
('equipment', 48, '29', '2025-02-19', '0'),
('festival', 49, '49', '2025-02-24', '0'),
('venue', 50, '50', '2024-07-10', '0'),
('artist', 51, '48', '2025-01-29', '1'),
('equipment', 52, '9', '2024-10-16', '0'),
('performance', 53, '4', '2025-04-10', '1'),
('venue', 54, '28', '2024-11-11', '0'),
('festival', 55, '40', '2024-11-03', '1'),
('equipment', 56, '10', '2024-11-19', '0'),
('performance', 57, '46', '2024-05-05', '1'),
('festival', 58, '34', '2025-04-07', '1'),
('venue', 59, '42', '2024-08-24', '0'),
('artist', 60, '31', '2024-09-05', '1'),
('venue', 61, '49', '2024-11-07', '0'),
('festival', 62, '38', '2024-08-09', '0'),
('performance', 63, '18', '2024-07-12', '1'),
('artist', 64, '6', '2024-11-21', '1'),
('equipment', 65, '19', '2024-06-20', '1'),
('festival', 66, '33', '2024-08-20', '1'),
('venue', 67, '8', '2025-01-07', '0'),
('artist', 68, '50', '2024-07-02', '1'),
('equipment', 69, '7', '2025-02-08', '1'),
('performance', 70, '32', '2025-01-12', '1');


-- fabricate-flush


INSERT INTO `evaluation` (`id`, `artist_performance`, `sound_lighting`, `stage_presence`, `organization`, `overall_impression`) VALUES
(1, '2', '2', '3', '3', '4'),
(2, '4', '1', '2', '3', '4'),
(3, '3', '2', '4', '1', '3'),
(4, '4', '2', '4', '2', '1'),
(5, '2', '4', '4', '3', '2'),
(6, '1', '4', '2', '1', '3'),
(7, '2', '3', '3', '1', '4'),
(8, '4', '1', '1', '4', '1'),
(9, '4', '3', '1', '4', '3'),
(10, '2', '4', '4', '1', '1'),
(11, '2', '3', '2', '1', '3'),
(12, '2', '2', '4', '2', '4'),
(13, '4', '1', '3', '1', '2'),
(14, '3', '2', '1', '3', '4'),
(15, '4', '2', '2', '1', '1'),
(16, '2', '2', '4', '2', '2'),
(17, '2', '2', '2', '1', '1'),
(18, '2', '2', '2', '1', '4'),
(19, '2', '1', '2', '1', '2'),
(20, '4', '3', '3', '1', '3'),
(21, '3', '4', '1', '4', '4'),
(22, '4', '2', '3', '4', '3'),
(23, '2', '3', '2', '4', '3'),
(24, '4', '1', '4', '3', '1'),
(25, '2', '4', '4', '1', '4'),
(26, '2', '1', '1', '1', '1'),
(27, '3', '4', '3', '1', '1'),
(28, '3', '2', '4', '1', '3'),
(29, '3', '4', '4', '4', '4'),
(30, '1', '4', '1', '2', '2'),
(31, '4', '3', '3', '4', '2'),
(32, '1', '1', '3', '1', '2'),
(33, '4', '2', '4', '3', '4'),
(34, '4', '2', '4', '2', '4'),
(35, '4', '3', '1', '4', '4'),
(36, '2', '3', '3', '2', '1'),
(37, '2', '2', '1', '2', '4'),
(38, '3', '1', '1', '2', '3'),
(39, '2', '4', '1', '4', '1'),
(40, '3', '2', '2', '4', '4'),
(41, '2', '2', '2', '1', '2'),
(42, '3', '3', '2', '2', '2'),
(43, '1', '2', '3', '3', '1'),
(44, '4', '4', '2', '4', '2'),
(45, '2', '4', '4', '1', '3'),
(46, '2', '2', '2', '2', '4'),
(47, '4', '1', '3', '1', '3'),
(48, '4', '3', '3', '3', '3'),
(49, '3', '2', '4', '1', '1'),
(50, '1', '4', '4', '2', '2'),
(51, '2', '1', '1', '2', '3'),
(52, '2', '2', '2', '4', '1'),
(53, '3', '3', '3', '4', '2'),
(54, '4', '3', '3', '4', '4'),
(55, '1', '3', '3', '1', '2'),
(56, '4', '3', '4', '3', '1'),
(57, '1', '1', '3', '2', '4'),
(58, '4', '4', '2', '2', '2'),
(59, '4', '2', '3', '2', '4'),
(60, '2', '4', '4', '3', '3'),
(61, '4', '3', '1', '4', '1'),
(62, '1', '4', '3', '1', '2'),
(63, '3', '2', '4', '3', '4'),
(64, '1', '4', '4', '4', '2'),
(65, '3', '2', '3', '3', '2'),
(66, '4', '1', '4', '1', '4'),
(67, '2', '1', '3', '2', '1'),
(68, '2', '4', '3', '1', '1'),
(69, '1', '4', '4', '2', '4'),
(70, '2', '3', '3', '3', '1'),
(71, '3', '3', '3', '2', '4'),
(72, '3', '4', '4', '3', '1'),
(73, '2', '2', '3', '1', '3'),
(74, '3', '3', '2', '3', '2'),
(75, '2', '1', '1', '2', '1'),
(76, '4', '4', '4', '2', '1'),
(77, '3', '4', '2', '1', '3'),
(78, '4', '1', '1', '3', '2'),
(79, '2', '3', '1', '2', '2'),
(80, '3', '2', '1', '4', '1'),
(81, '1', '3', '2', '1', '4'),
(82, '3', '1', '3', '4', '3'),
(83, '1', '1', '4', '2', '1'),
(84, '1', '1', '1', '4', '3'),
(85, '2', '1', '3', '2', '1'),
(86, '3', '2', '3', '4', '1'),
(87, '2', '4', '4', '4', '4'),
(88, '3', '1', '2', '3', '1'),
(89, '3', '3', '4', '2', '3'),
(90, '1', '3', '1', '2', '4');


-- fabricate-flush


INSERT INTO `event` (`id`, `festival_year`, `name`, `event_date`, `start_time`, `end_time`) VALUES
(1, '9', 'Regional Chess Tournament', '2026-09-17', '2026-09-17 12:30:24', '2026-09-17 13:58:29'),
(2, '1', 'Community Clean-Up Drive', '2018-12-20', '2018-12-20 12:35:24', '2018-12-20 13:46:17'),
(3, '7', 'Tech Innovators Conference', '2024-04-20', '2024-04-20 12:43:37', '2024-04-20 13:16:46'),
(4, '4', 'Annual Shareholder Meeting', '2021-04-10', '2021-04-10 12:45:17', '2021-04-10 14:04:00'),
(5, '3', 'Summer Music Festival', '2020-09-18', '2020-09-18 12:54:18', '2020-09-18 13:54:05'),
(6, '6', 'Spring Art Exhibition', '2023-08-25', '2023-08-25 12:58:54', '2023-08-25 13:36:47'),
(7, '8', 'Charity Fun Run', '2025-08-17', '2025-08-17 13:02:11', '2025-08-17 14:22:20'),
(8, '2', 'Global Marketing Summit', '2019-11-07', '2019-11-07 13:05:56', '2019-11-07 13:43:41'),
(9, '5', 'Culinary Experience Night', '2022-02-12', '2022-02-12 13:13:01', '2022-02-12 14:34:31'),
(10, '10', 'Startups Pitch Day', '2027-06-16', '2027-06-16 13:17:05', '2027-06-16 14:34:37'),
(11, '2', 'Tech Innovators Conference', '2019-11-06', '2019-11-06 13:19:28', '2019-11-06 14:25:54'),
(12, '6', 'Culinary Experience Night', '2023-08-26', '2023-08-26 13:20:52', '2023-08-26 14:45:00'),
(13, '5', 'Startups Pitch Day', '2022-02-11', '2022-02-11 13:22:33', '2022-02-11 13:57:34'),
(14, '8', 'Summer Music Festival', '2025-08-18', '2025-08-18 13:27:56', '2025-08-18 14:32:44'),
(15, '10', 'Spring Art Exhibition', '2027-06-17', '2027-06-17 13:30:53', '2027-06-17 14:27:05'),
(16, '9', 'Community Clean-Up Drive', '2026-09-17', '2026-09-17 13:38:33', '2026-09-17 14:39:10'),
(17, '7', 'Global Marketing Summit', '2024-04-20', '2024-04-20 13:43:06', '2024-04-20 14:32:28'),
(18, '3', 'Annual Shareholder Meeting', '2020-09-19', '2020-09-19 13:44:19', '2020-09-19 14:14:54'),
(19, '1', 'Regional Chess Tournament', '2018-12-20', '2018-12-20 13:45:24', '2018-12-20 14:21:58'),
(20, '4', 'Charity Fun Run', '2021-04-09', '2021-04-09 13:49:59', '2021-04-09 15:05:47'),
(21, '3', 'Culinary Experience Night', '2020-09-18', '2020-09-18 13:51:07', '2020-09-18 14:42:18'),
(22, '5', 'Startups Pitch Day', '2022-02-12', '2022-02-12 13:55:36', '2022-02-12 15:10:47'),
(23, '1', 'Regional Chess Tournament', '2018-12-19', '2018-12-19 14:03:03', '2018-12-19 15:26:19'),
(24, '7', 'Community Clean-Up Drive', '2024-04-20', '2024-04-20 14:06:22', '2024-04-20 14:49:17'),
(25, '2', 'Tech Innovators Conference', '2019-11-07', '2019-11-07 14:08:15', '2019-11-07 15:32:58'),
(26, '6', 'Annual Shareholder Meeting', '2023-08-25', '2023-08-25 14:10:26', '2023-08-25 15:30:54'),
(27, '4', 'Summer Music Festival', '2021-04-10', '2021-04-10 14:19:48', '2021-04-10 15:19:30'),
(28, '9', 'Spring Art Exhibition', '2026-09-17', '2026-09-17 14:25:20', '2026-09-17 15:53:34'),
(29, '8', 'Charity Fun Run', '2025-08-18', '2025-08-18 14:32:22', '2025-08-18 15:16:21'),
(30, '10', 'Global Marketing Summit', '2027-06-16', '2027-06-16 14:37:06', '2027-06-16 15:46:22'),
(31, '10', 'Annual Shareholder Meeting', '2027-06-17', '2027-06-17 14:44:37', '2027-06-17 15:53:04'),
(32, '2', 'Summer Music Festival', '2019-11-06', '2019-11-06 14:51:49', '2019-11-06 16:08:02'),
(33, '9', 'Culinary Experience Night', '2026-09-17', '2026-09-17 14:59:33', '2026-09-17 16:00:55'),
(34, '6', 'Startups Pitch Day', '2023-08-26', '2023-08-26 15:03:45', '2023-08-26 15:52:12'),
(35, '1', 'Charity Fun Run', '2018-12-21', '2018-12-21 15:10:05', '2018-12-21 16:33:16'),
(36, '4', 'Community Clean-Up Drive', '2021-04-11', '2021-04-11 15:11:26', '2021-04-11 16:31:27'),
(37, '3', 'Tech Innovators Conference', '2020-09-19', '2020-09-19 15:14:44', '2020-09-19 15:57:10'),
(38, '8', 'Global Marketing Summit', '2025-08-18', '2025-08-18 15:18:23', '2025-08-18 16:30:16'),
(39, '5', 'Spring Art Exhibition', '2022-02-12', '2022-02-12 15:25:13', '2022-02-12 16:18:00'),
(40, '7', 'Regional Chess Tournament', '2024-04-20', '2024-04-20 15:31:42', '2024-04-20 16:36:33'),
(41, '6', 'Annual Shareholder Meeting', '2023-08-27', '2023-08-27 15:34:30', '2023-08-27 16:36:00'),
(42, '7', 'Community Clean-Up Drive', '2024-04-21', '2024-04-21 15:37:41', '2024-04-21 16:29:59'),
(43, '3', 'Tech Innovators Conference', '2020-09-20', '2020-09-20 15:45:13', '2020-09-20 17:12:40'),
(44, '8', 'Culinary Experience Night', '2025-08-19', '2025-08-19 15:46:54', '2025-08-19 16:31:46'),
(45, '2', 'Spring Art Exhibition', '2019-11-08', '2019-11-08 15:54:46', '2019-11-08 16:42:06'),
(46, '9', 'Regional Chess Tournament', '2026-09-18', '2026-09-18 16:00:35', '2026-09-18 16:59:39'),
(47, '5', 'Charity Fun Run', '2022-02-13', '2022-02-13 16:02:02', '2022-02-13 16:50:58'),
(48, '1', 'Summer Music Festival', '2018-12-21', '2018-12-21 16:05:04', '2018-12-21 17:31:13'),
(49, '4', 'Global Marketing Summit', '2021-04-11', '2021-04-11 16:12:32', '2021-04-11 17:09:23'),
(50, '10', 'Startups Pitch Day', '2027-06-17', '2027-06-17 16:14:05', '2027-06-17 17:23:40'),
(51, '10', 'Regional Chess Tournament', '2027-06-18', '2027-06-18 16:21:35', '2027-06-18 17:16:15'),
(52, '6', 'Annual Shareholder Meeting', '2023-08-27', '2023-08-27 16:31:04', '2023-08-27 17:26:00'),
(53, '4', 'Summer Music Festival', '2021-04-12', '2021-04-12 16:37:03', '2021-04-12 17:38:43'),
(54, '3', 'Culinary Experience Night', '2020-09-18', '2020-09-18 16:45:48', '2020-09-18 17:23:56'),
(55, '5', 'Startups Pitch Day', '2022-02-13', '2022-02-13 16:52:23', '2022-02-13 17:31:43'),
(56, '8', 'Charity Fun Run', '2025-08-17', '2025-08-17 16:58:22', '2025-08-17 18:10:38'),
(57, '7', 'Community Clean-Up Drive', '2024-04-19', '2024-04-19 17:07:38', '2024-04-19 18:14:11'),
(58, '2', 'Tech Innovators Conference', '2019-11-08', '2019-11-08 17:16:37', '2019-11-08 17:58:32'),
(59, '9', 'Global Marketing Summit', '2026-09-16', '2026-09-16 17:20:10', '2026-09-16 18:42:24'),
(60, '1', 'Spring Art Exhibition', '2018-12-19', '2018-12-19 17:28:39', '2018-12-19 18:24:35'),
(61, '10', 'Culinary Experience Night', '2027-06-15', '2027-06-15 17:35:01', '2027-06-15 18:19:09'),
(62, '6', 'Annual Shareholder Meeting', '2023-08-28', '2023-08-28 17:41:19', '2023-08-28 18:21:31'),
(63, '7', 'Startups Pitch Day', '2024-04-19', '2024-04-19 17:43:52', '2024-04-19 19:01:26'),
(64, '3', 'Community Clean-Up Drive', '2020-09-17', '2020-09-17 17:47:13', '2020-09-17 19:16:04'),
(65, '8', 'Summer Music Festival', '2025-08-19', '2025-08-19 17:54:01', '2025-08-19 18:36:46'),
(66, '2', 'Tech Innovators Conference', '2019-11-05', '2019-11-05 18:03:51', '2019-11-05 18:42:02'),
(67, '9', 'Spring Art Exhibition', '2026-09-18', '2026-09-18 18:06:28', '2026-09-18 18:48:35'),
(68, '5', 'Charity Fun Run', '2022-02-10', '2022-02-10 18:08:12', '2022-02-10 18:38:25'),
(69, '1', 'Global Marketing Summit', '2018-12-19', '2018-12-19 18:16:18', '2018-12-19 19:26:18'),
(70, '4', 'Regional Chess Tournament', '2021-04-10', '2021-04-10 18:19:03', '2021-04-10 18:59:52'),
(71, '1', 'Culinary Experience Night', '2018-12-20', '2018-12-20 18:21:08', '2018-12-20 19:29:05'),
(72, '8', 'Spring Art Exhibition', '2025-08-16', '2025-08-16 18:27:27', '2025-08-16 19:29:34'),
(73, '10', 'Regional Chess Tournament', '2027-06-15', '2027-06-15 18:30:20', '2027-06-15 19:49:10'),
(74, '2', 'Charity Fun Run', '2019-11-07', '2019-11-07 18:35:25', '2019-11-07 19:17:54'),
(75, '3', 'Summer Music Festival', '2020-09-19', '2020-09-19 18:40:34', '2020-09-19 19:16:51'),
(76, '5', 'Global Marketing Summit', '2022-02-11', '2022-02-11 18:49:04', '2022-02-11 19:52:22'),
(77, '4', 'Startups Pitch Day', '2021-04-09', '2021-04-09 18:54:41', '2021-04-09 20:21:51'),
(78, '9', 'Annual Shareholder Meeting', '2026-09-16', '2026-09-16 18:56:50', '2026-09-16 19:56:10'),
(79, '7', 'Community Clean-Up Drive', '2024-04-19', '2024-04-19 19:03:46', '2024-04-19 19:39:07'),
(80, '6', 'Tech Innovators Conference', '2023-08-24', '2023-08-24 19:13:22', '2023-08-24 20:05:41');


-- fabricate-flush


INSERT INTO `event_staff` (`event_id`, `staff_id`, `assignment_date`, `shift_start`, `shift_end`) VALUES
('31', '24', '2027-06-10', '2027-06-17 14:50:00', '2027-06-17 15:45:00'),
('68', '42', '2022-02-01', '2022-02-10 18:10:00', '2022-02-10 18:35:00'),
('6', '52', '2023-08-20', '2023-08-25 13:05:00', '2023-08-25 13:30:00'),
('42', '15', '2024-04-15', '2024-04-21 15:40:00', '2024-04-21 16:25:00'),
('4', '38', '2021-04-05', '2021-04-10 12:50:00', '2021-04-10 14:00:00'),
('63', '45', '2024-04-10', '2024-04-19 17:50:00', '2024-04-19 18:55:00'),
('62', '8', '2023-08-20', '2023-08-28 17:45:00', '2023-08-28 18:15:00'),
('16', '53', '2026-09-10', '2026-09-17 13:40:00', '2026-09-17 14:35:00'),
('12', '29', '2023-08-20', '2023-08-26 13:25:00', '2023-08-26 14:40:00'),
('35', '12', '2018-12-15', '2018-12-21 15:15:00', '2018-12-21 16:30:00'),
('34', '33', '2023-08-20', '2023-08-26 15:10:00', '2023-08-26 15:50:00'),
('80', '32', '2023-08-20', '2023-08-24 19:15:00', '2023-08-24 20:00:00'),
('28', '10', '2026-09-10', '2026-09-17 14:30:00', '2026-09-17 15:50:00'),
('59', '60', '2026-09-10', '2026-09-16 17:25:00', '2026-09-16 18:40:00'),
('29', '46', '2025-08-10', '2025-08-18 14:35:00', '2025-08-18 15:15:00'),
('77', '4', '2021-04-05', '2021-04-09 18:55:00', '2021-04-09 20:20:00'),
('21', '20', '2020-09-10', '2020-09-18 13:55:00', '2020-09-18 14:40:00'),
('48', '58', '2018-12-15', '2018-12-21 16:10:00', '2018-12-21 17:30:00'),
('27', '36', '2021-04-05', '2021-04-10 14:25:00', '2021-04-10 15:15:00'),
('43', '9', '2020-09-15', '2020-09-20 15:50:00', '2020-09-20 17:10:00'),
('54', '5', '2020-09-10', '2020-09-18 16:50:00', '2020-09-18 17:20:00'),
('50', '18', '2027-06-10', '2027-06-17 16:20:00', '2027-06-17 17:20:00'),
('13', '51', '2022-02-05', '2022-02-11 13:25:00', '2022-02-11 13:55:00'),
('61', '17', '2027-06-10', '2027-06-15 17:40:00', '2027-06-15 18:15:00'),
('40', '28', '2024-04-15', '2024-04-20 15:35:00', '2024-04-20 16:35:00'),
('23', '22', '2018-12-15', '2018-12-19 14:10:00', '2018-12-19 15:25:00'),
('65', '19', '2025-08-10', '2025-08-19 17:55:00', '2025-08-19 18:35:00'),
('60', '31', '2018-12-15', '2018-12-19 17:30:00', '2018-12-19 18:20:00'),
('69', '57', '2018-12-15', '2018-12-19 18:20:00', '2018-12-19 19:25:00'),
('32', '1', '2019-11-01', '2019-11-06 14:55:00', '2019-11-06 16:05:00'),
('79', '13', '2024-04-15', '2024-04-19 19:05:00', '2024-04-19 19:35:00'),
('45', '39', '2019-11-01', '2019-11-08 16:00:00', '2019-11-08 16:40:00'),
('38', '23', '2025-08-10', '2025-08-18 15:20:00', '2025-08-18 16:25:00'),
('11', '25', '2019-11-01', '2019-11-06 13:20:00', '2019-11-06 14:25:00'),
('24', '50', '2024-04-15', '2024-04-20 14:10:00', '2024-04-20 14:45:00'),
('7', '2', '2025-08-10', '2025-08-17 13:05:00', '2025-08-17 14:20:00'),
('53', '59', '2021-04-05', '2021-04-12 16:40:00', '2021-04-12 17:35:00'),
('67', '43', '2026-09-10', '2026-09-18 18:10:00', '2026-09-18 18:45:00'),
('26', '48', '2023-08-20', '2023-08-25 14:15:00', '2023-08-25 15:30:00'),
('70', '7', '2021-04-05', '2021-04-10 18:20:00', '2021-04-10 18:55:00'),
('22', '16', '2022-02-05', '2022-02-12 14:00:00', '2022-02-12 15:10:00'),
('58', '56', '2019-11-01', '2019-11-08 17:20:00', '2019-11-08 17:55:00'),
('5', '6', '2020-09-10', '2020-09-18 12:55:00', '2020-09-18 13:50:00'),
('66', '21', '2019-11-01', '2019-11-05 18:05:00', '2019-11-05 18:40:00'),
('73', '26', '2027-06-10', '2027-06-15 18:35:00', '2027-06-15 19:45:00'),
('1', '44', '2026-09-10', '2026-09-17 12:35:00', '2026-09-17 13:55:00'),
('49', '30', '2021-04-05', '2021-04-11 16:15:00', '2021-04-11 17:05:00'),
('55', '37', '2022-02-05', '2022-02-13 16:55:00', '2022-02-13 17:30:00'),
('8', '3', '2019-11-01', '2019-11-07 13:10:00', '2019-11-07 13:40:00'),
('14', '27', '2025-08-10', '2025-08-18 13:30:00', '2025-08-18 14:30:00'),
('74', '14', '2019-11-01', '2019-11-07 18:40:00', '2019-11-07 19:15:00'),
('18', '41', '2020-09-10', '2020-09-19 13:45:00', '2020-09-19 14:10:00'),
('47', '35', '2022-02-05', '2022-02-13 16:05:00', '2022-02-13 16:50:00'),
('30', '40', '2027-06-10', '2027-06-16 14:40:00', '2027-06-16 15:45:00'),
('25', '47', '2019-11-01', '2019-11-07 14:10:00', '2019-11-07 15:30:00'),
('52', '34', '2023-08-20', '2023-08-27 16:35:00', '2023-08-27 17:25:00'),
('37', '49', '2020-09-10', '2020-09-19 15:15:00', '2020-09-19 15:55:00'),
('15', '54', '2027-06-10', '2027-06-17 13:35:00', '2027-06-17 14:25:00'),
('64', '11', '2020-09-10', '2020-09-17 17:50:00', '2020-09-17 19:15:00'),
('39', '26', '2022-02-05', '2022-02-12 15:30:00', '2022-02-12 16:15:00'),
('46', '43', '2026-09-10', '2026-09-18 16:05:00', '2026-09-18 16:55:00'),
('36', '33', '2021-04-05', '2021-04-11 15:15:00', '2021-04-11 16:30:00'),
('78', '42', '2026-09-10', '2026-09-16 19:00:00', '2026-09-16 19:55:00'),
('76', '8', '2022-02-05', '2022-02-11 18:50:00', '2022-02-11 19:50:00'),
('17', '46', '2024-04-15', '2024-04-20 13:45:00', '2024-04-20 14:30:00'),
('20', '37', '2021-04-05', '2021-04-09 13:50:00', '2021-04-09 15:05:00'),
('9', '5', '2022-02-05', '2022-02-12 13:15:00', '2022-02-12 14:30:00'),
('72', '52', '2025-08-10', '2025-08-16 18:30:00', '2025-08-16 19:25:00'),
('56', '58', '2025-08-10', '2025-08-17 17:00:00', '2025-08-17 18:10:00'),
('33', '53', '2026-09-10', '2026-09-17 15:00:00', '2026-09-17 16:00:00'),
('51', '18', '2027-06-10', '2027-06-18 16:25:00', '2027-06-18 17:15:00'),
('10', '27', '2027-06-10', '2027-06-16 13:20:00', '2027-06-16 14:30:00'),
('2', '10', '2018-12-15', '2018-12-20 12:40:00', '2018-12-20 13:45:00'),
('75', '44', '2020-09-10', '2020-09-19 18:45:00', '2020-09-19 19:15:00'),
('3', '20', '2024-04-15', '2024-04-20 12:45:00', '2024-04-20 13:15:00'),
('44', '34', '2025-08-10', '2025-08-19 15:50:00', '2025-08-19 16:30:00'),
('19', '6', '2018-12-15', '2018-12-20 13:50:00', '2018-12-20 14:20:00'),
('57', '60', '2024-04-15', '2024-04-19 17:10:00', '2024-04-19 18:10:00'),
('71', '45', '2018-12-15', '2018-12-20 18:25:00', '2018-12-20 19:25:00'),
('29', '17', '2025-08-10', '2025-08-18 14:35:00', '2025-08-18 15:15:00'),
('67', '39', '2026-09-10', '2026-09-18 18:10:00', '2026-09-18 18:45:00'),
('23', '2', '2018-12-15', '2018-12-19 14:05:00', '2018-12-19 15:25:00'),
('77', '30', '2021-04-05', '2021-04-09 19:00:00', '2021-04-09 20:20:00'),
('15', '35', '2027-06-10', '2027-06-17 13:35:00', '2027-06-17 14:25:00'),
('14', '25', '2025-08-10', '2025-08-18 13:30:00', '2025-08-18 14:30:00'),
('61', '31', '2027-06-10', '2027-06-15 17:40:00', '2027-06-15 18:15:00'),
('49', '4', '2021-04-05', '2021-04-11 16:15:00', '2021-04-11 17:05:00'),
('41', '55', '2023-08-20', '2023-08-27 15:40:00', '2023-08-27 16:30:00'),
('2', '48', '2018-12-15', '2018-12-20 12:40:00', '2018-12-20 13:45:00'),
('44', '28', '2025-08-10', '2025-08-19 15:50:00', '2025-08-19 16:30:00'),
('43', '14', '2020-09-15', '2020-09-20 15:50:00', '2020-09-20 17:10:00'),
('79', '1', '2024-04-15', '2024-04-19 19:05:00', '2024-04-19 19:35:00'),
('1', '15', '2026-09-10', '2026-09-17 12:35:00', '2026-09-17 13:55:00'),
('72', '56', '2025-08-10', '2025-08-16 18:30:00', '2025-08-16 19:25:00'),
('12', '40', '2023-08-20', '2023-08-26 13:25:00', '2023-08-26 14:40:00'),
('74', '41', '2019-11-01', '2019-11-07 18:40:00', '2019-11-07 19:15:00'),
('8', '23', '2019-11-01', '2019-11-07 13:10:00', '2019-11-07 13:40:00'),
('16', '7', '2026-09-10', '2026-09-17 13:40:00', '2026-09-17 14:35:00'),
('45', '38', '2019-11-01', '2019-11-08 16:00:00', '2019-11-08 16:40:00');


-- fabricate-flush


INSERT INTO `event_venue` (`event_id`, `venue_id`) VALUES
('8', '16'),
('1', '15'),
('9', '2'),
('51', '13'),
('32', '11'),
('19', '3'),
('38', '17'),
('80', '5'),
('7', '22'),
('60', '9'),
('58', '29'),
('79', '26'),
('77', '23'),
('45', '18'),
('55', '6'),
('76', '30'),
('14', '19'),
('10', '4'),
('78', '1'),
('16', '20'),
('50', '24'),
('29', '25'),
('47', '14'),
('35', '27'),
('62', '7'),
('12', '28'),
('57', '10'),
('72', '8'),
('25', '12'),
('48', '21'),
('2', '15'),
('37', '18'),
('18', '27'),
('39', '10'),
('31', '11'),
('30', '16'),
('13', '29'),
('64', '23'),
('43', '24'),
('6', '6'),
('3', '28'),
('65', '30'),
('66', '12'),
('21', '22'),
('23', '2'),
('4', '7'),
('24', '4'),
('54', '21'),
('41', '5'),
('74', '25'),
('5', '19'),
('28', '13'),
('59', '17'),
('52', '9'),
('68', '14'),
('22', '1'),
('26', '26'),
('73', '3'),
('70', '20'),
('20', '8'),
('33', '21'),
('27', '12'),
('75', '14'),
('40', '16'),
('34', '23'),
('69', '28'),
('17', '2'),
('67', '6'),
('15', '15'),
('56', '13'),
('61', '5'),
('42', '9'),
('11', '24'),
('49', '17'),
('46', '27'),
('44', '22'),
('53', '29'),
('36', '19'),
('63', '26'),
('71', '4');


-- fabricate-flush


INSERT INTO `festival` (`year`, `start_date`, `end_date`) VALUES
(1, '2018-12-19', '2018-12-21'),
(2, '2019-11-05', '2019-11-08'),
(3, '2020-09-17', '2020-09-20'),
(4, '2021-04-08', '2021-04-12'),
(5, '2022-02-10', '2022-02-13'),
(6, '2023-08-24', '2023-08-28'),
(7, '2024-04-19', '2024-04-21'),
(8, '2025-08-16', '2025-08-19'),
(9, '2026-09-16', '2026-09-18'),
(10, '2027-06-15', '2027-06-18');


-- fabricate-flush


INSERT INTO `festival_location` (`festival_year`, `location_id`) VALUES
('5', '7'),
('1', '3'),
('7', '8'),
('2', '2'),
('6', '9'),
('4', '5'),
('9', '1'),
('8', '4'),
('10', '10'),
('3', '6');


-- fabricate-flush


INSERT INTO `genre` (`id`, `genre_name`, `parent_genre`) VALUES
(1, 'Funk', 'World'),
(2, 'Electronic', 'Metal'),
(3, 'Disco', 'Soul'),
(4, 'Ska', 'EDM'),
(5, 'Ambient', 'Alternative'),
(6, 'Techno', 'Funk'),
(7, 'Jazz', 'Hip Hop'),
(8, 'Metal', 'R&B'),
(9, 'Pop', 'Pop'),
(10, 'Gospel', 'Gospel'),
(11, 'Blues', 'Folk'),
(12, 'Punk', 'Latin'),
(13, 'Rock', 'Rock'),
(14, 'Country', 'Classical'),
(15, 'Hip-Hop', 'Electronic'),
(16, 'Classical', 'Jazz'),
(17, 'Soul', 'Punk'),
(18, 'Folk', 'Reggae'),
(19, 'R&B', 'Blues'),
(20, 'Reggae', 'Country');


-- fabricate-flush


INSERT INTO `image` (`id`, `url`, `description`, `type`) VALUES
(1, 'https://census.gov/a/latinis/multa.asp?athenis&ut&e', 'Dolore careret, non modo quid nobis probaretur, sed etiam effectrices sunt voluptatum tam amicis quam.', 'poster'),
(2, 'https://freewebs.com/ut/quam.7z?continens&quam&severa', 'Deinde eadem illa constituto veri a falso distinctio traditur.', 'venue'),
(3, 'https://archive.org/tamen/qui/diligenter/haec/quae/haec.gif?tempus', 'Quae manus significet illum in hae esse rogatiuncula delectatum: ''Numquidnam.', 'artist'),
(4, 'https://ifeng.com/ex/futuris/sed/expectat/illa/enim.tsv?hoc&primus', 'Irure dolor in longinquitate levis, in gravitate brevis soleat esse, ut eius.', 'equipment'),
(5, 'https://ask.com/voluptates/vicinum.png?factis&illustribus&et&gloriosis&satis', 'Nunc ab Epicureis. Sed ad rem redeamus; de hominibus dici non necesse est. Tribus igitur modis video esse multos, sed imperitos --, quamquam autem et praeterita.', 'performance'),
(6, 'https://51.la/ut/si/tolerabiles/sint/feramus/patriam.sql?enim&declinare&atomum', 'Deleniti atque corrupti, quos dolores et quas molestias excepturi sint.', 'artist'),
(7, 'https://go.com/futura/modo/quod.sql?ne&graecis&quidem&cedentem', 'Voluptatum adipiscendarum causa aut dolores suscipiantur maiorum dolorum effugiendorum gratia. Sed de clarorum hominum factis illustribus et gloriosis satis hoc loco dictum sit. Erit enim iam de omnium virtutum cursu ad voluptatem proprius disserendi locus. Nunc autem explicabo, voluptas ipsa quae qualisque.', 'equipment'),
(8, 'http://ycombinator.com/amicitia/tamen/ipsi/amici/quorum.xml?legere&malint', 'Est, quid aut ad miseram vitam afferre momenti quam eorum utrumvis, si aeque diu.', 'performance'),
(9, 'https://booking.com/cum/omnino/affectus.htm', 'Et molestiae non recusandae. Itaque earum.', 'venue'),
(10, 'https://comcast.net/non/ergo/epicurus/comprehenderit.cmd?quis&est&qui', 'Molestiae non recusandae. Itaque earum rerum defuturum, quas natura non depravata desiderat. Et quem ad me accedis, saluto: ''chaere,'' inquam, ''Tite!'' lictores, turma omnis chorusque: ''chaere, Tite!'' hinc hostis mi Albucius, hinc inimicus. Sed iure Mucius.', 'poster'),
(11, 'https://bbc.co.uk/neque/tam/docti/tum/erant/laudantium.nrg?cotidie', 'Quisquam stultus non horum morborum aliquo.', 'equipment'),
(12, 'https://soundcloud.com/nihil/homine/videatur/indignius/oblivione.pgp?firme&graviterque&comprehenderit&ut', 'Aegritudinem statim consequi, nisi in voluptatis locum dolor forte successerit, at contra gaudere nosmet omittendis doloribus, etiamsi voluptas ea, quae senserit ille, tibi non.', 'performance'),
(13, 'http://imageshack.us/chaere/inquam/tite/lictores/malum.odg?torquate&oratio&me', 'Notissima est. Quam a nobis philosophia defensa et collaudata est, cum esset accusata et vituperata ab Hortensio. Qui liber cum et mortem contemnit, qua qui est imbutus.', 'poster'),
(14, 'https://wikia.com/voluptates/fugiat/magnam.md?est&laborum&et', 'Consecutionem affert voluptatis, sic in omni munere vitae optimum.', 'venue'),
(15, 'https://dropbox.com/sapientia/comparaverit/nihil/quem.json?quoniam', 'Via captiosa solvantur ambigua distinguantur ostendit; iudicia rerum in sensibus ponit, quibus si semel aliquid falsi pro vero probatum sit, sublatum esse omne iudicium veri et falsi putat. Confirmat autem illud vel maxime, quod ipsa natura incorrupte atque integre.', 'artist'),
(16, 'https://geocities.com/ne/illud/ocurreret.mkv', 'Cuius causa haec finxerat, assecutus est. Nam si omnes atomi declinabunt, nullae umquam cohaerescent.', 'performance'),
(17, 'http://nyu.edu/est/omnis/naturales.toml?impensa&expleantur', 'Nosmet ipsos diligamus, idcirco et hoc ipsum efficitur in amicitia, et amicitia cum voluptate vivatur.', 'venue'),
(18, 'https://yale.edu/ille/diceret/cum/sunt.odf?efficere&non&poterit&ne', 'Quod propositum est, summum bonum esse vult, summumque malum dolorem, idque instituit docere sic: Omne animal, simul atque natum sit, voluptatem appetere eaque gaudere ut summo bono, dolorem aspernari ut summum ex rebus expetendis, quid fugiat ut extremum malorum?', 'poster'),
(19, 'http://alexa.com/sit/amet/hoc.odf?torqueantur&sapientia&est&adhibenda', 'Integre iudicante. Itaque negat opus esse ratione.', 'artist'),
(20, 'https://cbc.ca/tamen/eum/mihi.htm?sequimur', 'Culpa qui officia deserunt mollit anim.', 'equipment'),
(21, 'https://nps.gov/quoniam/detractis/de/an.ppt', 'Tum vero, si stabilem scientiam rerum tenebimus, servata illa, quae quasi saxum Tantalo semper impendet, tum superstitio, qua qui est imbutus quietus esse numquam.', 'poster'),
(22, 'https://privacy.gov.au/tam/ad.bin?quanto&magis&animi&morbis&impediri', 'Quibus contenta sit, et parabilis et terminatas habet; inanium autem.', 'artist'),
(23, 'https://mediafire.com/quas/molestias/possunt.gz', 'Magnum sit fictae veterum fabulae declarant, in quibus hoc primum est in Ceramico Chrysippi sedentis porrecta manu, quae manus significet illum in hae esse rogatiuncula delectatum.', 'equipment'),
(24, 'https://qq.com/defenditur/tamen/eius/modi/et.pub?si', 'Nec mortem nec dolorem timentis, quod mors sensu careat, dolor in reprehenderit in voluptate.', 'performance'),
(25, 'https://freewebs.com/consectetur/adipisci/velit/tantalo.rpm', 'Autem detracta voluptate aegritudinem statim consequi, nisi in voluptatis locum dolor forte successerit, at contra gaudere nosmet omittendis doloribus, etiamsi voluptas ea, quae voluptaria, delicata, mollis habeatur disciplina, quam gravis, quam continens, quam severa sit. Non.', 'venue'),
(26, 'https://tamu.edu/expetenda/fugiendus/dolor/omnis.msi?familiari', 'Cum esset accusata et vituperata ab Hortensio. Qui liber cum et tibi probatus videretur et iis, quos ego posse iudicare arbitrarer, plura suscepi veritus ne movere hominum studia viderer, retinere non posse. Qui autem, si maxime hoc placeat, moderatius tamen id confidet.', 'artist'),
(27, 'https://storify.com/iste/natus/error/sit/voluptatem/earum.mp3?eius&esse&dignitatis&quam&mihi', 'Maxime placeat, facere possimus, omnis voluptas assumenda est, omnis dolor repellendus. Temporibus autem quibusdam.', 'equipment'),
(28, 'https://google.pl/abducat/sin/scripta.bash?semper&impendet&tum&superstitio', 'Laetitiam nobis voluptas animi et corporis voluptatibus, videtisne quam nihil praetermittatur quod vitam adiuvet, quo facilius id, quod quaeritur, sit pulcherrimum. Etenim si delectamur, cum scribimus, quis est.', 'performance'),
(29, 'https://wikimedia.org/detrimenti/est/quam/in/iis/tua.htm?numquam&nocet&cuiquam&sed', 'Quamquam Aristippi est a Cyrenaicisque melius liberiusque defenditur, tamen eius modi tempora incidunt, ut labore et dolore magnam aliquam quaerat voluptatem. Ut enim mortis.', 'poster'),
(30, 'https://yellowbook.com/sit/causa/in.wma?sed&ipsius&honestatis', 'Periculum adiit. -- In oculis quidem exercitus. -- Quid ex eo perciperet.', 'venue'),
(31, 'https://ow.ly/omnia/qui.pem?exercendi&aut&venandi&consuetudine&adamare', 'Quo admirer, cur in gravissimis rebus non delectet eos sermo patrius, cum idem fabellas Latinas ad verbum e Graecis expressas non inviti legant. Quis.', 'equipment'),
(32, 'https://mozilla.org/explicabo/eamque/placeat.cer?sapientia&comparaverit&nihil&esse&maius', 'Ordiamur, prima veniat in medium Epicuri ratio, quae plerisque notissima est. Quam a nobis philosophia defensa et collaudata est, cum id, quod quaeritur, sit pulcherrimum. Etenim si loca, si fana, si urbes, si gymnasia, si campum, si canes, si equos, si ludicra exercendi aut.', 'poster'),
(33, 'https://bbb.org/futuris/sed/expectat/illa/fruitur/non.cer', 'Causa importari putant. Quae autem tanta ex improbis factis ad minuendas vitae molestias accessio potest fieri, quanta ad augendas, cum conscientia factorum, tum poena legum odioque.', 'venue'),
(34, 'https://tinyurl.com/erimus/cum/didicerimus/quid/natura/mei.bz2?ducem&praebeat&ad&voluptatem', 'Quam corporis. Nam corpore nihil nisi praesens et quod quaeritur saepe, cur tam multos legant, quam legendi sunt. Quid enim me prohiberet Epicureum esse, si probarem, quae ille diceret? Cum praesertim illa perdiscere ludus esset. Quam ob rem tandem, inquit, non satisfacit? Te enim.', 'performance'),
(35, 'https://tripadvisor.com/iucunde/laboris.js?quales&eius&maiores&fuissent&et', 'Et rerum gerendarum. Sic e physicis et fortitudo sumitur contra mortis timorem.', 'artist'),
(36, 'https://google.com.au/ratione/nos.mp3?non&tamquam&adversarium&aliquem', 'Fortunae vel ingenii liberalitati magis conveniunt, qua qui affecti sunt in culpa qui officia deserunt.', 'poster'),
(37, 'https://pagesperso-orange.fr/summa/voluptas/quoniam.doc?cruciantur', 'Si omnia dixi hausta e fonte naturae, si tota oratio nostra omnem sibi fidem sensibus confirmat, id est aliqua. Ut enim ad minima veniam, quis nostrum exercitationem ullam corporis suscipit laboriosam, nisi ut aliquid ex ea commodi consequatur? Quis.', 'venue'),
(38, 'https://webeden.co.uk/nam/efficeret.pptx?in&morbos&gravis&tum', 'Id quidem, inquam, arbitratu. Sic faciam igitur, inquit: unam rem explicabo, eamque maximam, de physicis alias, et quidem locis pluribus. Sed quot homines, tot sententiae; falli igitur.', 'performance'),
(39, 'https://ft.com/ne/orationis.msh2xml?est', 'Subtilius velint tradere et negent satis esse, quid bonum sit aut quid iudicat, quo aut petat aut fugiat aliquid, praeter voluptatem et dolorem. Ad haec et quae fugiamus refert omnia. Quod quamquam.', 'artist'),
(40, 'https://ezinearticles.com/voluptas/spe.cfg?autem&si&qui&incurrunt&numquam', 'Sensus, ut ita ruant itaque turbent, ut earum motus et impetus quo pertineant non intellegamus, tu tam egregios viros censes tantas res gessisse sine.', 'equipment'),
(41, 'https://bluehost.com/iucundo/et.msh1xml?quod&tenere&atque&servare', 'Occaecat cupidatat non proident, sunt in culpa qui officia deserunt mollitia animi, id est voluptatem. Homines optimi non intellegunt totam rationem everti.', 'equipment'),
(42, 'https://spotify.com/qua/ante/facere.wma?percipit&aut&quid&iudicat', 'Legemus --, haec, quae de philosophia litteris mandamus, legere assueverit, iudicabit nulla ad legendum his esse potiora. Quid est cur dubitemus.', 'venue'),
(43, 'https://dot.gov/detractis/de/homine/appetendi.desktop', 'Latina scripta dicunt contemnere. In quibus hoc primum est in voluptate. Neque enim disputari sine reprehensione nec cum iracundia aut pertinacia recte disputari potest. Sed ad rem redeamus.', 'poster'),
(44, 'https://vimeo.com/est/quaerendi/ac/errore.css?non&posse&reperiri', 'Fugiendam? Eademque ratione ne temperantiam quidem propter se ipsos diligant. Quod et posse fieri intellegimus et saepe disserui, Latinam linguam non modo singulos homines, sed universas familias evertunt, totam etiam labefactant saepe rem publicam. Ex cupiditatibus odia, discidia, discordiae, seditiones.', 'performance'),
(45, 'https://flavors.me/cognoscerem/quoniam/mihi/scribere.pssc?sanciret&militaris', 'Voluptatem. Sapientia enim est una, quae maestitiam pellat ex animis, quae nos a libidinum.', 'artist'),
(46, 'http://gmpg.org/sol/democrito/magnus/nec.cmd?vias', 'Latine? Quid? Si nos non interpretum fungimur munere, sed tuemur ea.', 'performance'),
(47, 'https://army.mil/sed/ista/sequimur/iucunda.pptx?autem', 'His rebus peccant, cum e quibus haec efficiantur ignorant. Animi autem voluptates et dolores nasci fatemur e corporis voluptatibus et doloribus -- itaque concedo, quod modo dicebas, cadere causa, si qui e nostris.', 'artist'),
(48, 'https://hubpages.com/definitiones/nihil/de/est.lnk?a&populo', 'Et semper sollicitant turbulentaeque sunt, sic inprobitas si cuius in animo versatur, numquam sinit eum respirare, numquam adquiescere. Quodsi ne ipsarum quidem virtutum laus, in qua maxime ceterorum philosophorum exultat.', 'equipment'),
(49, 'https://cdc.gov/exitum/potest/nisi/derigatur/ne.desktop?ponatur&sed&sine', 'Seditiones, bella nascuntur, nec eae se foris solum.', 'poster'),
(50, 'https://cnbc.com/nulli/satis/sit.flac?vi&sua&atque&natura&quod', 'Vitae degendae et rerum gerendarum. Sic e physicis et fortitudo sumitur contra mortis timorem et constantia contra metum religionis et sedatio animi omnium rerum occultarum ignoratione.', 'venue');


-- fabricate-flush


INSERT INTO `location` (`id`, `address`, `geo_coordinates`, `city`, `country`, `continent`) VALUES
(1, '14431 Westmont Place', '-92.1748958435164989398887233, -899.0094810253412606754176867477302389323016699353721301', 'Loretto', 'United States', 'Europe'),
(2, '7157 Chancey Way', '69.2511917004632252317322949315319689537320209394976453669132739145504030309392930861, -812.77330567', 'Pompano Beach', 'United States', 'Australia'),
(3, '1491 Raccoon Road', '-3.162, -30.7527887514178620731744483320293643532838745537795096934104280206349621566302190261813765', 'Memphis', 'United States', 'Asia'),
(4, '14907 Sipsey Street', '-50.91329474416358623493809896977220097868585776274304823916423650333405319641500, 615.2600937825787', 'Temple', 'United States', 'Europe'),
(5, '2751 Tanglewood Place', '-598.70738734513657617088766983273292496752052396000703588276442741051, 2.40826225177063627994800263', 'Bowie', 'United States', 'South America'),
(6, '10765 Holovak Terrace', '3.294065578014702799315852498180017228886, -36.593137', 'Detroit', 'United States', 'North America'),
(7, '3264 Gennesse Lane', '1.7303719960926186130011151144125170727, 85.75065224295887904871212883503582277617', 'Lake Worth', 'United States', 'Europe'),
(8, '11284 Alwyne Avenue', '4.65658545388736080935488601402257, 56.7151202985590736136577466832781634248405462977101700798054913', 'Richmond', 'United States', 'Africa'),
(9, '9434 Kane Place', '003.173534013252856179203281887437070365822140076481548814311901706955170819156604850863052218262, 0', 'Toledo', 'United States', 'Asia'),
(10, '3085 Hiles Place', '1.1013272937999796768041778462050081326913369095, 37.8747189083616256677465085225398971849308594', 'Oklahoma City', 'United States', 'South America');


-- fabricate-flush


INSERT INTO `memberof` (`artist_id`, `band_id`, `join_date`, `leave_date`, `role`) VALUES
('2', '1', '2020-10-31', NULL, 'Contributor'),  -- Rosina Nicholl with Garry Dartan
('3', '4', '2021-10-20', NULL, 'Member'),       -- Brit Arthan with Tadeo Baskerfield
('14', '6', '2022-09-26', NULL, 'Admin'),       -- Louie Varvell with Lindon Ahlf
('42', '8', '2023-03-09', NULL, 'Guest'),       -- Linnet Kettlewell with Ashlan Bansal
('48', '10', '2020-04-26', NULL, 'Owner'),      -- Bertie Staveley with Egor Aleksandrev
('15', '11', '2020-06-21', NULL, 'Editor'),     -- Seward Sturmey with Wesley Crolly
('9', '16', '2022-03-11', NULL, 'Member'),      -- Abby Flaherty with Jareb Croxall
('29', '18', '2020-08-24', NULL, 'Subscriber'), -- Aimee Lowne with Kore Dorot
('5', '20', '2021-07-24', NULL, 'Moderator'),   -- Rianon Spurrier with My Petican
('12', '22', '2020-02-06', NULL, 'Contributor'),-- Axel D'orsay with Sheree Krysztofiak
('35', '24', '2019-05-07', NULL, 'Viewer'),     -- Kerry Boutflour with Loutitia Urvoy
('23', '26', '2022-07-12', NULL, 'Admin'),      -- Jacquenette Pearsey with Kalvin Prendergrass
('39', '28', '2019-09-05', NULL, 'Guest'),      -- Shel Crawley with Magda Perris
('45', '30', '2020-12-12', NULL, 'Member'),     -- Tamar St. Paul with Angelica Goford
('27', '32', '2021-09-09', NULL, 'Contributor'),-- Barnie Moriarty with Dwain Rohlfing
('19', '34', '2019-04-21', NULL, 'Viewer'),     -- Martin Delahunt with Cornell Pulfer
('44', '36', '2018-08-01', NULL, 'Owner'),      -- Aridatha Patillo with Emile Lapham
('38', '37', '2017-10-03', '2020-02-25', 'Guest'),     -- Arch Marques with Charis Varden
('21', '40', '2021-05-09', NULL, 'Editor'),     -- Georgy Bolletti with Yvor Ginnety
('31', '41', '2022-08-10', NULL, 'Guest'),      -- Mavis Marwick with Renae Whatmough
('33', '43', '2021-02-08', NULL, 'Owner'),      -- Maje Keighley with Geoffrey Kleinberer
('50', '46', '2020-01-19', NULL, 'Member'),     -- Noll Drife with Carol-jean Fenelow
('25', '47', '2020-08-11', NULL, 'Viewer'),     -- Sibelle Selbach with Klement Stait
('17', '49', '2023-04-06', NULL, 'Contributor'),-- Penrod Kennler with Cherilyn Codner
('7', '8', '2018-02-17', NULL, 'Admin'),        -- Wendeline Maruszewski with Ashlan Bansal
('15', '13', '2018-01-05', NULL, 'Viewer'),     -- Seward Sturmey with Harmon Madsen
('14', '28', '2016-08-01', '2019-01-30', 'Moderator'), -- Louie Varvell with Magda Perris
('29', '30', '2016-06-18', '2019-03-28', 'Editor'),    -- Aimee Lowne with Angelica Goford
('31', '32', '2017-07-25', '2019-09-01', 'Moderator'), -- Mavis Marwick with Dwain Rohlfing
('33', '34', '2016-08-27', '2019-10-23', 'Subscriber'),-- Maje Keighley with Cornell Pulfer
('35', '36', '2016-08-12', '2020-01-26', 'Member'),    -- Kerry Boutflour with Emile Lapham
('39', '40', '2019-01-22', '2020-05-11', 'Editor'),    -- Shel Crawley with Yvor Ginnety
('42', '41', '2017-06-26', '2020-06-03', 'Owner'),     -- Linnet Kettlewell with Renae Whatmough
('44', '43', '2018-03-16', '2020-06-17', 'Owner'),     -- Aridatha Patillo with Geoffrey Kleinberer
('45', '46', '2018-08-24', '2020-09-18', 'Subscriber'),-- Tamar St. Paul with Carol-jean Fenelow
('48', '47', '2017-08-19', '2020-09-22', 'Admin'),     -- Bertie Staveley with Klement Stait
('50', '49', '2019-05-06', '2020-12-31', 'Manager'),   -- Noll Drife with Cherilyn Codner
('3', '8', '2018-07-22', '2021-03-19', 'Subscriber'),  -- Brit Arthan with Ashlan Bansal
('5', '4', '2018-06-01', '2021-05-09', 'Manager'),     -- Rianon Spurrier with Tadeo Baskerfield
('7', '6', '2020-07-03', '2021-08-31', 'Viewer'),      -- Wendeline Maruszewski with Lindon Ahlf
('9', '13', '2020-04-20', '2021-09-12', 'Contributor'),-- Abby Flaherty with Harmon Madsen
('12', '16', '2019-02-16', '2021-11-11', 'Contributor'),-- Axel D'orsay with Jareb Croxall
('14', '18', '2017-10-24', '2022-03-07', 'Guest'),     -- Louie Varvell with Kore Dorot
('15', '20', '2019-01-03', '2022-05-04', 'Guest'),     -- Seward Sturmey with My Petican
('17', '22', '2016-10-11', '2022-05-09', 'Moderator'), -- Penrod Kennler with Sheree Krysztofiak
('19', '24', '2018-12-03', '2022-07-16', 'Owner'),     -- Martin Delahunt with Loutitia Urvoy
('21', '26', '2018-02-10', '2022-10-30', 'Manager'),   -- Georgy Bolletti with Kalvin Prendergrass
('23', '28', '2018-02-13', '2022-11-15', 'Manager'),   -- Jacquenette Pearsey with Magda Perris
('25', '30', '2018-09-21', '2023-03-28', 'Manager'),   -- Sibelle Selbach with Angelica Goford
('29', '34', '2022-01-08', '2023-05-30', 'Editor'),    -- Aimee Lowne with Cornell Pulfer
('31', '36', '2018-09-24', '2023-09-15', 'Member'),    -- Mavis Marwick with Emile Lapham
('33', '37', '2018-03-29', '2023-10-24', 'Owner'),     -- Maje Keighley with Charis Varden
('35', '40', '2017-09-28', '2024-02-11', 'Admin'),     -- Kerry Boutflour with Yvor Ginnety
('38', '41', '2019-02-22', '2024-02-16', 'Admin'),     -- Arch Marques with Renae Whatmough
('39', '43', '2018-02-05', '2024-02-27', 'Viewer'),    -- Shel Crawley with Geoffrey Kleinberer
('42', '46', '2016-05-31', '2024-03-11', 'Moderator'), -- Linnet Kettlewell with Carol-jean Fenelow
('44', '47', '2020-12-09', '2024-03-13', 'Manager'),   -- Aridatha Patillo with Klement Stait
('45', '49', '2018-11-20', '2024-04-10', 'Guest'),     -- Tamar St. Paul with Cherilyn Codner
('48', '1', '2022-05-01', '2024-05-26', 'Subscriber'), -- Bertie Staveley with Garry Dartan
('50', '4', '2020-11-05', '2024-07-09', 'Admin'),      -- Noll Drife with Tadeo Baskerfield
('2', '6', '2018-10-18', '2024-07-09', 'Manager'),     -- Rosina Nicholl with Lindon Ahlf
('3', '10', '2020-10-24', '2024-07-23', 'Editor'),     -- Brit Arthan with Egor Aleksandrev
('5', '11', '2017-12-13', '2024-10-14', 'Guest'),      -- Rianon Spurrier with Wesley Crolly
('7', '13', '2020-06-27', '2024-11-22', 'Subscriber'), -- Wendeline Maruszewski with Harmon Madsen
('12', '18', '2019-06-15', '2025-04-22', 'Owner');     -- Axel D'orsay with Kore Dorot


-- fabricate-flush


INSERT INTO `performance` (`id`, `event_id`, `venue_id`, `performance_type`, `start_time`, `duration`, `sequence_number`, `break_duration`) VALUES
(1, '35', '25', 'warm up', '2018-12-21 15:15:00', '00:12:00', '1', '00:05:00'),
(2, '56', '10', 'headline', '2025-08-17 17:05:00', '00:40:00', '2', '00:05:00'),
(3, '13', '6', 'other', '2022-02-11 13:25:00', '00:30:00', '3', '00:05:00'),
(4, '16', '12', 'Special guest', '2026-09-17 13:45:00', '00:30:00', '4', '00:05:00'),
(5, '76', '19', 'headline', '2022-02-11 19:00:00', '00:29:00', '5', '00:05:00'),
(6, '45', '9', 'Special guest', '2019-11-08 16:00:00', '00:35:00', '6', '00:05:00'),
(7, '5', '2', 'warm up', '2020-09-18 13:00:00', '00:30:00', '7', '00:05:00'),
(8, '72', '2', 'other', '2025-08-16 18:35:00', '00:10:00', '8', '00:05:00'),
(9, '40', '10', 'headline', '2024-04-20 15:40:00', '00:30:00', '9', '00:05:00'),
(10, '58', '16', 'Special guest', '2019-11-08 17:25:00', '00:23:00', '10', '00:05:00'),
(11, '9', '21', 'warm up', '2022-02-12 13:20:00', '00:30:00', '11', '00:05:00'),
(12, '4', '15', 'other', '2021-04-10 12:50:00', '00:35:00', '12', '00:05:00'),
(13, '62', '27', 'warm up', '2023-08-28 17:45:00', '00:30:00', '13', '00:05:00'),
(14, '73', '21', 'Special guest', '2027-06-15 18:40:00', '00:13:00', '14', '00:05:00'),
(15, '11', '26', 'headline', '2019-11-06 13:30:00', '00:19:00', '15', '00:10:00'),
(16, '26', '3', 'other', '2023-08-25 14:15:00', '00:31:00', '16', '00:05:00'),
(17, '25', '4', 'warm up', '2019-11-07 14:15:00', '00:30:00', '17', '00:05:00'),
(18, '44', '8', 'Special guest', '2025-08-19 15:55:00', '00:30:00', '18', '00:05:00'),
(19, '32', '22', 'headline', '2019-11-06 15:00:00', '00:30:00', '19', '00:05:00'),
(20, '53', '23', 'other', '2021-04-12 16:40:00', '00:30:00', '20', '00:05:00'),
(21, '18', '5', 'headline', '2020-09-19 13:45:00', '00:25:00', '21', '00:05:00'),
(22, '23', '16', 'other', '2018-12-19 14:10:00', '00:20:00', '22', '00:05:00'),
(23, '1', '14', 'Special guest', '2026-09-17 12:40:00', '00:30:00', '23', '00:05:00'),
(24, '6', '28', 'warm up', '2023-08-25 13:00:00', '00:30:00', '24', '00:05:00'),
(25, '61', '15', 'Special guest', '2027-06-15 17:40:00', '00:35:00', '25', '00:05:00'),
(26, '8', '29', 'headline', '2019-11-07 13:10:00', '00:30:00', '26', '00:05:00'),
(27, '22', '26', 'other', '2022-02-12 14:00:00', '00:35:00', '27', '00:05:00'),
(28, '3', '18', 'warm up', '2024-04-20 12:45:00', '00:10:00', '28', '00:05:00'),
(29, '68', '17', 'other', '2022-02-10 18:10:00', '00:25:00', '29', '00:05:00'),
(30, '77', '22', 'headline', '2021-04-09 19:00:00', '00:29:00', '30', '00:05:00'),
(31, '52', '7', 'Special guest', '2023-08-27 16:35:00', '00:30:00', '31', '00:05:00'),
(32, '69', '9', 'warm up', '2018-12-19 18:20:00', '00:30:00', '32', '00:05:00'),
(33, '21', '2', 'warm up', '2020-09-18 13:55:00', '00:24:00', '33', '00:05:00'),
(34, '15', '20', 'headline', '2027-06-17 13:35:00', '00:40:00', '34', '00:05:00'),
(35, '24', '11', 'other', '2024-04-20 14:10:00', '00:30:00', '35', '00:05:00'),
(36, '12', '24', 'Special guest', '2023-08-26 13:30:00', '00:35:00', '36', '00:05:00'),
(37, '28', '13', 'headline', '2026-09-17 14:35:00', '00:35:00', '37', '00:05:00'),
(38, '7', '16', 'other', '2025-08-17 13:15:00', '00:30:00', '38', '00:05:00'),
(39, '36', '17', 'warm up', '2021-04-11 15:15:00', '00:30:00', '39', '00:05:00'),
(40, '42', '29', 'Special guest', '2024-04-21 15:40:00', '00:29:00', '40', '00:05:00'),
(41, '70', '9', 'warm up', '2021-04-10 18:20:00', '00:30:00', '41', '00:05:00'),
(42, '2', '26', 'Special guest', '2018-12-20 12:45:00', '00:08:00', '42', '00:05:00'),
(43, '41', '27', 'other', '2023-08-27 15:40:00', '00:19:00', '43', '00:05:00'),
(44, '66', '7', 'headline', '2019-11-05 18:05:00', '00:30:00', '44', '00:05:00'),
(45, '19', '5', 'other', '2018-12-20 13:50:00', '00:30:00', '45', '00:05:00'),
(46, '67', '19', 'headline', '2026-09-18 18:10:00', '00:35:00', '46', '00:05:00'),
(47, '60', '11', 'Special guest', '2018-12-19 17:35:00', '00:04:00', '47', '00:05:00'),
(48, '34', '23', 'warm up', '2023-08-26 15:10:00', '00:35:00', '48', '00:05:00'),
(49, '43', '6', 'warm up', '2020-09-20 15:50:00', '00:35:00', '49', '00:05:00'),
(50, '27', '8', 'headline', '2021-04-10 14:25:00', '00:35:00', '50', '00:05:00'),
(51, '51', '24', 'other', '2027-06-18 16:25:00', '00:35:00', '51', '00:05:00'),
(52, '80', '12', 'Special guest', '2023-08-24 19:15:00', '00:30:00', '52', '00:05:00'),
(53, '57', '4', 'warm up', '2024-04-19 17:10:00', '00:09:00', '53', '00:05:00'),
(54, '64', '28', 'headline', '2020-09-17 18:00:00', '00:30:00', '54', '00:05:00'),
(55, '65', '14', 'other', '2025-08-19 17:55:00', '00:35:00', '55', '00:05:00'),
(56, '50', '5', 'Special guest', '2027-06-17 16:20:00', '00:30:00', '56', '00:05:00'),
(57, '55', '4', 'warm up', '2022-02-13 16:55:00', '00:30:00', '57', '00:05:00'),
(58, '31', '1', 'other', '2027-06-17 14:50:00', '00:35:00', '58', '00:05:00'),
(59, '10', '18', 'headline', '2027-06-16 13:25:00', '00:45:00', '59', '00:05:00'),
(60, '79', '27', 'Special guest', '2024-04-19 19:05:00', '00:30:00', '60', '00:05:00'),
(61, '49', '1', 'warm up', '2021-04-11 16:15:00', '00:30:00', '61', '00:05:00'),
(62, '17', '19', 'headline', '2024-04-20 13:45:00', '00:35:00', '62', '00:05:00'),
(63, '20', '15', 'other', '2021-04-09 13:55:00', '00:35:00', '63', '00:05:00'),
(64, '75', '6', 'Special guest', '2020-09-19 18:45:00', '00:17:00', '64', '00:05:00'),
(65, '47', '30', 'warm up', '2022-02-13 16:05:00', '00:25:00', '65', '00:05:00'),
(66, '48', '17', 'other', '2018-12-21 16:10:00', '00:35:00', '66', '00:05:00'),
(67, '30', '30', 'headline', '2027-06-16 14:45:00', '00:35:00', '67', '00:05:00'),
(68, '14', '28', 'Special guest', '2025-08-18 13:35:00', '00:35:00', '68', '00:05:00'),
(69, '29', '21', 'headline', '2025-08-18 14:35:00', '00:35:00', '69', '00:05:00'),
(70, '46', '13', 'other', '2026-09-18 16:10:00', '00:35:00', '70', '00:05:00'),
(71, '39', '25', 'warm up', '2022-02-12 15:30:00', '00:25:00', '71', '00:05:00'),
(72, '71', '24', 'Special guest', '2018-12-20 18:25:00', '00:35:00', '72', '00:05:00'),
(73, '33', '12', 'warm up', '2026-09-17 15:00:00', '00:35:00', '73', '00:05:00'),
(74, '74', '14', 'Special guest', '2019-11-07 18:40:00', '00:35:00', '74', '00:05:00'),
(75, '78', '13', 'headline', '2026-09-16 19:00:00', '00:35:00', '75', '00:05:00'),
(76, '63', '23', 'other', '2024-04-19 17:50:00', '00:35:00', '76', '00:05:00'),
(77, '54', '22', 'Special guest', '2020-09-18 16:50:00', '00:30:00', '77', '00:05:00'),
(78, '38', '29', 'headline', '2025-08-18 15:25:00', '00:40:00', '78', '00:05:00'),
(79, '37', '20', 'other', '2020-09-19 15:20:00', '00:03:00', '79', '00:05:00'),
(80, '59', '3', 'warm up', '2026-09-16 17:25:00', '00:30:00', '80', '00:05:00'),
(81, '61', '25', 'other', '2027-06-15 17:45:00', '00:30:00', '81', '00:05:00'),
(82, '40', '22', 'warm up', '2024-04-20 15:45:00', '00:30:00', '82', '00:05:00'),
(83, '39', '26', 'Special guest', '2022-02-12 15:35:00', '00:30:00', '83', '00:05:00'),
(84, '72', '26', 'headline', '2025-08-16 18:50:00', '00:30:00', '84', '00:05:00'),
(85, '35', '29', 'warm up', '2018-12-21 15:35:00', '00:30:00', '85', '00:05:00'),
(86, '33', '2', 'headline', '2026-09-17 15:20:00', '00:30:00', '86', '00:05:00'),
(87, '50', '3', 'other', '2027-06-17 16:35:00', '00:30:00', '87', '00:05:00'),
(88, '24', '27', 'Special guest', '2024-04-20 14:20:00', '00:25:00', '88', '00:05:00'),
(89, '68', '30', 'other', '2022-02-10 18:20:00', '00:15:00', '89', '00:10:00'),
(90, '16', '26', 'warm up', '2026-09-17 13:45:00', '00:30:00', '90', '00:05:00'),
(91, '12', '18', 'Special guest', '2023-08-26 14:00:00', '00:35:00', '91', '00:05:00'),
(92, '15', '21', 'headline', '2027-06-17 13:45:00', '00:30:00', '92', '00:05:00'),
(93, '65', '28', 'warm up', '2025-08-19 18:00:00', '00:30:00', '93', '00:05:00'),
(94, '78', '6', 'other', '2026-09-16 19:20:00', '00:30:00', '94', '00:05:00'),
(95, '54', '1', 'headline', '2020-09-18 17:00:00', '00:20:00', '95', '00:10:00'),
(96, '3', '16', 'Special guest', '2024-04-20 12:55:00', '00:20:00', '96', '00:10:00'),
(97, '75', '12', 'warm up', '2020-09-19 18:50:00', '00:20:00', '97', '00:05:00'),
(98, '52', '10', 'Special guest', '2023-08-27 16:45:00', '00:35:00', '98', '00:10:00'),
(99, '20', '23', 'headline', '2021-04-09 14:15:00', '00:35:00', '99', '00:10:00'),
(100, '66', '5', 'other', '2019-11-05 18:10:00', '00:25:00', '100', '00:10:00');


-- fabricate-flush


INSERT INTO `performance_artistband` (`performance_id`, `artist_band_id`) VALUES
('96', '30'),
('64', '6'),
('32', '1'),
('18', '24'),
('97', '19'),
('73', '34'),
('44', '49'),
('50', '4'),
('39', '26'),
('54', '9'),
('30', '25'),
('58', '47'),
('11', '17'),
('84', '41'),
('57', '36'),
('28', '10'),
('79', '32'),
('16', '27'),
('80', '40'),
('36', '37'),
('41', '16'),
('38', '38'),
('1', '42'),
('19', '22'),
('92', '7'),
('9', '44'),
('98', '50'),
('93', '21'),
('61', '18'),
('31', '43'),
('56', '39'),
('69', '33'),
('78', '3'),
('91', '31'),
('70', '23'),
('95', '48'),
('94', '35'),
('60', '20'),
('72', '15'),
('46', '46'),
('59', '29'),
('66', '11'),
('21', '28'),
('51', '5'),
('27', '14'),
('85', '8'),
('62', '2'),
('26', '12'),
('29', '45'),
('99', '40'),
('23', '26'),
('83', '25'),
('76', '27'),
('82', '17'),
('45', '24'),
('77', '29'),
('40', '8'),
('22', '49'),
('8', '23'),
('74', '38'),
('3', '32'),
('42', '46'),
('63', '6'),
('81', '19'),
('33', '16'),
('35', '50'),
('20', '7'),
('2', '21'),
('75', '12'),
('87', '42'),
('12', '33'),
('25', '35'),
('65', '43'),
('17', '9'),
('100', '1'),
('4', '4'),
('13', '47'),
('7', '22'),
('48', '39'),
('34', '15'),
('15', '3'),
('10', '48'),
('52', '41'),
('6', '11'),
('24', '5'),
('37', '28'),
('43', '31'),
('47', '30'),
('67', '14'),
('90', '10'),
('14', '18'),
('5', '44'),
('49', '36'),
('53', '45');



INSERT INTO `resale_transactions` (`buyer_queue_id`, `seller_queue_id`, `transaction_date`) VALUES
('35', '19', '2024-08-14 20:42:02'),
('22', '11', '2024-10-12 02:26:09'),
('12', '12', '2024-09-04 06:11:57'),
('38', '13', '2025-03-17 03:44:06'),
('15', '30', '2024-06-18 14:32:52'),
('20', '14', '2025-01-23 09:40:32'),
('7', '16', '2024-07-13 12:57:37'),
('4', '2', '2024-06-25 10:07:06'),
('16', '3', '2025-03-14 20:08:59'),
('28', '22', '2025-01-19 11:02:24'),
('21', '23', '2025-02-25 20:47:07'),
('10', '8', '2025-04-11 08:06:41'),
('19', '27', '2024-06-11 03:04:38'),
('9', '29', '2025-03-24 01:46:27'),
('34', '4', '2024-12-30 00:59:59'),
('13', '21', '2025-04-13 00:40:24'),
('17', '6', '2025-01-07 11:20:15'),
('5', '5', '2024-08-05 07:42:38'),
('40', '1', '2025-03-08 01:24:45'),
('23', '9', '2024-12-30 02:28:33');


-- fabricate-flush


INSERT INTO `seller_queue` (`id`, `visitor_id`, `ticket_id`, `list_date`, `status`) VALUES
(1, '54', '3815765751761', '2024-07-31 20:46:06', 'pending'),
(2, '27', '1242820837318', '2025-03-08 21:55:58', 'sold'),
(3, '84', '9001621985312', '2024-11-02 02:34:50', 'cancelled'),
(4, '85', '0277978230648', '2024-12-23 07:33:10', 'cancelled'),
(5, '36', '6291144059732', '2024-12-02 10:39:08', 'pending'),
(6, '77', '7971840143966', '2024-08-26 02:47:50', 'sold'),
(7, '17', '7023700454516', '2024-07-06 21:26:17', 'pending'),
(8, '13', '2349119884218', '2025-02-24 16:33:15', 'sold'),
(9, '91', '5847157779533', '2025-01-21 01:04:32', 'cancelled'),
(10, '34', '3079366681479', '2024-08-04 05:45:16', 'sold'),
(11, '15', '5516320000101', '2024-09-27 19:41:39', 'cancelled'),
(12, '50', '2876295144227', '2024-12-14 18:01:38', 'pending'),
(13, '55', '9349194889670', '2025-02-03 19:33:44', 'sold'),
(14, '52', '6201602396703', '2025-02-07 18:34:31', 'cancelled'),
(15, '87', '9752745491324', '2024-11-15 23:30:41', 'pending'),
(16, '74', '9498164747021', '2024-07-26 03:29:34', 'cancelled'),
(17, '6', '7112485222655', '2024-06-15 10:56:33', 'pending'),
(18, '58', '8975281455646', '2024-09-22 06:57:35', 'sold'),
(19, '72', '9013813440456', '2025-03-14 18:36:31', 'pending'),
(20, '5', '2645039518588', '2024-12-03 12:14:29', 'sold'),
(21, '1', '7533057254637', '2024-07-16 07:12:17', 'cancelled'),
(22, '88', '9732558842862', '2024-07-29 14:25:54', 'cancelled'),
(23, '4', '8619053639389', '2024-08-27 09:48:32', 'pending'),
(24, '89', '8968133310654', '2025-03-21 11:47:42', 'sold'),
(25, '41', '8902345137665', '2024-09-25 15:24:29', 'pending'),
(26, '49', '3286713497489', '2024-07-28 06:57:52', 'sold'),
(27, '33', '3826748678278', '2024-09-20 07:59:40', 'cancelled'),
(28, '60', '3817164903732', '2024-07-09 06:55:48', 'cancelled'),
(29, '20', '5081341608877', '2024-11-28 16:42:15', 'pending'),
(30, '79', '6616962937763', '2024-11-09 14:40:22', 'sold');


-- fabricate-flush


INSERT INTO `staff` (`id`, `name`, `age`, `role`, `experience_level`) VALUES
(1, 'Waylin Matyasik', '44', 'technical', 'trainee'),
(2, 'Kelwin Richards', '53', 'security', 'intermediate'),
(3, 'Beth Ludl', '57', 'support', 'beginner'),
(4, 'Rory Hansod', '38', 'support', 'expert'),
(5, 'Leesa Rodolf', '37', 'technical', 'experienced'),
(6, 'Maxy Haycroft', '28', 'security', 'expert'),
(7, 'Ernestine Sircomb', '19', 'technical', 'experienced'),
(8, 'Lurette Gerram', '26', 'security', 'intermediate'),
(9, 'Olvan Allone', '57', 'support', 'trainee'),
(10, 'Philbert Witchalls', '72', 'security', 'beginner'),
(11, 'Francesca Elks', '43', 'support', 'experienced'),
(12, 'Zilvia Bullivent', '24', 'technical', 'intermediate'),
(13, 'Brandais Nansom', '27', 'security', 'trainee'),
(14, 'Dmitri Gourlay', '58', 'support', 'beginner'),
(15, 'Tobi Noke', '60', 'technical', 'expert'),
(16, 'Barrie Daice', '74', 'support', 'trainee'),
(17, 'Jolyn Sturney', '39', 'technical', 'intermediate'),
(18, 'Burl Tunuy', '57', 'security', 'experienced'),
(19, 'Rodolphe Cahillane', '21', 'technical', 'beginner'),
(20, 'Guglielmo McKeag', '41', 'security', 'expert'),
(21, 'Rudyard Skeene', '48', 'support', 'expert'),
(22, 'Siobhan Gutherson', '62', 'support', 'trainee'),
(23, 'Merrel Ormiston', '52', 'technical', 'intermediate'),
(24, 'Elston Colles', '69', 'security', 'beginner'),
(25, 'Cosmo Spiers', '71', 'technical', 'experienced'),
(26, 'Delphinia McCard', '69', 'security', 'intermediate'),
(27, 'Phillida Frankish', '40', 'support', 'trainee'),
(28, 'Pinchas Garrould', '51', 'support', 'experienced'),
(29, 'Alika Doret', '46', 'technical', 'beginner'),
(30, 'Roderic Braun', '51', 'security', 'expert'),
(31, 'Clementina Spellesy', '18', 'technical', 'experienced'),
(32, 'Alexander Eastmond', '44', 'security', 'beginner'),
(33, 'Catharine Knowlton', '70', 'support', 'expert'),
(34, 'Maible Norster', '45', 'security', 'intermediate'),
(35, 'Garth Croysdale', '59', 'support', 'trainee'),
(36, 'Eadie Reihm', '70', 'technical', 'trainee'),
(37, 'Nester Leavry', '22', 'support', 'experienced'),
(38, 'Dulcea Viggars', '71', 'technical', 'beginner'),
(39, 'Aubry Davidy', '42', 'security', 'expert'),
(40, 'Beatriz Yeldon', '62', 'technical', 'intermediate'),
(41, 'Marianna Fewtrell', '31', 'security', 'beginner'),
(42, 'Crissie Tatersale', '25', 'support', 'expert'),
(43, 'Cece Pentelow', '28', 'support', 'trainee'),
(44, 'Baird Sales', '68', 'technical', 'intermediate'),
(45, 'Baron Harry', '44', 'security', 'experienced'),
(46, 'Samantha Lidster', '52', 'security', 'trainee'),
(47, 'Isahella Galbreth', '31', 'support', 'experienced'),
(48, 'Monica Scarfe', '63', 'technical', 'beginner'),
(49, 'Francklyn Barribal', '56', 'support', 'expert'),
(50, 'Coralie Yeulet', '25', 'technical', 'intermediate'),
(51, 'Katie Thunder', '66', 'security', 'expert'),
(52, 'Darby Hassall', '67', 'security', 'trainee'),
(53, 'Valaria Vesco', '21', 'support', 'intermediate'),
(54, 'Kleon Bayford', '32', 'technical', 'beginner'),
(55, 'Pascale Kasperski', '24', 'security', 'experienced'),
(56, 'Chrysler Kosel', '61', 'support', 'trainee'),
(57, 'Georgena Barhems', '26', 'technical', 'beginner'),
(58, 'Dagmar Peppard', '56', 'technical', 'expert'),
(59, 'Fabien Drinkhall', '68', 'security', 'experienced'),
(60, 'Brooks Tupling', '43', 'support', 'intermediate');


-- fabricate-flush


INSERT INTO `tickets` (`EAN13`, `category`, `purchase_date`, `price`, `payment_method`, `isActivated`, `event_id`) VALUES
('7271623962342', 'VIP', '2021-03-15', '59.99', 'CC', '0', '36'),
('9364967076598', 'BaS', '2018-11-30', '19.99', 'CC', '0', '71'),
('7533057254637', 'GA', '2020-08-25', '59.99', 'CC', '0', '18'),
('7971840143966', 'BaS', '2021-03-01', '24.99', 'BC', '0', '20'),
('3308497314717', 'GA', '2023-07-10', '49.99', 'DC', '1', '6'),
('3063743840030', 'VIP', '2027-05-20', '129.99', 'CC', '1', '51'),
('7952802862956', 'GA', '2019-10-12', '12.99', 'BC', '1', '11'),
('0969179697389', 'VIP', '2019-10-15', '19.99', 'CC', '0', '32'),
('2853385844016', 'BaS', '2018-11-25', '99.99', 'DC', '1', '60'),
('0412638461524', 'GA', '2023-07-15', '25.99', 'CC', '0', '26'),
('9349194889670', 'VIP', '2027-05-01', '3.79', 'CC', '1', '10'),
('0044593502713', 'BaS', '2024-03-25', '12.99', 'DC', '1', '57'),
('2179818699709', 'BaS', '2024-03-10', '3.79', 'CC', '1', '63'),
('0589942095545', 'GA', '2023-07-20', '2.49', 'CC', '0', '34'),
('1211427294110', 'VIP', '2025-07-20', '4.99', 'BC', '1', '29'),
('1888233912258', 'VIP', '2024-09-15', '25.99', 'CC', '0', '79'),
('3470852243281', 'BaS', '2027-05-10', '34.99', 'DC', '0', '31'),
('4115406286630', 'GA', '2020-08-01', '22.99', 'CC', '1', '5'),
('9752745491324', 'VIP', '2018-11-20', '27.99', 'CC', '1', '23'),
('5847157779533', 'BaS', '2022-01-15', '2.89', 'BC', '1', '47'),
('8237848533880', 'GA', '2024-03-20', '3.49', 'CC', '1', '42'),
('8141607086542', 'GA', '2023-08-01', '18.99', 'BC', '0', '41'),
('8572567544102', 'VIP', '2026-08-20', '49.99', 'DC', '0', '59'),
('9486784189018', 'BaS', '2027-05-01', '3.99', 'CC', '0', '73'),
('6281029904167', 'GA', '2025-07-10', '69.99', 'CC', '0', '38'),
('9831490601319', 'VIP', '2026-08-01', '2.29', 'BC', '1', '1'),
('6201602396703', 'BaS', '2025-06-15', '4.99', 'DC', '0', '14'),
('3584113015574', 'BaS', '2021-03-05', '14.99', 'CC', '1', '27'),
('9001621985312', 'GA', '2026-08-10', '24.99', 'CC', '1', '78'),
('6657518153266', 'VIP', '2022-01-20', '399.99', 'CC', '0', '68'),
('9013813440456', 'BaS', '2026-08-25', '14.99', 'CC', '1', '28'),
('2512201084297', 'GA', '2020-08-25', '79.99', 'BC', '1', '75'),
('8176348127041', 'VIP', '2023-08-01', '22.99', 'CC', '1', '52'),
('1015838458237', 'BaS', '2026-08-25', '2.5', 'DC', '0', '67'),
('8619053639389', 'GA', '2019-10-15', '2.29', 'CC', '1', '45'),
('5405974106863', 'VIP', '2024-03-10', '3.49', 'CC', '1', '40'),
('8361291730277', 'GA', '2020-08-10', '24.99', 'DC', '1', '37'),
('2645039518588', 'VIP', '2020-08-15', '29.99', 'CC', '1', '64'),
('2898415118916', 'BaS', '2019-10-15', '24.99', 'CC', '0', '58'),
('4696800639607', 'GA', '2024-03-15', '6.29', 'BC', '0', '17'),
('0994734544375', 'VIP', '2019-10-20', '29.99', 'CC', '1', '66'),
('6291144059732', 'BaS', '2020-08-25', '59.99', 'BC', '0', '21'),
('4788603894320', 'GA', '2021-03-01', '39.99', 'CC', '1', '77'),
('5075875096049', 'VIP', '2018-11-25', '39.99', 'DC', '0', '2'),
('2403113137836', 'BaS', '2019-10-10', '14.99', 'CC', '1', '8'),
('9025514298287', 'BaS', '2023-07-25', '39.99', 'CC', '1', '12'),
('6405563465298', 'GA', '2024-03-15', '79.99', 'BC', '0', '24'),
('3286713497489', 'VIP', '2025-07-10', '1.99', 'DC', '0', '7'),
('0414061192938', 'GA', '2018-11-25', '8.99', 'CC', '1', '19'),
('9066377081973', 'VIP', '2027-05-01', '89.99', 'CC', '1', '15'),
('8902345137665', 'BaS', '2022-01-20', '39.99', 'CC', '0', '55'),
('0694560650911', 'BaS', '2022-01-10', '3.79', 'CC', '0', '9'),
('8662519134658', 'GA', '2025-07-20', '29.99', 'BC', '0', '44'),
('9732558842862', 'VIP', '2020-08-20', '199.99', 'DC', '0', '54'),
('3826748678278', 'VIP', '2024-03-15', '4.99', 'CC', '0', '3'),
('4275625189958', 'BaS', '2023-07-15', '39.99', 'CC', '0', '80'),
('8591746216629', 'GA', '2027-05-15', '69.99', 'DC', '1', '50'),
('5516320000101', 'BaS', '2022-01-15', '19.99', 'CC', '0', '76'),
('6616962937763', 'GA', '2021-03-25', '2.49', 'BC', '1', '49'),
('1744760843990', 'VIP', '2020-08-25', '4.89', 'CC', '1', '43'),
('5311122782505', 'VIP', '2026-08-20', '3.29', 'CC', '1', '16'),
('6710186523749', 'BaS', '2018-11-25', '79.99', 'CC', '0', '69'),
('7069868360795', 'GA', '2027-05-01', '59.99', 'BC', '1', '61'),
('7112485222655', 'VIP', '2019-10-10', '99.99', 'CC', '0', '25'),
('9817339266309', 'BaS', '2023-07-20', '39.99', 'DC', '0', '62'),
('1896255682230', 'GA', '2022-01-15', '29.99', 'CC', '1', '22'),
('2959076930468', 'BaS', '2026-08-25', '15.99', 'CC', '0', '46'),
('9891966711325', 'GA', '2021-03-10', '15.99', 'BC', '0', '70'),
('4757747498429', 'VIP', '2025-07-10', '2.99', 'DC', '1', '72'),
('9498164747021', 'VIP', '2022-01-10', '109.99', 'CC', '0', '39'),
('0207075880120', 'BaS', '2019-10-15', '89.99', 'CC', '1', '74'),
('8646386247173', 'GA', '2025-07-15', '14.99', 'BC', '0', '65'),
('2876295144227', 'VIP', '2025-07-25', '24.99', 'DC', '1', '56'),
('1242820837318', 'BaS', '2021-03-01', '29.99', 'CC', '0', '4'),
('1640541917268', 'GA', '2021-03-20', '15.99', 'CC', '1', '53'),
('3381039113334', 'VIP', '2022-01-15', '49.99', 'CC', '1', '13'),
('3817164903732', 'BaS', '2018-11-30', '4.49', 'BC', '1', '48'),
('9957998772652', 'GA', '2026-08-15', '34.99', 'DC', '0', '33'),
('5081341608877', 'VIP', '2027-05-15', '19.99', 'CC', '1', '30'),
('4185048846551', 'BaS', '2018-12-01', '2.49', 'CC', '1', '35'),
('7023700454516', 'GA', '2026-08-10', '18.99', 'CC', '0', '59'),
('4244800501734', 'BaS', '2021-03-15', '3.29', 'BC', '1', '53'),
('7903876543402', 'GA', '2024-01-10', '19.99', 'CC', '1', '57'),
('8203417151703', 'VIP', '2018-11-25', '3.99', 'CC', '1', '71'),
('3079366681479', 'VIP', '2022-01-10', '3.49', 'DC', '1', '76'),
('7695687213020', 'BaS', '2025-07-15', '79.99', 'CC', '0', '65'),
('8897949846593', 'GA', '2026-08-15', '19.99', 'CC', '0', '1'),
('9070596878870', 'BaS', '2018-11-30', '89.99', 'BC', '0', '48'),
('8975281455646', 'GA', '2026-08-20', '6.49', 'CC', '0', '67'),
('3815765751761', 'VIP', '2018-11-15', '2.99', 'DC', '0', '23'),
('6295254640330', 'BaS', '2023-07-25', '14.99', 'CC', '1', '12'),
('6602714993107', 'GA', '2019-10-15', '2.49', 'CC', '0', '66'),
('6501093734772', 'VIP', '2019-10-01', '2.99', 'BC', '1', '32'),
('8679006070435', 'VIP', '2023-08-01', '14.99', 'CC', '0', '41'),
('5869741575017', 'BaS', '2018-11-25', '14.99', 'DC', '1', '19'),
('8968133310654', 'GA', '2024-03-10', '59.99', 'BC', '0', '24'),
('7784818870086', 'GA', '2021-03-10', '54.99', 'DC', '0', '70'),
('0277978230648', 'VIP', '2020-08-15', '22.99', 'CC', '0', '5'),
('2349119884218', 'BaS', '2026-08-10', '22.99', 'CC', '0', '16'),
('9890195060585', 'GA', '2026-08-25', '34.99', 'CC', '1', '28');


-- fabricate-flush


INSERT INTO `venue` (`id`, `name`, `description`, `max_capacity`, `technical_requirements`) VALUES
(1, 'odd-sun-8138', 'Quos quidem video esse a nostris.', '39793', 'Et quidem se texit, ne interiret. -- At magnum periculum adiit. -- In oculis quidem exercitus.'),
(2, 'withered-wood-3159', 'Quicquam sine causa eripuit atomis nec tamen id, cuius causa haec.', '31222', 'Adipisci velit, sed quia non numquam eius modi esse iudico, ut nihil homine videatur.'),
(3, 'weathered-lake-8733', 'Seditione beata esse potest nec in malis dolor, non existimant oportere nimium nos causae confidere, sed et argumentandum et accurate disserendum et rationibus conquisitis de voluptate et dolore disputandum putant. Sed ut omittam pericula, labores, dolorem etiam, quem optimus quisque pro patria et pro suis suscipit, ut non modo non repugnantibus, verum.', '20194', 'Angore et metu maximeque cruciantur, cum sero sentiunt frustra se aut pecuniae studuisse aut imperiis aut opibus aut gloriae. Nullas enim consequuntur voluptates, quarum potiendi spe inflammati multos labores magnosque susceperant. Ecce autem.'),
(4, 'tiny-union-4656', 'Paene loquuntur magistra ac duce natura nihil esse prosperum nisi voluptatem, nihil asperum nisi dolorem, de quibus et ab Epicuro reprehensa et correcta permulta. Nunc dicam de voluptate, a meque ei responsum, cum.', '13702', 'Expetenda, fugiendus dolor sit. Sentiri haec putat, ut calere ignem, nivem esse albam, dulce mel. Quorum.'),
(5, 'young-flower-2205', 'Temperantia est enim, quod tibi parum videtur eruditus, ea causa est, quod huc possit, quod melius sit, migrare de vita. His rebus instructus semper est in voluptate. Neque enim disputari sine reprehensione nec cum iracundia aut pertinacia recte disputari.', '10428', 'Astris contereret, quae et splendide dicta sint neque sint conversa de Graecis?'),
(6, 'lingering-truth-7756', 'Sibi, quibus non solum praesentibus fruuntur, sed etiam effectrices sunt voluptatum tam amicis quam sibi, quibus non solum praesentibus fruuntur, sed etiam praetereat omnes voluptates, dolores denique quosvis suscipere malit quam deserere ullam officii partem, ad ea, quae sint quaeque cernantur, omnia, eumque motum atomorum nullo a principio.', '42078', 'Quod quaeritur saepe, cur tam multi sint Epicurei, sunt aliae quoque causae, sed multitudinem haec maxime allicit, quod ita putant dici ab illo, recta et honesta quae sint, ea facere ipsa per se esse expetendam et dolorem ipsum per se.'),
(7, 'little-hat-1704', 'Multis voluptatibus, cum ipsi naturae patrioque amori praetulerit ius maiestatis atque imperii. Quid? T. Torquatus, is qui consul cum Cn. Octavio fuit, cum illam.', '16238', 'Tenetur a sapiente delectus, ut aut reiciendis voluptatibus maiores alias.'),
(8, 'super-water-2556', 'Debemus, qui hac exaudita quasi voce naturae sic eam firme graviterque comprehenderit, ut omnes bene sanos ad iustitiam, aequitatem, fidem, neque homini infanti aut inpotenti iniuste facta conducunt, qui nec facile efficere.', '37357', 'Quas ad beate vivendum se ipsa allicit.'),
(9, 'holy-scene-1291', 'Disputationi vel maxime necessarius de amicitia, quam, si voluptas esset bonum, fuisse desideraturam. Idcirco enim non desideraret, quia, quod dolore caret, id in voluptate esse aut in liberos atque in sanguinem suum.', '28080', 'Aut ad bene vivendum aptior partitio quam.'),
(10, 'little-waterfall-3678', 'Efficere possimus, molestia liberemus. Ut enim mortis metu omnis quietae vitae status perturbatur, et ut succumbere doloribus eosque humili animo inbecilloque ferre miserum est, ob eamque causam propter voluptatem et parvam et non necessariam et quae sequamur et quae fugiamus.', '33600', 'Tenebo, si ob aliquam causam ista, quae sine dubio praeclara sunt, fecerint, virtutem iis per se ipsa esse contentam. Sed possunt haec quadam ratione dici non necesse est. Tribus igitur modis video esse a nostris de amicitia dicenda sunt. Praeclare enim Epicurus his paene verbis: ''Eadem'', inquit, ''scientia confirmavit animum, ne quod aut sempiternum aut diuturnum.'),
(11, 'still-sun-8409', 'Est. Quam a nobis philosophia defensa et collaudata est, cum id, quod maxime placeat, facere possimus, omnis voluptas.', '40344', 'Recte ferentur, primum erit hoc quasi, provincias atomis dare, quae recte, quae oblique.'),
(12, 'shinny-dust-5992', 'Cadere causa, si qui incurrunt, numquam vim tantam habent, ut non plus voluptatum habeat quam dolorum.', '15894', 'Graecis Latine scripta deterius. Quibus ego assentior, dum modo de isdem rebus ne Graecos quidem legendos putent. Res vero bonas verbis electis graviter ornateque dictas quis non legat? Nisi qui se plane.'),
(13, 'holy-snowflake-0688', 'Provocarem quam ut ipse constituit, e regione ferrentur et, ut modo docui, cognitionis regula et.', '25920', 'Est, habeo quae velim. An me, inquam, nisi te audire vellem, censes haec dicturum fuisse? Utrum.'),
(14, 'aged-cherry-7600', 'Imbutus quietus esse numquam potest. Praeterea bona praeterita grata recordatione renovata delectant. Est autem situm in nobis ut et adversa quasi perpetua oblivione obruamus et secunda.', '11939', 'Hoc tempus numquam est contra mortis timorem et constantia contra metum religionis et sedatio animi omnium rerum occultarum ignoratione sublata et moderatio natura cupiditatum.'),
(15, 'hushy-term-0518', 'Ea quidem angusta, quam magnos quantaque amoris conspiratione consentientis tenuit amicorum greges! Quod fit etiam nunc ab Epicureis. Sed ad haec.', '34124', 'Dicas, quid non probes. Principio, inquam, in physicis, quibus maxime gloriatur, primum totus est alienus. Democritea dicit perpauca mutans, sed ita.'),
(16, 'flat-bush-9204', 'Esset, quae quasi titillaret sensus, ut.', '44925', 'Quibusdam, et iis servire, qui vel utrisque litteris uti velint vel, si suas habent, illas non magnopere desiderent. Qui autem alia malunt scribi a.'),
(17, 'weathered-wave-8213', 'Oriantur et intereant cotidie. Quae etsi mihi nullo modo sine amicitia firmam.', '45137', 'Voluptatibus, cum ipsi naturae patrioque amori praetulerit ius maiestatis atque imperii. Quid? T. Torquatus, is qui consul cum Cn. Octavio fuit, cum illam severitatem in eo essent. Quae.'),
(18, 'shinny-morning-8054', 'Etsi sit elegans, personae tamen et dignitatis esse negent. Contra quos omnis dicendum breviter existimo. Quamquam philosophiae quidem vituperatoribus satis responsum est eo libro, quo a nobis explicatam esse his litteris arbitramur, in quibus, quantum potuimus.', '23663', 'Et falsi putat. Confirmat autem illud vel maxime, quod ipsa natura incorrupte atque integre iudicante. Itaque negat opus esse ratione neque disputatione.'),
(19, 'shy-water-8590', 'Detractis et omnium falsarum opinionum temeritate derepta.', '40849', 'Sit, ratio ipsa monet amicitias comparare, quibus partis confirmatur animus.'),
(20, 'black-math-1073', 'Nulla praeda umquam improbe parta minuit, sed potius inflammat, ut coercendi magis quam dedocendi esse videantur. Invitat igitur vera ratio bene sanos ad iustitiam, aequitatem, fidem, neque homini infanti aut inpotenti iniuste facta conducunt, qui nec.', '49002', 'Et oriantur et intereant cotidie. Quae etsi mihi nullo modo nec divelli nec distrahi possint, sic de iustitia iudicandum est, quae non modo singulos homines, sed universas familias evertunt, totam etiam labefactant saepe rem publicam. Ex.'),
(21, 'purple-atom-7210', 'Salutatus Athenis Albucius. Quem quidem locum comit multa venustate et omni sale idem Lucilius, apud quem praeclare Scaevola: Graecum te, Albuci, quam Romanum atque Sabinum, municipem Ponti.', '26343', 'Nostri poetae fabulas, male, credo, mererer de meis civibus, si ad eorum.'),
(22, 'broken-credit-2955', 'Quae ad amicos pertinerent, negarent esse per se esset et virtus et cognitio rerum, quod minime ille vult expetenda. Haec igitur Epicuri non probo, inquam. De cetero vellem equidem aut ipse doctrinis fuisset instructior -- est enim, quod tibi ita videri necesse est, non satis politus iis artibus, quas qui tenent, eruditi appellantur -- aut ne.', '14208', 'Consequi, nisi in voluptatis locum dolor forte successerit, at contra gaudere nosmet omittendis doloribus, etiamsi voluptas ea, quae praeterierunt, acri animo et corpore voluptatibus.'),
(23, 'withered-hola-0629', 'Expectamus, sic laetamur iis, quae et a spe pariendarum voluptatum seiungi non potest. Atque ut odia, invidiae, despicationes adversantur voluptatibus, sic amicitiae non posse reperiri. Quapropter.', '5472', 'Autem, quibus ego assentior, dum modo de isdem rebus ne Graecos quidem legendos putent. Res vero bonas verbis electis graviter ornateque dictas quis non legat? Nisi qui se plane Graecum dici velit.'),
(24, 'blue-voice-7030', 'Voluptate conectitur. Nam et praeterita et futura. Ut enim sapientiam, temperantiam, fortitudinem copulatas esse docui cum voluptate, ut ab ea nullo modo sine amicitia.', '5291', 'Iudiciorumque poenis obligantur. Qui autem ita frui volunt voluptatibus, ut nulli.'),
(25, 'sparkling-feather-7320', 'Amicitiam tueri, nisi aeque amicos et nosmet ipsos diligamus, idcirco et hoc ipsum efficitur in.', '30107', 'Error omnis imperitorum intellegaturque ea, quae dices, libenter assentiar. Probabo, inquit, modo ista sis aequitate, quam ostendis. Sed uti oratione perpetua malo quam interrogare.'),
(26, 'gentle-butterfly-1070', 'Sed quid probarem. Quid igitur est? Inquit; audire enim cupio, quid non probes. Principio, inquam, in physicis, quibus maxime gloriatur, primum totus est alienus. Democritea dicit perpauca mutans, sed ita, ut ea, quae dices, libenter assentiar. Probabo, inquit, modo ista sis aequitate, quam ostendis. Sed uti oratione perpetua malo quam interrogare aut.', '1007', 'Transferam, et maxime ab iis, quos modo nominavi, cum inciderit, ut id meo arbitratu facerem, ante hoc tempus numquam est voluptas ipsa quae qualisque sit, ut tollatur error omnis imperitorum intellegaturque ea, quae dices, libenter assentiar. Probabo, inquit, modo ista.'),
(27, 'hushy-thunder-3274', 'Voluptatis et liberae potest. Atqui pugnantibus et contrariis studiis consiliisque semper utens nihil quieti videre, nihil tranquilli potest. Quodsi corporis gravioribus morbis vitae iucunditas.', '2548', 'Modo legant illa ipsa, ne simulent, et iis quidem non admodum flagitem. Re mihi non aeque satisfacit, et quidem locis pluribus. Sed quot homines.'),
(28, 'royal-glitter-8957', 'Falsarum opinionum temeritate derepta certissimam se nobis ducem praebeat ad voluptatem. Sapientia enim est una, quae maestitiam pellat ex animis, quae nos exhorrescere metu non sinat. Qua praeceptrice in tranquillitate vivi potest omnium cupiditatum ardore restincto. Cupiditates enim sunt insatiabiles.', '27295', 'Satis eruditi videntur, quibus nostra ignota sunt. An ''Utinam ne in nemore . . .'' nihilo minus legimus.'),
(29, 'orange-fire-2320', 'Legimus quam hoc idem Graecum, quae autem tanta ex improbis factis ad.', '49458', 'Esset bonum, desideraret.'' -- Ita credo. -- ''Non est igitur voluptas bonum.'' Hoc ne.'),
(30, 'damp-violet-5510', 'Mortem nec dolorem timentis, quod mors sensu careat, dolor in reprehenderit in voluptate ponatur, sed.', '37514', 'Nisi iucunde. Neque enim civitas in seditione beata esse potest nec in malis dolor, non existimant oportere nimium nos causae confidere, sed et argumentandum et accurate disserendum et rationibus conquisitis de voluptate et dolore magna aliqua. Ut enim ad minim.');


-- fabricate-flush


INSERT INTO `visitor` (`id`, `first_name`, `last_name`, `age`, `email`, `phone`) VALUES
(1, 'Waylin', 'Matyasik', '107', 'waylin.matyasik@hotmail.co.uk', '7160730000'),
(2, 'Kelwin', 'Richards', '11', 'kelwin.richards@yandex.ru', '8166860000'),
(3, 'Beth', 'Ludl', '57', 'beth.ludl@comcast.net', '2148340000'),
(4, 'Rory', 'Hansod', '69', 'rory.hansod@hotmail.com', '8180830000'),
(5, 'Leesa', 'Rodolf', '97', 'leesa.rodolf@yahoo.com', '5621680000'),
(6, 'Maxy', 'Haycroft', '54', 'maxy.haycroft@orange.fr', '5054650000'),
(7, 'Ernestine', 'Sircomb', '44', 'ernestine.sircomb@hotmail.com', '9161190000'),
(8, 'Lurette', 'Gerram', '23', 'lurette.gerram@gmail.com', '6146640000'),
(9, 'Olvan', 'Allone', '52', 'olvan.allone@yahoo.fr', '5049880000'),
(10, 'Philbert', 'Witchalls', '64', 'philbert.witchalls@yahoo.com', '6197930000'),
(11, 'Francesca', 'Elks', '38', 'francesca.elks@hotmail.com', '8052380000'),
(12, 'Zilvia', 'Bullivent', '90', 'zilvia.bullivent@hotmail.com', '5856380000'),
(13, 'Brandais', 'Nansom', '13', 'brandais.nansom@yahoo.com', '2409960000'),
(14, 'Dmitri', 'Gourlay', '87', 'dmitri.gourlay@hotmail.com', '8595290000'),
(15, 'Tobi', 'Noke', '45', 'tobi.noke@wanadoo.fr', '2121850000'),
(16, 'Barrie', 'Daice', '87', 'barrie.daice@gmail.com', '9186180000'),
(17, 'Jolyn', 'Sturney', '49', 'jolyn.sturney@gmail.com', '6033510000'),
(18, 'Burl', 'Tunuy', '23', 'burl.tunuy@yahoo.com', '9152220000'),
(19, 'Rodolphe', 'Cahillane', '72', 'rodolphe.cahillane@mail.ru', '9191890000'),
(20, 'Guglielmo', 'McKeag', '26', 'guglielmo.mckeag@gmail.com', '4128360000'),
(21, 'Rudyard', 'Skeene', '38', 'rudyard.skeene@gmail.com', '5704660000'),
(22, 'Siobhan', 'Gutherson', '26', 'siobhan.gutherson@gmail.com', '2089680000'),
(23, 'Merrel', 'Ormiston', '53', 'merrel.ormiston@gmail.com', '9081330000'),
(24, 'Elston', 'Colles', '18', 'elston.colles@bol.com.br', '2105900000'),
(25, 'Cosmo', 'Spiers', '13', 'cosmo.spiers@yahoo.com', '4199760000'),
(26, 'Delphinia', 'McCard', '69', 'delphinia.mccard@live.fr', '7272340000'),
(27, 'Phillida', 'Frankish', '15', 'phillida.frankish@yahoo.com', '8453840000'),
(28, 'Pinchas', 'Garrould', '98', 'pinchas.garrould@gmail.com', '2518460000'),
(29, 'Alika', 'Doret', '67', 'alika.doret@gmail.com', '2814600000'),
(30, 'Roderic', 'Braun', '110', 'roderic.braun@comcast.net', '6088780000'),
(31, 'Clementina', 'Spellesy', '31', 'clementina.spellesy@bigpond.com', '5185630000'),
(32, 'Alexander', 'Eastmond', '31', 'alexander.eastmond@yahoo.com.br', '9150920000'),
(33, 'Catharine', 'Knowlton', '89', 'catharine.knowlton@hotmail.com', '5059430000'),
(34, 'Maible', 'Norster', '96', 'maible.norster@hotmail.com', '2028360000'),
(35, 'Garth', 'Croysdale', '9', 'garth.croysdale@gmail.com', '4126880000'),
(36, 'Eadie', 'Reihm', '101', 'eadie.reihm@msn.com', '9369940000'),
(37, 'Nester', 'Leavry', '67', 'nester.leavry@uol.com.br', '9529070000'),
(38, 'Dulcea', 'Viggars', '96', 'dulcea.viggars@hotmail.com', '6230340000'),
(39, 'Aubry', 'Davidy', '60', 'aubry.davidy@tiscali.it', '4845450000'),
(40, 'Beatriz', 'Yeldon', '94', 'beatriz.yeldon@hotmail.com', '2094870000'),
(41, 'Marianna', 'Fewtrell', '40', 'marianna.fewtrell@bigpond.com', '6264490000'),
(42, 'Crissie', 'Tatersale', '45', 'crissie.tatersale@yahoo.com', '8185860000'),
(43, 'Cece', 'Pentelow', '92', 'cece.pentelow@hotmail.com', '6024110000'),
(44, 'Baird', 'Sales', '40', 'baird.sales@yahoo.com', '5858640000'),
(45, 'Baron', 'Harry', '38', 'baron.harry@mail.ru', '7709650000'),
(46, 'Samantha', 'Lidster', '23', 'samantha.lidster@yahoo.com', '7198500000'),
(47, 'Isahella', 'Galbreth', '72', 'isahella.galbreth@windstream.net', '2148740000'),
(48, 'Monica', 'Scarfe', '119', 'monica.scarfe@gmail.com', '7857780000'),
(49, 'Francklyn', 'Barribal', '103', 'francklyn.barribal@gmail.com', '3055500000'),
(50, 'Coralie', 'Yeulet', '67', 'coralie.yeulet@gmail.com', '2023900000'),
(51, 'Katie', 'Thunder', '18', 'katie.thunder@gmail.com', '4432520000'),
(52, 'Darby', 'Hassall', '48', 'darby.hassall@gmx.de', '3051780000'),
(53, 'Valaria', 'Vesco', '56', 'valaria.vesco@hotmail.com', '3605060000'),
(54, 'Kleon', 'Bayford', '41', 'kleon.bayford@gmail.com', '9541280000'),
(55, 'Pascale', 'Kasperski', '68', 'pascale.kasperski@hotmail.com', '7862080000'),
(56, 'Chrysler', 'Kosel', '102', 'chrysler.kosel@gmail.com', '8029270000'),
(57, 'Georgena', 'Barhems', '5', 'georgena.barhems@hotmail.com', '8036350000'),
(58, 'Dagmar', 'Peppard', '65', 'dagmar.peppard@hotmail.com', '9525910000'),
(59, 'Fabien', 'Drinkhall', '47', 'fabien.drinkhall@gmail.com', '3616350000'),
(60, 'Brooks', 'Tupling', '90', 'brooks.tupling@web.de', '4057040000'),
(61, 'Nerta', 'Rhoddie', '16', 'nerta.rhoddie@hotmail.com', '3362290000'),
(62, 'Mallorie', 'Limbert', '33', 'mallorie.limbert@cox.net', '4231640000'),
(63, 'Pavlov', 'Shepherdson', '52', 'pavlov.shepherdson@laposte.net', '9728910000'),
(64, 'Elisa', 'Archibald', '50', 'elisa.archibald@aol.com', '7863980000'),
(65, 'Maurita', 'Tomaello', '59', 'maurita.tomaello@yahoo.com.au', '7167820000'),
(66, 'Claiborn', 'Helgass', '9', 'claiborn.helgass@gmail.com', '8503850000'),
(67, 'Weston', 'Sobtka', '94', 'weston.sobtka@yahoo.com', '4122220000'),
(68, 'Jasmine', 'Estrella', '8', 'jasmine.estrella@gmail.com', '5097430000'),
(69, 'Latia', 'Woofendell', '114', 'latia.woofendell@yahoo.com', '2026480000'),
(70, 'Sadye', 'Pincked', '106', 'sadye.pincked@yahoo.com', '5631330000'),
(71, 'Geordie', 'Derricoat', '92', 'geordie.derricoat@aol.com', '5013540000'),
(72, 'Danyelle', 'Alsina', '43', 'danyelle.alsina@gmail.com', '3031210000'),
(73, 'Johny', 'MacAlester', '101', 'johny.macalester@gmail.com', '7024710000'),
(74, 'Fletch', 'Terrazzo', '68', 'fletch.terrazzo@hotmail.com', '8506680000'),
(75, 'Blake', 'Mewes', '14', 'blake.mewes@hotmail.com', '9709070000'),
(76, 'Maison', 'Dunseith', '13', 'maison.dunseith@gmail.com', '7278980000'),
(77, 'Mari', 'Terran', '106', 'mari.terran@yahoo.com', '8100150000'),
(78, 'Perkin', 'Connachan', '1', 'perkin.connachan@yahoo.com', '4053570000'),
(79, 'Kaja', 'Gilyott', '110', 'kaja.gilyott@bol.com.br', '5132320000'),
(80, 'Cassy', 'Kleinerman', '9', 'cassy.kleinerman@yahoo.co.uk', '8599680000'),
(81, 'Cory', 'Bishell', '11', 'cory.bishell@hotmail.com', '4235510000'),
(82, 'Craggy', 'Belton', '72', 'craggy.belton@me.com', '7271230000'),
(83, 'Sacha', 'Molfino', '48', 'sacha.molfino@hotmail.com', '8067330000'),
(84, 'Dacia', 'Sodory', '37', 'dacia.sodory@orange.fr', '9511790000'),
(85, 'Dyann', 'Kohrs', '66', 'dyann.kohrs@yahoo.com', '7751590000'),
(86, 'Lilah', 'Carrel', '89', 'lilah.carrel@yahoo.com', '7041060000'),
(87, 'Aeriel', 'De Ruggero', '32', 'aeriel.deruggero@hotmail.com', '9510000000'),
(88, 'Orrin', 'Denning', '97', 'orrin.denning@wanadoo.fr', '6020990000'),
(89, 'Francisco', 'Kaaskooper', '70', 'francisco.kaaskooper@yahoo.com', '3619210000'),
(90, 'Chet', 'Macon', '100', 'chet.macon@hotmail.com', '6143670000'),
(91, 'Antoine', 'Twelve', '10', 'antoine.twelve@hotmail.com', '7248920000'),
(92, 'Neron', 'Bathurst', '63', 'neron.bathurst@comcast.net', '7139020000'),
(93, 'Erich', 'Gigg', '92', 'erich.gigg@yahoo.com', '4806860000'),
(94, 'Raimund', 'Terzo', '23', 'raimund.terzo@gmail.com', '5742230000'),
(95, 'Idell', 'Vesty', '70', 'idell.vesty@yahoo.com', '4068470000');


-- fabricate-flush


INSERT INTO `visitor_tickets` (`visitor_id`, `ticket_id`) VALUES
('45', '0044593502713'),
('26', '0207075880120'),
('28', '0277978230648'),
('57', '0412638461524'),
('37', '0414061192938'),
('48', '0589942095545'),
('41', '0694560650911'),
('31', '0969179697389'),
('11', '0994734544375'),
('63', '1015838458237'),
('72', '1211427294110'),
('93', '1242820837318'),
('50', '1640541917268'),
('29', '1744760843990'),
('32', '1888233912258'),
('55', '1896255682230'),
('70', '2179818699709'),
('30', '2349119884218'),
('16', '2403113137836'),
('89', '2512201084297'),
('54', '2645039518588'),
('82', '2853385844016'),
('65', '2876295144227'),
('61', '2898415118916'),
('60', '2959076930468'),
('84', '3063743840030'),
('36', '3079366681479'),
('27', '3286713497489'),
('13', '3308497314717'),
('76', '3381039113334'),
('6', '3470852243281'),
('69', '3584113015574'),
('46', '3815765751761'),
('64', '3817164903732'),
('44', '3826748678278'),
('23', '4115406286630'),
('49', '4185048846551'),
('3', '4244800501734'),
('85', '4275625189958'),
('10', '4696800639607'),
('62', '4757747498429'),
('39', '4788603894320'),
('44', '5075875096049'),
('34', '5081341608877'),
('66', '5311122782505'),
('43', '5405974106863'),
('91', '5516320000101'),
('35', '5847157779533'),
('80', '5869741575017'),
('4', '6201602396703'),
('42', '6281029904167'),
('56', '6291144059732'),
('53', '6295254640330'),
('33', '6405563465298'),
('4', '6501093734772'),
('17', '6602714993107'),
('2', '6616962937763'),
('67', '6657518153266'),
('24', '6710186523749'),
('81', '7023700454516'),
('33', '7069868360795'),
('22', '7112485222655'),
('38', '7271623962342'),
('92', '7533057254637'),
('74', '7695687213020'),
('48', '7784818870086'),
('90', '7903876543402'),
('95', '7952802862956'),
('20', '7971840143966'),
('51', '8141607086542'),
('94', '8176348127041'),
('8', '8203417151703'),
('87', '8237848533880'),
('47', '8361291730277'),
('86', '8572567544102'),
('21', '8591746216629'),
('7', '8619053639389'),
('15', '8646386247173'),
('19', '8662519134658'),
('9', '8679006070435'),
('79', '8897949846593'),
('88', '8902345137665'),
('83', '8968133310654'),
('68', '8975281455646'),
('71', '9001621985312'),
('5', '9013813440456'),
('12', '9025514298287'),
('59', '9066377081973'),
('40', '9070596878870'),
('18', '9349194889670'),
('14', '9364967076598'),
('75', '9486784189018'),
('43', '9498164747021'),
('58', '9732558842862'),
('77', '9752745491324'),
('1', '9817339266309'),
('73', '9831490601319'),
('25', '9890195060585'),
('52', '9891966711325'),
('78', '9957998772652');


-- fabricate-flush


-- fabricate-flush

INSERT INTO rates (visitor_id, performance_id, evaluation_id, rating_date)
VALUES
(45, 53, 43, '2025-01-18 21:38:23'),
(26, 74, 19, '2024-11-07 09:24:15'), 
(37, 45, 39, '2024-10-11 23:23:47'),
(11, 100, 54, '2024-07-21 05:05:06'),
(11, 44, 8, '2024-11-05 15:50:54'),
(72, 69, 12, '2025-04-25 07:37:24'),
(50, 20, 48, '2025-03-09 06:27:57'),
(29, 49, 10, '2025-01-12 14:51:16'),
(55, 27, 72, '2025-03-01 13:45:34'),
(70, 76, 17, '2025-03-10 13:35:20'),
(16, 26, 22, '2025-02-16 22:20:39'),
(89, 64, 67, '2025-04-23 22:42:13'),
(89, 97, 70, '2024-10-05 03:15:58'),
(54, 54, 77, '2024-06-03 19:19:41'),
(82, 47, 4, '2024-11-15 11:06:33'),
(65, 2, 66, '2025-03-06 06:58:43'),
(84, 51, 53, '2024-08-14 17:48:23'),
(36, 5, 85, '2025-04-08 16:28:10'),
(13, 24, 58, '2024-07-19 16:40:11'),
(76, 3, 59, '2024-10-04 16:08:53'),
(69, 50, 41, '2024-10-24 12:14:51'),
(64, 66, 27, '2024-07-01 10:19:30'),
(23, 7, 18, '2024-09-19 08:50:55'),
(49, 1, 82, '2024-05-09 14:06:22'),
(49, 85, 23, '2024-10-15 11:06:47'),
(3, 20, 25, '2025-04-25 19:19:30'),
(62, 8, 78, '2024-12-21 05:27:05'),
(62, 84, 14, '2025-04-07 23:20:09'),
(39, 30, 24, '2025-01-26 12:06:54'),
(34, 67, 64, '2024-12-05 22:03:11'),
(66, 4, 62, '2024-06-03 17:17:52'),
(66, 90, 73, '2024-12-20 09:11:06'),
(43, 9, 28, '2024-09-24 22:52:56'),
(43, 82, 7, '2025-01-26 22:56:15'),
(35, 65, 44, '2024-12-03 19:55:19'),
(80, 45, 76, '2024-08-28 07:06:18'),
(53, 91, 35, '2024-12-21 12:52:19'),
(53, 36, 84, '2024-12-12 22:21:40'),
(4, 19, 2, '2025-01-29 00:41:27'),
(2, 61, 21, '2025-04-11 07:39:01'),
(33, 25, 74, '2024-09-11 13:46:51'),
(33, 81, 83, '2024-06-09 10:20:26'),
(90, 53, 68, '2024-07-06 14:25:58'),
(95, 15, 81, '2024-12-15 22:05:45'),
(94, 31, 80, '2024-07-13 17:19:34'),
(94, 98, 50, '2024-07-04 19:04:24'),
(8, 72, 56, '2025-01-16 05:00:43'),
(87, 40, 5, '2025-04-10 03:45:27'),
(47, 79, 15, '2024-08-14 15:36:51'),
(21, 87, 75, '2024-08-14 01:33:25');

-- fabricate-flush


SET FOREIGN_KEY_CHECKS = 1;